2026-06-05 11:34:07 | SCHEDULER STARTED
2026-06-05 11:34:07 | SCHEDULED WORKFLOW EXECUTION STARTED
2026-06-05 11:34:07 | WORKFLOW STARTED
2026-06-05 11:34:07 | STEP 0 STARTED - Environment Validation
2026-06-05 11:34:07 | STEP 0 COMPLETED - Environment Validation
2026-06-05 11:34:07 | STEP 1 STARTED - Monitoring Engine
2026-06-05 11:34:07 | MONITORING WORKFLOW STARTED
2026-06-05 11:34:07 | MONITORING WORKFLOW COMPLETED
2026-06-05 11:34:07 | STEP 1 COMPLETED - Monitoring Engine
2026-06-05 11:34:07 | STEP 2 STARTED - Collect Monitoring Results
2026-06-05 11:34:07 | STEP 2 COMPLETED - Collect Monitoring Results
2026-06-05 11:34:07 | STEP 3 STARTED - AI Analysis
2026-06-05 11:34:16 | STEP 3 COMPLETED - AI Analysis
2026-06-05 11:34:16 | STEP 4 STARTED - Report Generation
2026-06-05 11:34:16 | STEP 4 COMPLETED - Report Generation
2026-06-05 11:34:16 | REPORT FILE CREATED: reports/incident_report_20260605_113416.txt
2026-06-05 11:34:16 | STEP 5 STARTED - Notifications
2026-06-05 11:34:16 | NOTIFICATION WORKFLOW STARTED
2026-06-05 11:34:16 | NOTIFICATION WORKFLOW COMPLETED
2026-06-05 11:34:16 | STEP 5 COMPLETED - Notifications
2026-06-05 11:34:16 | STEP 6 STARTED - Save Report
2026-06-05 11:34:16 | STEP 6 COMPLETED - Save Report
2026-06-05 11:34:16 | WORKFLOW COMPLETED
2026-06-05 11:34:16 | SCHEDULED WORKFLOW EXECUTION COMPLETED
2026-06-05 11:39:16 | SCHEDULED WORKFLOW EXECUTION STARTED
2026-06-05 11:39:16 | WORKFLOW STARTED
2026-06-05 11:39:16 | STEP 0 STARTED - Environment Validation
2026-06-05 11:39:16 | STEP 0 COMPLETED - Environment Validation
2026-06-05 11:39:16 | STEP 1 STARTED - Monitoring Engine
2026-06-05 11:39:16 | MONITORING WORKFLOW STARTED
2026-06-05 11:39:16 | MONITORING WORKFLOW COMPLETED
2026-06-05 11:39:16 | STEP 1 COMPLETED - Monitoring Engine
2026-06-05 11:39:16 | STEP 2 STARTED - Collect Monitoring Results
2026-06-05 11:39:16 | STEP 2 COMPLETED - Collect Monitoring Results
2026-06-05 11:39:16 | STEP 3 STARTED - AI Analysis
2026-06-05 11:39:20 | STEP 3 COMPLETED - AI Analysis
2026-06-05 11:39:20 | STEP 4 STARTED - Report Generation
2026-06-05 11:39:20 | STEP 4 COMPLETED - Report Generation
2026-06-05 11:39:20 | REPORT FILE CREATED: reports/incident_report_20260605_113920.txt
2026-06-05 11:39:20 | STEP 5 STARTED - Notifications
2026-06-05 11:39:20 | NOTIFICATION WORKFLOW STARTED
2026-06-05 11:39:20 | NOTIFICATION WORKFLOW COMPLETED
2026-06-05 11:39:20 | STEP 5 COMPLETED - Notifications
2026-06-05 11:39:20 | STEP 6 STARTED - Save Report
2026-06-05 11:39:20 | STEP 6 COMPLETED - Save Report
2026-06-05 11:39:20 | WORKFLOW COMPLETED
2026-06-05 11:39:20 | SCHEDULED WORKFLOW EXECUTION COMPLETED
2026-06-05 11:44:20 | SCHEDULED WORKFLOW EXECUTION STARTED
2026-06-05 11:44:20 | WORKFLOW STARTED
2026-06-05 11:44:20 | STEP 0 STARTED - Environment Validation
2026-06-05 11:44:20 | STEP 0 COMPLETED - Environment Validation
2026-06-05 11:44:20 | STEP 1 STARTED - Monitoring Engine
2026-06-05 11:44:20 | MONITORING WORKFLOW STARTED
2026-06-05 11:44:20 | MONITORING WORKFLOW COMPLETED
2026-06-05 11:44:20 | STEP 1 COMPLETED - Monitoring Engine
2026-06-05 11:44:20 | STEP 2 STARTED - Collect Monitoring Results
2026-06-05 11:44:20 | STEP 2 COMPLETED - Collect Monitoring Results
2026-06-05 11:44:20 | STEP 3 STARTED - AI Analysis
2026-06-05 11:44:22 | STEP 3 COMPLETED - AI Analysis
2026-06-05 11:44:22 | STEP 4 STARTED - Report Generation
2026-06-05 11:44:22 | STEP 4 COMPLETED - Report Generation
2026-06-05 11:44:22 | REPORT FILE CREATED: reports/incident_report_20260605_114422.txt
2026-06-05 11:44:22 | STEP 5 STARTED - Notifications
2026-06-05 11:44:22 | NOTIFICATION WORKFLOW STARTED
2026-06-05 11:44:22 | NOTIFICATION WORKFLOW COMPLETED
2026-06-05 11:44:22 | STEP 5 COMPLETED - Notifications
2026-06-05 11:44:22 | STEP 6 STARTED - Save Report
2026-06-05 11:44:22 | STEP 6 COMPLETED - Save Report
2026-06-05 11:44:22 | WORKFLOW COMPLETED
2026-06-05 11:44:22 | SCHEDULED WORKFLOW EXECUTION COMPLETED
2026-06-05 11:49:22 | SCHEDULED WORKFLOW EXECUTION STARTED
2026-06-05 11:49:22 | WORKFLOW STARTED
2026-06-05 11:49:22 | STEP 0 STARTED - Environment Validation
2026-06-05 11:49:22 | STEP 0 COMPLETED - Environment Validation
2026-06-05 11:49:22 | STEP 1 STARTED - Monitoring Engine
2026-06-05 11:49:22 | MONITORING WORKFLOW STARTED
2026-06-05 11:49:23 | MONITORING WORKFLOW COMPLETED
2026-06-05 11:49:23 | STEP 1 COMPLETED - Monitoring Engine
2026-06-05 11:49:23 | STEP 2 STARTED - Collect Monitoring Results
2026-06-05 11:49:23 | STEP 2 COMPLETED - Collect Monitoring Results
2026-06-05 11:49:23 | STEP 3 STARTED - AI Analysis
2026-06-05 11:49:26 | STEP 3 COMPLETED - AI Analysis
2026-06-05 11:49:26 | STEP 4 STARTED - Report Generation
2026-06-05 11:49:26 | STEP 4 COMPLETED - Report Generation
2026-06-05 11:49:26 | REPORT FILE CREATED: reports/incident_report_20260605_114926.txt
2026-06-05 11:49:26 | STEP 5 STARTED - Notifications
2026-06-05 11:49:26 | NOTIFICATION WORKFLOW STARTED
2026-06-05 11:49:26 | NOTIFICATION WORKFLOW COMPLETED
2026-06-05 11:49:26 | STEP 5 COMPLETED - Notifications
2026-06-05 11:49:26 | STEP 6 STARTED - Save Report
2026-06-05 11:49:26 | STEP 6 COMPLETED - Save Report
2026-06-05 11:49:26 | WORKFLOW COMPLETED
2026-06-05 11:49:26 | SCHEDULED WORKFLOW EXECUTION COMPLETED
2026-06-05 11:54:26 | SCHEDULED WORKFLOW EXECUTION STARTED
2026-06-05 11:54:26 | WORKFLOW STARTED
2026-06-05 11:54:26 | STEP 0 STARTED - Environment Validation
2026-06-05 11:54:26 | STEP 0 COMPLETED - Environment Validation
2026-06-05 11:54:26 | STEP 1 STARTED - Monitoring Engine
2026-06-05 11:54:26 | MONITORING WORKFLOW STARTED
2026-06-05 11:54:26 | MONITORING WORKFLOW COMPLETED
2026-06-05 11:54:26 | STEP 1 COMPLETED - Monitoring Engine
2026-06-05 11:54:26 | STEP 2 STARTED - Collect Monitoring Results
2026-06-05 11:54:26 | STEP 2 COMPLETED - Collect Monitoring Results
2026-06-05 11:54:26 | STEP 3 STARTED - AI Analysis
2026-06-05 11:54:29 | STEP 3 COMPLETED - AI Analysis
2026-06-05 11:54:29 | STEP 4 STARTED - Report Generation
2026-06-05 11:54:29 | STEP 4 COMPLETED - Report Generation
2026-06-05 11:54:29 | REPORT FILE CREATED: reports/incident_report_20260605_115429.txt
2026-06-05 11:54:29 | STEP 5 STARTED - Notifications
2026-06-05 11:54:29 | NOTIFICATION WORKFLOW STARTED
2026-06-05 11:54:29 | NOTIFICATION WORKFLOW COMPLETED
2026-06-05 11:54:29 | STEP 5 COMPLETED - Notifications
2026-06-05 11:54:29 | STEP 6 STARTED - Save Report
2026-06-05 11:54:29 | STEP 6 COMPLETED - Save Report
2026-06-05 11:54:29 | WORKFLOW COMPLETED
2026-06-05 11:54:29 | SCHEDULED WORKFLOW EXECUTION COMPLETED
2026-06-05 11:59:29 | SCHEDULED WORKFLOW EXECUTION STARTED
2026-06-05 11:59:29 | WORKFLOW STARTED
2026-06-05 11:59:29 | STEP 0 STARTED - Environment Validation
2026-06-05 11:59:29 | STEP 0 COMPLETED - Environment Validation
2026-06-05 11:59:29 | STEP 1 STARTED - Monitoring Engine
2026-06-05 11:59:29 | MONITORING WORKFLOW STARTED
2026-06-05 11:59:29 | MONITORING WORKFLOW COMPLETED
2026-06-05 11:59:29 | STEP 1 COMPLETED - Monitoring Engine
2026-06-05 11:59:29 | STEP 2 STARTED - Collect Monitoring Results
2026-06-05 11:59:29 | STEP 2 COMPLETED - Collect Monitoring Results
2026-06-05 11:59:29 | STEP 3 STARTED - AI Analysis
2026-06-05 11:59:35 | STEP 3 COMPLETED - AI Analysis
2026-06-05 11:59:35 | STEP 4 STARTED - Report Generation
2026-06-05 11:59:35 | STEP 4 COMPLETED - Report Generation
2026-06-05 11:59:35 | REPORT FILE CREATED: reports/incident_report_20260605_115935.txt
2026-06-05 11:59:35 | STEP 5 STARTED - Notifications
2026-06-05 11:59:35 | NOTIFICATION WORKFLOW STARTED
2026-06-05 11:59:35 | NOTIFICATION WORKFLOW COMPLETED
2026-06-05 11:59:35 | STEP 5 COMPLETED - Notifications
2026-06-05 11:59:35 | STEP 6 STARTED - Save Report
2026-06-05 11:59:35 | STEP 6 COMPLETED - Save Report
2026-06-05 11:59:35 | WORKFLOW COMPLETED
2026-06-05 11:59:35 | SCHEDULED WORKFLOW EXECUTION COMPLETED
2026-06-05 12:02:20 | SCHEDULER STARTED
2026-06-05 12:02:20 | SCHEDULED WORKFLOW EXECUTION STARTED
2026-06-05 12:02:20 | WORKFLOW STARTED
2026-06-05 12:02:20 | STEP 0 STARTED - Environment Validation
2026-06-05 12:02:20 | STEP 0 COMPLETED - Environment Validation
2026-06-05 12:02:20 | STEP 1 STARTED - Monitoring Engine
2026-06-05 12:02:20 | MONITORING WORKFLOW STARTED
2026-06-05 12:02:20 | MONITORING WORKFLOW COMPLETED
2026-06-05 12:02:20 | STEP 1 COMPLETED - Monitoring Engine
2026-06-05 12:02:20 | STEP 2 STARTED - Collect Monitoring Results
2026-06-05 12:02:20 | STEP 2 COMPLETED - Collect Monitoring Results
2026-06-05 12:02:20 | STEP 3 STARTED - AI Analysis
2026-06-05 12:02:26 | STEP 3 COMPLETED - AI Analysis
2026-06-05 12:02:26 | STEP 4 STARTED - Report Generation
2026-06-05 12:02:26 | STEP 4 COMPLETED - Report Generation
2026-06-05 12:02:26 | REPORT FILE CREATED: reports/incident_report_20260605_120226.txt
2026-06-05 12:02:26 | STEP 5 STARTED - Notifications
2026-06-05 12:02:26 | NOTIFICATION WORKFLOW STARTED
2026-06-05 12:02:26 | NOTIFICATION WORKFLOW COMPLETED
2026-06-05 12:02:26 | STEP 5 COMPLETED - Notifications
2026-06-05 12:02:26 | STEP 6 STARTED - Save Report
2026-06-05 12:02:26 | STEP 6 COMPLETED - Save Report
2026-06-05 12:02:26 | WORKFLOW COMPLETED
2026-06-05 12:02:26 | SCHEDULED WORKFLOW EXECUTION COMPLETED
2026-06-05 12:03:38 | SCHEDULER STOPPED BY USER
2026-06-05 12:04:01 | SCHEDULER DISABLED
2026-06-05 12:04:35 | SCHEDULED WORKFLOW EXECUTION STARTED
2026-06-05 12:04:35 | WORKFLOW STARTED
2026-06-05 12:04:35 | STEP 0 STARTED - Environment Validation
2026-06-05 12:04:35 | STEP 0 COMPLETED - Environment Validation
2026-06-05 12:04:35 | STEP 1 STARTED - Monitoring Engine
2026-06-05 12:04:35 | MONITORING WORKFLOW STARTED
2026-06-05 12:04:35 | MONITORING WORKFLOW COMPLETED
2026-06-05 12:04:35 | STEP 1 COMPLETED - Monitoring Engine
2026-06-05 12:04:35 | STEP 2 STARTED - Collect Monitoring Results
2026-06-05 12:04:35 | STEP 2 COMPLETED - Collect Monitoring Results
2026-06-05 12:04:35 | STEP 3 STARTED - AI Analysis
2026-06-05 12:04:40 | STEP 3 COMPLETED - AI Analysis
2026-06-05 12:04:40 | STEP 4 STARTED - Report Generation
2026-06-05 12:04:40 | STEP 4 COMPLETED - Report Generation
2026-06-05 12:04:40 | REPORT FILE CREATED: reports/incident_report_20260605_120440.txt
2026-06-05 12:04:40 | STEP 5 STARTED - Notifications
2026-06-05 12:04:40 | NOTIFICATION WORKFLOW STARTED
2026-06-05 12:04:40 | NOTIFICATION WORKFLOW COMPLETED
2026-06-05 12:04:40 | STEP 5 COMPLETED - Notifications
2026-06-05 12:04:40 | STEP 6 STARTED - Save Report
2026-06-05 12:04:40 | STEP 6 COMPLETED - Save Report
2026-06-05 12:04:40 | WORKFLOW COMPLETED
2026-06-05 12:04:40 | SCHEDULED WORKFLOW EXECUTION COMPLETED
2026-06-05 12:09:40 | SCHEDULED WORKFLOW EXECUTION STARTED
2026-06-05 12:09:40 | WORKFLOW STARTED
2026-06-05 12:09:40 | STEP 0 STARTED - Environment Validation
2026-06-05 12:09:40 | STEP 0 COMPLETED - Environment Validation
2026-06-05 12:09:40 | STEP 1 STARTED - Monitoring Engine
2026-06-05 12:09:40 | MONITORING WORKFLOW STARTED
2026-06-05 12:09:40 | MONITORING WORKFLOW COMPLETED
2026-06-05 12:09:40 | STEP 1 COMPLETED - Monitoring Engine
2026-06-05 12:09:40 | STEP 2 STARTED - Collect Monitoring Results
2026-06-05 12:09:40 | STEP 2 COMPLETED - Collect Monitoring Results
2026-06-05 12:09:40 | STEP 3 STARTED - AI Analysis
2026-06-05 12:09:44 | STEP 3 COMPLETED - AI Analysis
2026-06-05 12:09:44 | STEP 4 STARTED - Report Generation
2026-06-05 12:09:44 | STEP 4 COMPLETED - Report Generation
2026-06-05 12:09:44 | REPORT FILE CREATED: reports/incident_report_20260605_120944.txt
2026-06-05 12:09:44 | STEP 5 STARTED - Notifications
2026-06-05 12:09:44 | NOTIFICATION WORKFLOW STARTED
2026-06-05 12:09:44 | NOTIFICATION WORKFLOW COMPLETED
2026-06-05 12:09:44 | STEP 5 COMPLETED - Notifications
2026-06-05 12:09:44 | STEP 6 STARTED - Save Report
2026-06-05 12:09:44 | STEP 6 COMPLETED - Save Report
2026-06-05 12:09:44 | WORKFLOW COMPLETED
2026-06-05 12:09:44 | SCHEDULED WORKFLOW EXECUTION COMPLETED
2026-06-05 12:14:44 | SCHEDULED WORKFLOW EXECUTION STARTED
2026-06-05 12:14:44 | WORKFLOW STARTED
2026-06-05 12:14:44 | STEP 0 STARTED - Environment Validation
2026-06-05 12:14:44 | STEP 0 COMPLETED - Environment Validation
2026-06-05 12:14:44 | STEP 1 STARTED - Monitoring Engine
2026-06-05 12:14:44 | MONITORING WORKFLOW STARTED
2026-06-05 12:14:44 | MONITORING WORKFLOW COMPLETED
2026-06-05 12:14:44 | STEP 1 COMPLETED - Monitoring Engine
2026-06-05 12:14:44 | STEP 2 STARTED - Collect Monitoring Results
2026-06-05 12:14:44 | STEP 2 COMPLETED - Collect Monitoring Results
2026-06-05 12:14:44 | STEP 3 STARTED - AI Analysis
2026-06-05 12:14:47 | STEP 3 COMPLETED - AI Analysis
2026-06-05 12:14:47 | STEP 4 STARTED - Report Generation
2026-06-05 12:14:47 | STEP 4 COMPLETED - Report Generation
2026-06-05 12:14:47 | REPORT FILE CREATED: reports/incident_report_20260605_121447.txt
2026-06-05 12:14:47 | STEP 5 STARTED - Notifications
2026-06-05 12:14:47 | NOTIFICATION WORKFLOW STARTED
2026-06-05 12:14:47 | NOTIFICATION WORKFLOW COMPLETED
2026-06-05 12:14:47 | STEP 5 COMPLETED - Notifications
2026-06-05 12:14:47 | STEP 6 STARTED - Save Report
2026-06-05 12:14:47 | STEP 6 COMPLETED - Save Report
2026-06-05 12:14:47 | WORKFLOW COMPLETED
2026-06-05 12:14:47 | SCHEDULED WORKFLOW EXECUTION COMPLETED
2026-06-05 12:17:01 | [ERROR] INCIDENT REPOSITORY: Expecting value: line 1 column 1 (char 0)
2026-06-05 12:17:01 | [ERROR] INCIDENT REPOSITORY: Expecting value: line 1 column 1 (char 0)
2026-06-05 12:18:23 | INCIDENT SAVED TO REPOSITORY
2026-06-05 12:19:47 | SCHEDULED WORKFLOW EXECUTION STARTED
2026-06-05 12:19:47 | WORKFLOW STARTED
2026-06-05 12:19:47 | STEP 0 STARTED - Environment Validation
2026-06-05 12:19:47 | STEP 0 COMPLETED - Environment Validation
2026-06-05 12:19:47 | STEP 1 STARTED - Monitoring Engine
2026-06-05 12:19:47 | MONITORING WORKFLOW STARTED
2026-06-05 12:19:47 | MONITORING WORKFLOW COMPLETED
2026-06-05 12:19:47 | STEP 1 COMPLETED - Monitoring Engine
2026-06-05 12:19:47 | STEP 2 STARTED - Collect Monitoring Results
2026-06-05 12:19:47 | STEP 2 COMPLETED - Collect Monitoring Results
2026-06-05 12:19:47 | STEP 3 STARTED - AI Analysis
2026-06-05 12:19:50 | STEP 3 COMPLETED - AI Analysis
2026-06-05 12:19:50 | STEP 4 STARTED - Report Generation
2026-06-05 12:19:50 | STEP 4 COMPLETED - Report Generation
2026-06-05 12:19:50 | REPORT FILE CREATED: reports/incident_report_20260605_121950.txt
2026-06-05 12:19:50 | STEP 5 STARTED - Notifications
2026-06-05 12:19:50 | NOTIFICATION WORKFLOW STARTED
2026-06-05 12:19:50 | NOTIFICATION WORKFLOW COMPLETED
2026-06-05 12:19:50 | STEP 5 COMPLETED - Notifications
2026-06-05 12:19:50 | STEP 6 STARTED - Save Report
2026-06-05 12:19:50 | STEP 6 COMPLETED - Save Report
2026-06-05 12:19:50 | WORKFLOW COMPLETED
2026-06-05 12:19:50 | SCHEDULED WORKFLOW EXECUTION COMPLETED
2026-06-05 12:22:46 | WORKFLOW STARTED
2026-06-05 12:22:46 | STEP 0 STARTED - Environment Validation
2026-06-05 12:22:46 | STEP 0 COMPLETED - Environment Validation
2026-06-05 12:22:46 | STEP 1 STARTED - Monitoring Engine
2026-06-05 12:22:46 | MONITORING WORKFLOW STARTED
2026-06-05 12:22:46 | MONITORING WORKFLOW COMPLETED
2026-06-05 12:22:46 | STEP 1 COMPLETED - Monitoring Engine
2026-06-05 12:22:46 | STEP 2 STARTED - Collect Monitoring Results
2026-06-05 12:22:46 | STEP 2 COMPLETED - Collect Monitoring Results
2026-06-05 12:22:46 | STEP 3 STARTED - AI Analysis
2026-06-05 12:22:51 | STEP 3 COMPLETED - AI Analysis
2026-06-05 12:22:51 | STEP 4 STARTED - Report Generation
2026-06-05 12:22:51 | STEP 4 COMPLETED - Report Generation
2026-06-05 12:22:51 | REPORT FILE CREATED: reports/incident_report_20260605_122251.txt
2026-06-05 12:22:51 | STEP 5 STARTED - Incident Repository
2026-06-05 12:22:51 | INCIDENT SAVED TO REPOSITORY
2026-06-05 12:22:51 | STEP 5 COMPLETED - Incident Repository
2026-06-05 12:22:51 | STEP 6 STARTED - Notifications
2026-06-05 12:22:51 | NOTIFICATION WORKFLOW STARTED
2026-06-05 12:22:51 | NOTIFICATION WORKFLOW COMPLETED
2026-06-05 12:22:51 | STEP 6 COMPLETED - Notifications
2026-06-05 12:22:51 | STEP 7 STARTED - Save Report
2026-06-05 12:22:51 | STEP 7 COMPLETED - Save Report
2026-06-05 12:22:51 | WORKFLOW COMPLETED
2026-06-05 12:24:50 | SCHEDULED WORKFLOW EXECUTION STARTED
2026-06-05 12:24:50 | WORKFLOW STARTED
2026-06-05 12:24:50 | STEP 0 STARTED - Environment Validation
2026-06-05 12:24:50 | STEP 0 COMPLETED - Environment Validation
2026-06-05 12:24:50 | STEP 1 STARTED - Monitoring Engine
2026-06-05 12:24:50 | MONITORING WORKFLOW STARTED
2026-06-05 12:24:50 | MONITORING WORKFLOW COMPLETED
2026-06-05 12:24:50 | STEP 1 COMPLETED - Monitoring Engine
2026-06-05 12:24:50 | STEP 2 STARTED - Collect Monitoring Results
2026-06-05 12:24:50 | STEP 2 COMPLETED - Collect Monitoring Results
2026-06-05 12:24:50 | STEP 3 STARTED - AI Analysis
2026-06-05 12:24:54 | STEP 3 COMPLETED - AI Analysis
2026-06-05 12:24:54 | STEP 4 STARTED - Report Generation
2026-06-05 12:24:54 | STEP 4 COMPLETED - Report Generation
2026-06-05 12:24:54 | REPORT FILE CREATED: reports/incident_report_20260605_122454.txt
2026-06-05 12:24:54 | STEP 5 STARTED - Notifications
2026-06-05 12:24:54 | NOTIFICATION WORKFLOW STARTED
2026-06-05 12:24:54 | NOTIFICATION WORKFLOW COMPLETED
2026-06-05 12:24:54 | STEP 5 COMPLETED - Notifications
2026-06-05 12:24:54 | STEP 6 STARTED - Save Report
2026-06-05 12:24:54 | STEP 6 COMPLETED - Save Report
2026-06-05 12:24:54 | WORKFLOW COMPLETED
2026-06-05 12:24:54 | SCHEDULED WORKFLOW EXECUTION COMPLETED
2026-06-05 12:29:54 | SCHEDULED WORKFLOW EXECUTION STARTED
2026-06-05 12:29:54 | WORKFLOW STARTED
2026-06-05 12:29:54 | STEP 0 STARTED - Environment Validation
2026-06-05 12:29:54 | STEP 0 COMPLETED - Environment Validation
2026-06-05 12:29:54 | STEP 1 STARTED - Monitoring Engine
2026-06-05 12:29:54 | MONITORING WORKFLOW STARTED
2026-06-05 12:29:54 | MONITORING WORKFLOW COMPLETED
2026-06-05 12:29:54 | STEP 1 COMPLETED - Monitoring Engine
2026-06-05 12:29:54 | STEP 2 STARTED - Collect Monitoring Results
2026-06-05 12:29:54 | STEP 2 COMPLETED - Collect Monitoring Results
2026-06-05 12:29:54 | STEP 3 STARTED - AI Analysis
2026-06-05 12:29:59 | STEP 3 COMPLETED - AI Analysis
2026-06-05 12:29:59 | STEP 4 STARTED - Report Generation
2026-06-05 12:29:59 | STEP 4 COMPLETED - Report Generation
2026-06-05 12:29:59 | REPORT FILE CREATED: reports/incident_report_20260605_122959.txt
2026-06-05 12:29:59 | STEP 5 STARTED - Notifications
2026-06-05 12:29:59 | NOTIFICATION WORKFLOW STARTED
2026-06-05 12:29:59 | NOTIFICATION WORKFLOW COMPLETED
2026-06-05 12:29:59 | STEP 5 COMPLETED - Notifications
2026-06-05 12:29:59 | STEP 6 STARTED - Save Report
2026-06-05 12:29:59 | STEP 6 COMPLETED - Save Report
2026-06-05 12:29:59 | WORKFLOW COMPLETED
2026-06-05 12:29:59 | SCHEDULED WORKFLOW EXECUTION COMPLETED
2026-06-05 12:34:59 | SCHEDULED WORKFLOW EXECUTION STARTED
2026-06-05 12:34:59 | WORKFLOW STARTED
2026-06-05 12:34:59 | STEP 0 STARTED - Environment Validation
2026-06-05 12:34:59 | STEP 0 COMPLETED - Environment Validation
2026-06-05 12:34:59 | STEP 1 STARTED - Monitoring Engine
2026-06-05 12:34:59 | MONITORING WORKFLOW STARTED
2026-06-05 12:34:59 | MONITORING WORKFLOW COMPLETED
2026-06-05 12:34:59 | STEP 1 COMPLETED - Monitoring Engine
2026-06-05 12:34:59 | STEP 2 STARTED - Collect Monitoring Results
2026-06-05 12:34:59 | STEP 2 COMPLETED - Collect Monitoring Results
2026-06-05 12:34:59 | STEP 3 STARTED - AI Analysis
2026-06-05 12:35:03 | STEP 3 COMPLETED - AI Analysis
2026-06-05 12:35:03 | STEP 4 STARTED - Report Generation
2026-06-05 12:35:03 | STEP 4 COMPLETED - Report Generation
2026-06-05 12:35:03 | REPORT FILE CREATED: reports/incident_report_20260605_123503.txt
2026-06-05 12:35:03 | STEP 5 STARTED - Notifications
2026-06-05 12:35:03 | NOTIFICATION WORKFLOW STARTED
2026-06-05 12:35:03 | NOTIFICATION WORKFLOW COMPLETED
2026-06-05 12:35:03 | STEP 5 COMPLETED - Notifications
2026-06-05 12:35:03 | STEP 6 STARTED - Save Report
2026-06-05 12:35:03 | STEP 6 COMPLETED - Save Report
2026-06-05 12:35:03 | WORKFLOW COMPLETED
2026-06-05 12:35:03 | SCHEDULED WORKFLOW EXECUTION COMPLETED
2026-06-05 12:40:03 | SCHEDULED WORKFLOW EXECUTION STARTED
2026-06-05 12:40:03 | WORKFLOW STARTED
2026-06-05 12:40:03 | STEP 0 STARTED - Environment Validation
2026-06-05 12:40:03 | STEP 0 COMPLETED - Environment Validation
2026-06-05 12:40:03 | STEP 1 STARTED - Monitoring Engine
2026-06-05 12:40:03 | MONITORING WORKFLOW STARTED
2026-06-05 12:40:03 | MONITORING WORKFLOW COMPLETED
2026-06-05 12:40:03 | STEP 1 COMPLETED - Monitoring Engine
2026-06-05 12:40:03 | STEP 2 STARTED - Collect Monitoring Results
2026-06-05 12:40:03 | STEP 2 COMPLETED - Collect Monitoring Results
2026-06-05 12:40:03 | STEP 3 STARTED - AI Analysis
2026-06-05 12:40:06 | STEP 3 COMPLETED - AI Analysis
2026-06-05 12:40:06 | STEP 4 STARTED - Report Generation
2026-06-05 12:40:06 | STEP 4 COMPLETED - Report Generation
2026-06-05 12:40:06 | REPORT FILE CREATED: reports/incident_report_20260605_124006.txt
2026-06-05 12:40:06 | STEP 5 STARTED - Notifications
2026-06-05 12:40:06 | NOTIFICATION WORKFLOW STARTED
2026-06-05 12:40:06 | NOTIFICATION WORKFLOW COMPLETED
2026-06-05 12:40:06 | STEP 5 COMPLETED - Notifications
2026-06-05 12:40:06 | STEP 6 STARTED - Save Report
2026-06-05 12:40:06 | STEP 6 COMPLETED - Save Report
2026-06-05 12:40:06 | WORKFLOW COMPLETED
2026-06-05 12:40:06 | SCHEDULED WORKFLOW EXECUTION COMPLETED
2026-06-05 12:42:53 | DAILY SUMMARY EXPORTED: reports/daily_summaries/daily_summary_20260605.txt
2026-06-05 12:45:06 | SCHEDULED WORKFLOW EXECUTION STARTED
2026-06-05 12:45:06 | WORKFLOW STARTED
2026-06-05 12:45:06 | STEP 0 STARTED - Environment Validation
2026-06-05 12:45:06 | STEP 0 COMPLETED - Environment Validation
2026-06-05 12:45:06 | STEP 1 STARTED - Monitoring Engine
2026-06-05 12:45:06 | MONITORING WORKFLOW STARTED
2026-06-05 12:45:06 | MONITORING WORKFLOW COMPLETED
2026-06-05 12:45:06 | STEP 1 COMPLETED - Monitoring Engine
2026-06-05 12:45:06 | STEP 2 STARTED - Collect Monitoring Results
2026-06-05 12:45:06 | STEP 2 COMPLETED - Collect Monitoring Results
2026-06-05 12:45:06 | STEP 3 STARTED - AI Analysis
2026-06-05 12:45:09 | STEP 3 COMPLETED - AI Analysis
2026-06-05 12:45:09 | STEP 4 STARTED - Report Generation
2026-06-05 12:45:09 | STEP 4 COMPLETED - Report Generation
2026-06-05 12:45:09 | REPORT FILE CREATED: reports/incident_report_20260605_124509.txt
2026-06-05 12:45:09 | STEP 5 STARTED - Notifications
2026-06-05 12:45:09 | NOTIFICATION WORKFLOW STARTED
2026-06-05 12:45:09 | NOTIFICATION WORKFLOW COMPLETED
2026-06-05 12:45:09 | STEP 5 COMPLETED - Notifications
2026-06-05 12:45:09 | STEP 6 STARTED - Save Report
2026-06-05 12:45:09 | STEP 6 COMPLETED - Save Report
2026-06-05 12:45:09 | WORKFLOW COMPLETED
2026-06-05 12:45:09 | SCHEDULED WORKFLOW EXECUTION COMPLETED
2026-06-05 12:50:09 | SCHEDULED WORKFLOW EXECUTION STARTED
2026-06-05 12:50:09 | WORKFLOW STARTED
2026-06-05 12:50:09 | STEP 0 STARTED - Environment Validation
2026-06-05 12:50:09 | STEP 0 COMPLETED - Environment Validation
2026-06-05 12:50:09 | STEP 1 STARTED - Monitoring Engine
2026-06-05 12:50:09 | MONITORING WORKFLOW STARTED
2026-06-05 12:50:10 | MONITORING WORKFLOW COMPLETED
2026-06-05 12:50:10 | STEP 1 COMPLETED - Monitoring Engine
2026-06-05 12:50:10 | STEP 2 STARTED - Collect Monitoring Results
2026-06-05 12:50:10 | STEP 2 COMPLETED - Collect Monitoring Results
2026-06-05 12:50:10 | STEP 3 STARTED - AI Analysis
2026-06-05 12:50:14 | STEP 3 COMPLETED - AI Analysis
2026-06-05 12:50:14 | STEP 4 STARTED - Report Generation
2026-06-05 12:50:14 | STEP 4 COMPLETED - Report Generation
2026-06-05 12:50:14 | REPORT FILE CREATED: reports/incident_report_20260605_125014.txt
2026-06-05 12:50:14 | STEP 5 STARTED - Notifications
2026-06-05 12:50:14 | NOTIFICATION WORKFLOW STARTED
2026-06-05 12:50:14 | NOTIFICATION WORKFLOW COMPLETED
2026-06-05 12:50:14 | STEP 5 COMPLETED - Notifications
2026-06-05 12:50:14 | STEP 6 STARTED - Save Report
2026-06-05 12:50:14 | STEP 6 COMPLETED - Save Report
2026-06-05 12:50:14 | WORKFLOW COMPLETED
2026-06-05 12:50:14 | SCHEDULED WORKFLOW EXECUTION COMPLETED
2026-06-05 12:55:14 | SCHEDULED WORKFLOW EXECUTION STARTED
2026-06-05 12:55:14 | WORKFLOW STARTED
2026-06-05 12:55:14 | STEP 0 STARTED - Environment Validation
2026-06-05 12:55:14 | STEP 0 COMPLETED - Environment Validation
2026-06-05 12:55:14 | STEP 1 STARTED - Monitoring Engine
2026-06-05 12:55:14 | MONITORING WORKFLOW STARTED
2026-06-05 12:55:14 | MONITORING WORKFLOW COMPLETED
2026-06-05 12:55:14 | STEP 1 COMPLETED - Monitoring Engine
2026-06-05 12:55:14 | STEP 2 STARTED - Collect Monitoring Results
2026-06-05 12:55:14 | STEP 2 COMPLETED - Collect Monitoring Results
2026-06-05 12:55:14 | STEP 3 STARTED - AI Analysis
2026-06-05 12:55:17 | STEP 3 COMPLETED - AI Analysis
2026-06-05 12:55:17 | STEP 4 STARTED - Report Generation
2026-06-05 12:55:17 | STEP 4 COMPLETED - Report Generation
2026-06-05 12:55:17 | REPORT FILE CREATED: reports/incident_report_20260605_125517.txt
2026-06-05 12:55:17 | STEP 5 STARTED - Notifications
2026-06-05 12:55:17 | NOTIFICATION WORKFLOW STARTED
2026-06-05 12:55:17 | NOTIFICATION WORKFLOW COMPLETED
2026-06-05 12:55:17 | STEP 5 COMPLETED - Notifications
2026-06-05 12:55:17 | STEP 6 STARTED - Save Report
2026-06-05 12:55:17 | STEP 6 COMPLETED - Save Report
2026-06-05 12:55:17 | WORKFLOW COMPLETED
2026-06-05 12:55:17 | SCHEDULED WORKFLOW EXECUTION COMPLETED
2026-06-05 13:00:17 | SCHEDULED WORKFLOW EXECUTION STARTED
2026-06-05 13:00:17 | WORKFLOW STARTED
2026-06-05 13:00:17 | STEP 0 STARTED - Environment Validation
2026-06-05 13:00:17 | STEP 0 COMPLETED - Environment Validation
2026-06-05 13:00:17 | STEP 1 STARTED - Monitoring Engine
2026-06-05 13:00:17 | MONITORING WORKFLOW STARTED
2026-06-05 13:00:17 | MONITORING WORKFLOW COMPLETED
2026-06-05 13:00:17 | STEP 1 COMPLETED - Monitoring Engine
2026-06-05 13:00:17 | STEP 2 STARTED - Collect Monitoring Results
2026-06-05 13:00:17 | STEP 2 COMPLETED - Collect Monitoring Results
2026-06-05 13:00:17 | STEP 3 STARTED - AI Analysis
2026-06-05 13:00:20 | STEP 3 COMPLETED - AI Analysis
2026-06-05 13:00:20 | STEP 4 STARTED - Report Generation
2026-06-05 13:00:20 | STEP 4 COMPLETED - Report Generation
2026-06-05 13:00:20 | REPORT FILE CREATED: reports/incident_report_20260605_130020.txt
2026-06-05 13:00:20 | STEP 5 STARTED - Notifications
2026-06-05 13:00:20 | NOTIFICATION WORKFLOW STARTED
2026-06-05 13:00:20 | NOTIFICATION WORKFLOW COMPLETED
2026-06-05 13:00:20 | STEP 5 COMPLETED - Notifications
2026-06-05 13:00:20 | STEP 6 STARTED - Save Report
2026-06-05 13:00:20 | STEP 6 COMPLETED - Save Report
2026-06-05 13:00:20 | WORKFLOW COMPLETED
2026-06-05 13:00:20 | SCHEDULED WORKFLOW EXECUTION COMPLETED
2026-06-05 13:04:32 | APPROVAL REQUEST SAVED
2026-06-05 13:05:20 | SCHEDULED WORKFLOW EXECUTION STARTED
2026-06-05 13:05:20 | WORKFLOW STARTED
2026-06-05 13:05:20 | STEP 0 STARTED - Environment Validation
2026-06-05 13:05:20 | STEP 0 COMPLETED - Environment Validation
2026-06-05 13:05:20 | STEP 1 STARTED - Monitoring Engine
2026-06-05 13:05:20 | MONITORING WORKFLOW STARTED
2026-06-05 13:05:20 | MONITORING WORKFLOW COMPLETED
2026-06-05 13:05:20 | STEP 1 COMPLETED - Monitoring Engine
2026-06-05 13:05:20 | STEP 2 STARTED - Collect Monitoring Results
2026-06-05 13:05:20 | STEP 2 COMPLETED - Collect Monitoring Results
2026-06-05 13:05:20 | STEP 3 STARTED - AI Analysis
2026-06-05 13:05:27 | STEP 3 COMPLETED - AI Analysis
2026-06-05 13:05:27 | STEP 4 STARTED - Report Generation
2026-06-05 13:05:27 | STEP 4 COMPLETED - Report Generation
2026-06-05 13:05:27 | REPORT FILE CREATED: reports/incident_report_20260605_130527.txt
2026-06-05 13:05:27 | STEP 5 STARTED - Notifications
2026-06-05 13:05:27 | NOTIFICATION WORKFLOW STARTED
2026-06-05 13:05:27 | NOTIFICATION WORKFLOW COMPLETED
2026-06-05 13:05:27 | STEP 5 COMPLETED - Notifications
2026-06-05 13:05:27 | STEP 6 STARTED - Save Report
2026-06-05 13:05:27 | STEP 6 COMPLETED - Save Report
2026-06-05 13:05:27 | WORKFLOW COMPLETED
2026-06-05 13:05:27 | SCHEDULED WORKFLOW EXECUTION COMPLETED
2026-06-05 13:09:07 | APPROVAL REQUEST SAVED
2026-06-05 13:09:07 | GOVERNANCE REQUEST CREATED
2026-06-05 13:10:27 | SCHEDULED WORKFLOW EXECUTION STARTED
2026-06-05 13:10:27 | WORKFLOW STARTED
2026-06-05 13:10:27 | STEP 0 STARTED - Environment Validation
2026-06-05 13:10:27 | STEP 0 COMPLETED - Environment Validation
2026-06-05 13:10:27 | STEP 1 STARTED - Monitoring Engine
2026-06-05 13:10:27 | MONITORING WORKFLOW STARTED
2026-06-05 13:10:28 | MONITORING WORKFLOW COMPLETED
2026-06-05 13:10:28 | STEP 1 COMPLETED - Monitoring Engine
2026-06-05 13:10:28 | STEP 2 STARTED - Collect Monitoring Results
2026-06-05 13:10:28 | STEP 2 COMPLETED - Collect Monitoring Results
2026-06-05 13:10:28 | STEP 3 STARTED - AI Analysis
2026-06-05 13:10:31 | STEP 3 COMPLETED - AI Analysis
2026-06-05 13:10:31 | STEP 4 STARTED - Report Generation
2026-06-05 13:10:31 | STEP 4 COMPLETED - Report Generation
2026-06-05 13:10:31 | REPORT FILE CREATED: reports/incident_report_20260605_131031.txt
2026-06-05 13:10:31 | STEP 5 STARTED - Notifications
2026-06-05 13:10:31 | NOTIFICATION WORKFLOW STARTED
2026-06-05 13:10:31 | NOTIFICATION WORKFLOW COMPLETED
2026-06-05 13:10:31 | STEP 5 COMPLETED - Notifications
2026-06-05 13:10:31 | STEP 6 STARTED - Save Report
2026-06-05 13:10:31 | STEP 6 COMPLETED - Save Report
2026-06-05 13:10:31 | WORKFLOW COMPLETED
2026-06-05 13:10:31 | SCHEDULED WORKFLOW EXECUTION COMPLETED
2026-06-05 13:15:10 | WORKFLOW STARTED
2026-06-05 13:15:10 | STEP 0 STARTED - Environment Validation
2026-06-05 13:15:10 | STEP 0 COMPLETED - Environment Validation
2026-06-05 13:15:10 | STEP 1 STARTED - Monitoring Engine
2026-06-05 13:15:10 | MONITORING WORKFLOW STARTED
2026-06-05 13:15:10 | MONITORING WORKFLOW COMPLETED
2026-06-05 13:15:10 | STEP 1 COMPLETED - Monitoring Engine
2026-06-05 13:15:10 | STEP 2 STARTED - Collect Monitoring Results
2026-06-05 13:15:10 | STEP 2 COMPLETED - Collect Monitoring Results
2026-06-05 13:15:10 | STEP 3 STARTED - AI Analysis
2026-06-05 13:15:16 | STEP 3 COMPLETED - AI Analysis
2026-06-05 13:15:16 | STEP 4 STARTED - Governance Review
2026-06-05 13:15:16 | GOVERNANCE REVIEW SKIPPED - HEALTHY
2026-06-05 13:15:16 | STEP 4 COMPLETED - Governance Review
2026-06-05 13:15:16 | STEP 5 STARTED - Report Generation
2026-06-05 13:15:16 | STEP 5 COMPLETED - Report Generation
2026-06-05 13:15:16 | REPORT FILE CREATED: reports/incident_report_20260605_131516.txt
2026-06-05 13:15:16 | STEP 6 STARTED - Incident Repository
2026-06-05 13:15:16 | INCIDENT SAVED TO REPOSITORY
2026-06-05 13:15:17 | STEP 6 COMPLETED - Incident Repository
2026-06-05 13:15:17 | STEP 7 STARTED - Notifications
2026-06-05 13:15:17 | NOTIFICATION WORKFLOW STARTED
2026-06-05 13:15:17 | NOTIFICATION WORKFLOW COMPLETED
2026-06-05 13:15:17 | STEP 7 COMPLETED - Notifications
2026-06-05 13:15:17 | STEP 8 STARTED - Save Report
2026-06-05 13:15:17 | STEP 8 COMPLETED - Save Report
2026-06-05 13:15:17 | WORKFLOW COMPLETED
2026-06-05 13:15:31 | SCHEDULED WORKFLOW EXECUTION STARTED
2026-06-05 13:15:31 | WORKFLOW STARTED
2026-06-05 13:15:31 | STEP 0 STARTED - Environment Validation
2026-06-05 13:15:31 | STEP 0 COMPLETED - Environment Validation
2026-06-05 13:15:31 | STEP 1 STARTED - Monitoring Engine
2026-06-05 13:15:31 | MONITORING WORKFLOW STARTED
2026-06-05 13:15:32 | MONITORING WORKFLOW COMPLETED
2026-06-05 13:15:32 | STEP 1 COMPLETED - Monitoring Engine
2026-06-05 13:15:32 | STEP 2 STARTED - Collect Monitoring Results
2026-06-05 13:15:32 | STEP 2 COMPLETED - Collect Monitoring Results
2026-06-05 13:15:32 | STEP 3 STARTED - AI Analysis
2026-06-05 13:15:35 | STEP 3 COMPLETED - AI Analysis
2026-06-05 13:15:35 | STEP 4 STARTED - Report Generation
2026-06-05 13:15:35 | STEP 4 COMPLETED - Report Generation
2026-06-05 13:15:35 | REPORT FILE CREATED: reports/incident_report_20260605_131535.txt
2026-06-05 13:15:35 | STEP 5 STARTED - Notifications
2026-06-05 13:15:35 | NOTIFICATION WORKFLOW STARTED
2026-06-05 13:15:35 | NOTIFICATION WORKFLOW COMPLETED
2026-06-05 13:15:35 | STEP 5 COMPLETED - Notifications
2026-06-05 13:15:35 | STEP 6 STARTED - Save Report
2026-06-05 13:15:35 | STEP 6 COMPLETED - Save Report
2026-06-05 13:15:35 | WORKFLOW COMPLETED
2026-06-05 13:15:35 | SCHEDULED WORKFLOW EXECUTION COMPLETED
2026-06-05 13:18:58 | APPROVAL REQUEST 20260605130907 UPDATED TO APPROVED
2026-06-05 13:20:35 | SCHEDULED WORKFLOW EXECUTION STARTED
2026-06-05 13:20:35 | WORKFLOW STARTED
2026-06-05 13:20:35 | STEP 0 STARTED - Environment Validation
2026-06-05 13:20:35 | STEP 0 COMPLETED - Environment Validation
2026-06-05 13:20:35 | STEP 1 STARTED - Monitoring Engine
2026-06-05 13:20:35 | MONITORING WORKFLOW STARTED
2026-06-05 13:20:35 | MONITORING WORKFLOW COMPLETED
2026-06-05 13:20:35 | STEP 1 COMPLETED - Monitoring Engine
2026-06-05 13:20:35 | STEP 2 STARTED - Collect Monitoring Results
2026-06-05 13:20:35 | STEP 2 COMPLETED - Collect Monitoring Results
2026-06-05 13:20:35 | STEP 3 STARTED - AI Analysis
2026-06-05 13:20:40 | STEP 3 COMPLETED - AI Analysis
2026-06-05 13:20:40 | STEP 4 STARTED - Report Generation
2026-06-05 13:20:40 | STEP 4 COMPLETED - Report Generation
2026-06-05 13:20:40 | REPORT FILE CREATED: reports/incident_report_20260605_132040.txt
2026-06-05 13:20:40 | STEP 5 STARTED - Notifications
2026-06-05 13:20:40 | NOTIFICATION WORKFLOW STARTED
2026-06-05 13:20:40 | NOTIFICATION WORKFLOW COMPLETED
2026-06-05 13:20:40 | STEP 5 COMPLETED - Notifications
2026-06-05 13:20:40 | STEP 6 STARTED - Save Report
2026-06-05 13:20:40 | STEP 6 COMPLETED - Save Report
2026-06-05 13:20:40 | WORKFLOW COMPLETED
2026-06-05 13:20:40 | SCHEDULED WORKFLOW EXECUTION COMPLETED
2026-06-05 13:25:40 | SCHEDULED WORKFLOW EXECUTION STARTED
2026-06-05 13:25:40 | WORKFLOW STARTED
2026-06-05 13:25:40 | STEP 0 STARTED - Environment Validation
2026-06-05 13:25:40 | STEP 0 COMPLETED - Environment Validation
2026-06-05 13:25:40 | STEP 1 STARTED - Monitoring Engine
2026-06-05 13:25:40 | MONITORING WORKFLOW STARTED
2026-06-05 13:25:40 | MONITORING WORKFLOW COMPLETED
2026-06-05 13:25:40 | STEP 1 COMPLETED - Monitoring Engine
2026-06-05 13:25:40 | STEP 2 STARTED - Collect Monitoring Results
2026-06-05 13:25:40 | STEP 2 COMPLETED - Collect Monitoring Results
2026-06-05 13:25:40 | STEP 3 STARTED - AI Analysis
2026-06-05 13:25:44 | STEP 3 COMPLETED - AI Analysis
2026-06-05 13:25:44 | STEP 4 STARTED - Report Generation
2026-06-05 13:25:44 | STEP 4 COMPLETED - Report Generation
2026-06-05 13:25:44 | REPORT FILE CREATED: reports/incident_report_20260605_132544.txt
2026-06-05 13:25:44 | STEP 5 STARTED - Notifications
2026-06-05 13:25:44 | NOTIFICATION WORKFLOW STARTED
2026-06-05 13:25:44 | NOTIFICATION WORKFLOW COMPLETED
2026-06-05 13:25:44 | STEP 5 COMPLETED - Notifications
2026-06-05 13:25:44 | STEP 6 STARTED - Save Report
2026-06-05 13:25:44 | STEP 6 COMPLETED - Save Report
2026-06-05 13:25:44 | WORKFLOW COMPLETED
2026-06-05 13:25:44 | SCHEDULED WORKFLOW EXECUTION COMPLETED
2026-06-05 13:30:44 | SCHEDULED WORKFLOW EXECUTION STARTED
2026-06-05 13:30:44 | WORKFLOW STARTED
2026-06-05 13:30:44 | STEP 0 STARTED - Environment Validation
2026-06-05 13:30:44 | STEP 0 COMPLETED - Environment Validation
2026-06-05 13:30:44 | STEP 1 STARTED - Monitoring Engine
2026-06-05 13:30:44 | MONITORING WORKFLOW STARTED
2026-06-05 13:30:44 | MONITORING WORKFLOW COMPLETED
2026-06-05 13:30:44 | STEP 1 COMPLETED - Monitoring Engine
2026-06-05 13:30:44 | STEP 2 STARTED - Collect Monitoring Results
2026-06-05 13:30:44 | STEP 2 COMPLETED - Collect Monitoring Results
2026-06-05 13:30:44 | STEP 3 STARTED - AI Analysis
2026-06-05 13:30:48 | STEP 3 COMPLETED - AI Analysis
2026-06-05 13:30:48 | STEP 4 STARTED - Report Generation
2026-06-05 13:30:48 | STEP 4 COMPLETED - Report Generation
2026-06-05 13:30:48 | REPORT FILE CREATED: reports/incident_report_20260605_133048.txt
2026-06-05 13:30:48 | STEP 5 STARTED - Notifications
2026-06-05 13:30:48 | NOTIFICATION WORKFLOW STARTED
2026-06-05 13:30:48 | NOTIFICATION WORKFLOW COMPLETED
2026-06-05 13:30:48 | STEP 5 COMPLETED - Notifications
2026-06-05 13:30:48 | STEP 6 STARTED - Save Report
2026-06-05 13:30:48 | STEP 6 COMPLETED - Save Report
2026-06-05 13:30:48 | WORKFLOW COMPLETED
2026-06-05 13:30:48 | SCHEDULED WORKFLOW EXECUTION COMPLETED
2026-06-05 13:35:48 | SCHEDULED WORKFLOW EXECUTION STARTED
2026-06-05 13:35:48 | WORKFLOW STARTED
2026-06-05 13:35:48 | STEP 0 STARTED - Environment Validation
2026-06-05 13:35:48 | STEP 0 COMPLETED - Environment Validation
2026-06-05 13:35:48 | STEP 1 STARTED - Monitoring Engine
2026-06-05 13:35:48 | MONITORING WORKFLOW STARTED
2026-06-05 13:35:48 | MONITORING WORKFLOW COMPLETED
2026-06-05 13:35:48 | STEP 1 COMPLETED - Monitoring Engine
2026-06-05 13:35:48 | STEP 2 STARTED - Collect Monitoring Results
2026-06-05 13:35:48 | STEP 2 COMPLETED - Collect Monitoring Results
2026-06-05 13:35:48 | STEP 3 STARTED - AI Analysis
2026-06-05 13:35:52 | STEP 3 COMPLETED - AI Analysis
2026-06-05 13:35:52 | STEP 4 STARTED - Report Generation
2026-06-05 13:35:52 | STEP 4 COMPLETED - Report Generation
2026-06-05 13:35:52 | REPORT FILE CREATED: reports/incident_report_20260605_133552.txt
2026-06-05 13:35:52 | STEP 5 STARTED - Notifications
2026-06-05 13:35:52 | NOTIFICATION WORKFLOW STARTED
2026-06-05 13:35:52 | NOTIFICATION WORKFLOW COMPLETED
2026-06-05 13:35:52 | STEP 5 COMPLETED - Notifications
2026-06-05 13:35:52 | STEP 6 STARTED - Save Report
2026-06-05 13:35:52 | STEP 6 COMPLETED - Save Report
2026-06-05 13:35:52 | WORKFLOW COMPLETED
2026-06-05 13:35:52 | SCHEDULED WORKFLOW EXECUTION COMPLETED
2026-06-05 13:40:52 | SCHEDULED WORKFLOW EXECUTION STARTED
2026-06-05 13:40:52 | WORKFLOW STARTED
2026-06-05 13:40:52 | STEP 0 STARTED - Environment Validation
2026-06-05 13:40:52 | STEP 0 COMPLETED - Environment Validation
2026-06-05 13:40:52 | STEP 1 STARTED - Monitoring Engine
2026-06-05 13:40:52 | MONITORING WORKFLOW STARTED
2026-06-05 13:40:52 | MONITORING WORKFLOW COMPLETED
2026-06-05 13:40:52 | STEP 1 COMPLETED - Monitoring Engine
2026-06-05 13:40:52 | STEP 2 STARTED - Collect Monitoring Results
2026-06-05 13:40:52 | STEP 2 COMPLETED - Collect Monitoring Results
2026-06-05 13:40:52 | STEP 3 STARTED - AI Analysis
2026-06-05 13:40:57 | STEP 3 COMPLETED - AI Analysis
2026-06-05 13:40:57 | STEP 4 STARTED - Report Generation
2026-06-05 13:40:57 | STEP 4 COMPLETED - Report Generation
2026-06-05 13:40:57 | REPORT FILE CREATED: reports/incident_report_20260605_134057.txt
2026-06-05 13:40:57 | STEP 5 STARTED - Notifications
2026-06-05 13:40:57 | NOTIFICATION WORKFLOW STARTED
2026-06-05 13:40:57 | NOTIFICATION WORKFLOW COMPLETED
2026-06-05 13:40:57 | STEP 5 COMPLETED - Notifications
2026-06-05 13:40:57 | STEP 6 STARTED - Save Report
2026-06-05 13:40:57 | STEP 6 COMPLETED - Save Report
2026-06-05 13:40:57 | WORKFLOW COMPLETED
2026-06-05 13:40:57 | SCHEDULED WORKFLOW EXECUTION COMPLETED
2026-06-05 13:45:57 | SCHEDULED WORKFLOW EXECUTION STARTED
2026-06-05 13:45:57 | WORKFLOW STARTED
2026-06-05 13:45:57 | STEP 0 STARTED - Environment Validation
2026-06-05 13:45:57 | STEP 0 COMPLETED - Environment Validation
2026-06-05 13:45:57 | STEP 1 STARTED - Monitoring Engine
2026-06-05 13:45:57 | MONITORING WORKFLOW STARTED
2026-06-05 13:45:57 | MONITORING WORKFLOW COMPLETED
2026-06-05 13:45:57 | STEP 1 COMPLETED - Monitoring Engine
2026-06-05 13:45:57 | STEP 2 STARTED - Collect Monitoring Results
2026-06-05 13:45:57 | STEP 2 COMPLETED - Collect Monitoring Results
2026-06-05 13:45:57 | STEP 3 STARTED - AI Analysis
2026-06-05 13:46:02 | STEP 3 COMPLETED - AI Analysis
2026-06-05 13:46:02 | STEP 4 STARTED - Report Generation
2026-06-05 13:46:02 | STEP 4 COMPLETED - Report Generation
2026-06-05 13:46:02 | REPORT FILE CREATED: reports/incident_report_20260605_134602.txt
2026-06-05 13:46:02 | STEP 5 STARTED - Notifications
2026-06-05 13:46:02 | NOTIFICATION WORKFLOW STARTED
2026-06-05 13:46:02 | NOTIFICATION WORKFLOW COMPLETED
2026-06-05 13:46:02 | STEP 5 COMPLETED - Notifications
2026-06-05 13:46:02 | STEP 6 STARTED - Save Report
2026-06-05 13:46:02 | STEP 6 COMPLETED - Save Report
2026-06-05 13:46:02 | WORKFLOW COMPLETED
2026-06-05 13:46:02 | SCHEDULED WORKFLOW EXECUTION COMPLETED
2026-06-05 13:51:02 | SCHEDULED WORKFLOW EXECUTION STARTED
2026-06-05 13:51:02 | WORKFLOW STARTED
2026-06-05 13:51:02 | STEP 0 STARTED - Environment Validation
2026-06-05 13:51:02 | STEP 0 COMPLETED - Environment Validation
2026-06-05 13:51:02 | STEP 1 STARTED - Monitoring Engine
2026-06-05 13:51:02 | MONITORING WORKFLOW STARTED
2026-06-05 13:51:02 | MONITORING WORKFLOW COMPLETED
2026-06-05 13:51:02 | STEP 1 COMPLETED - Monitoring Engine
2026-06-05 13:51:02 | STEP 2 STARTED - Collect Monitoring Results
2026-06-05 13:51:02 | STEP 2 COMPLETED - Collect Monitoring Results
2026-06-05 13:51:02 | STEP 3 STARTED - AI Analysis
2026-06-05 13:51:07 | STEP 3 COMPLETED - AI Analysis
2026-06-05 13:51:07 | STEP 4 STARTED - Report Generation
2026-06-05 13:51:07 | STEP 4 COMPLETED - Report Generation
2026-06-05 13:51:07 | REPORT FILE CREATED: reports/incident_report_20260605_135107.txt
2026-06-05 13:51:07 | STEP 5 STARTED - Notifications
2026-06-05 13:51:07 | NOTIFICATION WORKFLOW STARTED
2026-06-05 13:51:07 | NOTIFICATION WORKFLOW COMPLETED
2026-06-05 13:51:07 | STEP 5 COMPLETED - Notifications
2026-06-05 13:51:07 | STEP 6 STARTED - Save Report
2026-06-05 13:51:07 | STEP 6 COMPLETED - Save Report
2026-06-05 13:51:07 | WORKFLOW COMPLETED
2026-06-05 13:51:07 | SCHEDULED WORKFLOW EXECUTION COMPLETED
2026-06-05 13:56:07 | SCHEDULED WORKFLOW EXECUTION STARTED
2026-06-05 13:56:07 | WORKFLOW STARTED
2026-06-05 13:56:07 | STEP 0 STARTED - Environment Validation
2026-06-05 13:56:07 | STEP 0 COMPLETED - Environment Validation
2026-06-05 13:56:07 | STEP 1 STARTED - Monitoring Engine
2026-06-05 13:56:07 | MONITORING WORKFLOW STARTED
2026-06-05 13:56:07 | MONITORING WORKFLOW COMPLETED
2026-06-05 13:56:07 | STEP 1 COMPLETED - Monitoring Engine
2026-06-05 13:56:07 | STEP 2 STARTED - Collect Monitoring Results
2026-06-05 13:56:07 | STEP 2 COMPLETED - Collect Monitoring Results
2026-06-05 13:56:07 | STEP 3 STARTED - AI Analysis
2026-06-05 13:56:10 | STEP 3 COMPLETED - AI Analysis
2026-06-05 13:56:10 | STEP 4 STARTED - Report Generation
2026-06-05 13:56:10 | STEP 4 COMPLETED - Report Generation
2026-06-05 13:56:10 | REPORT FILE CREATED: reports/incident_report_20260605_135610.txt
2026-06-05 13:56:10 | STEP 5 STARTED - Notifications
2026-06-05 13:56:10 | NOTIFICATION WORKFLOW STARTED
2026-06-05 13:56:10 | NOTIFICATION WORKFLOW COMPLETED
2026-06-05 13:56:10 | STEP 5 COMPLETED - Notifications
2026-06-05 13:56:10 | STEP 6 STARTED - Save Report
2026-06-05 13:56:10 | STEP 6 COMPLETED - Save Report
2026-06-05 13:56:10 | WORKFLOW COMPLETED
2026-06-05 13:56:10 | SCHEDULED WORKFLOW EXECUTION COMPLETED
2026-06-05 14:01:10 | SCHEDULED WORKFLOW EXECUTION STARTED
2026-06-05 14:01:10 | WORKFLOW STARTED
2026-06-05 14:01:10 | STEP 0 STARTED - Environment Validation
2026-06-05 14:01:10 | STEP 0 COMPLETED - Environment Validation
2026-06-05 14:01:10 | STEP 1 STARTED - Monitoring Engine
2026-06-05 14:01:10 | MONITORING WORKFLOW STARTED
2026-06-05 14:01:10 | MONITORING WORKFLOW COMPLETED
2026-06-05 14:01:10 | STEP 1 COMPLETED - Monitoring Engine
2026-06-05 14:01:10 | STEP 2 STARTED - Collect Monitoring Results
2026-06-05 14:01:10 | STEP 2 COMPLETED - Collect Monitoring Results
2026-06-05 14:01:10 | STEP 3 STARTED - AI Analysis
2026-06-05 14:01:13 | STEP 3 COMPLETED - AI Analysis
2026-06-05 14:01:13 | STEP 4 STARTED - Report Generation
2026-06-05 14:01:14 | STEP 4 COMPLETED - Report Generation
2026-06-05 14:01:14 | REPORT FILE CREATED: reports/incident_report_20260605_140114.txt
2026-06-05 14:01:14 | STEP 5 STARTED - Notifications
2026-06-05 14:01:14 | NOTIFICATION WORKFLOW STARTED
2026-06-05 14:01:14 | NOTIFICATION WORKFLOW COMPLETED
2026-06-05 14:01:14 | STEP 5 COMPLETED - Notifications
2026-06-05 14:01:14 | STEP 6 STARTED - Save Report
2026-06-05 14:01:14 | STEP 6 COMPLETED - Save Report
2026-06-05 14:01:14 | WORKFLOW COMPLETED
2026-06-05 14:01:14 | SCHEDULED WORKFLOW EXECUTION COMPLETED
2026-06-05 14:06:14 | SCHEDULED WORKFLOW EXECUTION STARTED
2026-06-05 14:06:14 | WORKFLOW STARTED
2026-06-05 14:06:14 | STEP 0 STARTED - Environment Validation
2026-06-05 14:06:14 | STEP 0 COMPLETED - Environment Validation
2026-06-05 14:06:14 | STEP 1 STARTED - Monitoring Engine
2026-06-05 14:06:14 | MONITORING WORKFLOW STARTED
2026-06-05 14:06:14 | MONITORING WORKFLOW COMPLETED
2026-06-05 14:06:14 | STEP 1 COMPLETED - Monitoring Engine
2026-06-05 14:06:14 | STEP 2 STARTED - Collect Monitoring Results
2026-06-05 14:06:14 | STEP 2 COMPLETED - Collect Monitoring Results
2026-06-05 14:06:14 | STEP 3 STARTED - AI Analysis
2026-06-05 14:06:17 | STEP 3 COMPLETED - AI Analysis
2026-06-05 14:06:17 | STEP 4 STARTED - Report Generation
2026-06-05 14:06:17 | STEP 4 COMPLETED - Report Generation
2026-06-05 14:06:17 | REPORT FILE CREATED: reports/incident_report_20260605_140617.txt
2026-06-05 14:06:17 | STEP 5 STARTED - Notifications
2026-06-05 14:06:17 | NOTIFICATION WORKFLOW STARTED
2026-06-05 14:06:17 | NOTIFICATION WORKFLOW COMPLETED
2026-06-05 14:06:17 | STEP 5 COMPLETED - Notifications
2026-06-05 14:06:17 | STEP 6 STARTED - Save Report
2026-06-05 14:06:17 | STEP 6 COMPLETED - Save Report
2026-06-05 14:06:17 | WORKFLOW COMPLETED
2026-06-05 14:06:17 | SCHEDULED WORKFLOW EXECUTION COMPLETED
2026-06-05 14:11:17 | SCHEDULED WORKFLOW EXECUTION STARTED
2026-06-05 14:11:17 | WORKFLOW STARTED
2026-06-05 14:11:17 | STEP 0 STARTED - Environment Validation
2026-06-05 14:11:17 | STEP 0 COMPLETED - Environment Validation
2026-06-05 14:11:17 | STEP 1 STARTED - Monitoring Engine
2026-06-05 14:11:17 | MONITORING WORKFLOW STARTED
2026-06-05 14:11:17 | MONITORING WORKFLOW COMPLETED
2026-06-05 14:11:17 | STEP 1 COMPLETED - Monitoring Engine
2026-06-05 14:11:17 | STEP 2 STARTED - Collect Monitoring Results
2026-06-05 14:11:17 | STEP 2 COMPLETED - Collect Monitoring Results
2026-06-05 14:11:17 | STEP 3 STARTED - AI Analysis
2026-06-05 14:11:22 | STEP 3 COMPLETED - AI Analysis
2026-06-05 14:11:22 | STEP 4 STARTED - Report Generation
2026-06-05 14:11:22 | STEP 4 COMPLETED - Report Generation
2026-06-05 14:11:22 | REPORT FILE CREATED: reports/incident_report_20260605_141122.txt
2026-06-05 14:11:22 | STEP 5 STARTED - Notifications
2026-06-05 14:11:22 | NOTIFICATION WORKFLOW STARTED
2026-06-05 14:11:22 | NOTIFICATION WORKFLOW COMPLETED
2026-06-05 14:11:22 | STEP 5 COMPLETED - Notifications
2026-06-05 14:11:22 | STEP 6 STARTED - Save Report
2026-06-05 14:11:22 | STEP 6 COMPLETED - Save Report
2026-06-05 14:11:22 | WORKFLOW COMPLETED
2026-06-05 14:11:22 | SCHEDULED WORKFLOW EXECUTION COMPLETED
2026-06-05 14:16:22 | SCHEDULED WORKFLOW EXECUTION STARTED
2026-06-05 14:16:22 | WORKFLOW STARTED
2026-06-05 14:16:22 | STEP 0 STARTED - Environment Validation
2026-06-05 14:16:22 | STEP 0 COMPLETED - Environment Validation
2026-06-05 14:16:22 | STEP 1 STARTED - Monitoring Engine
2026-06-05 14:16:22 | MONITORING WORKFLOW STARTED
2026-06-05 14:16:22 | MONITORING WORKFLOW COMPLETED
2026-06-05 14:16:22 | STEP 1 COMPLETED - Monitoring Engine
2026-06-05 14:16:22 | STEP 2 STARTED - Collect Monitoring Results
2026-06-05 14:16:22 | STEP 2 COMPLETED - Collect Monitoring Results
2026-06-05 14:16:22 | STEP 3 STARTED - AI Analysis
2026-06-05 14:16:26 | STEP 3 COMPLETED - AI Analysis
2026-06-05 14:16:26 | STEP 4 STARTED - Report Generation
2026-06-05 14:16:26 | STEP 4 COMPLETED - Report Generation
2026-06-05 14:16:26 | REPORT FILE CREATED: reports/incident_report_20260605_141626.txt
2026-06-05 14:16:26 | STEP 5 STARTED - Notifications
2026-06-05 14:16:26 | NOTIFICATION WORKFLOW STARTED
2026-06-05 14:16:26 | NOTIFICATION WORKFLOW COMPLETED
2026-06-05 14:16:26 | STEP 5 COMPLETED - Notifications
2026-06-05 14:16:26 | STEP 6 STARTED - Save Report
2026-06-05 14:16:26 | STEP 6 COMPLETED - Save Report
2026-06-05 14:16:26 | WORKFLOW COMPLETED
2026-06-05 14:16:26 | SCHEDULED WORKFLOW EXECUTION COMPLETED
2026-06-05 14:21:26 | SCHEDULED WORKFLOW EXECUTION STARTED
2026-06-05 14:21:26 | WORKFLOW STARTED
2026-06-05 14:21:26 | STEP 0 STARTED - Environment Validation
2026-06-05 14:21:26 | STEP 0 COMPLETED - Environment Validation
2026-06-05 14:21:26 | STEP 1 STARTED - Monitoring Engine
2026-06-05 14:21:26 | MONITORING WORKFLOW STARTED
2026-06-05 14:21:26 | MONITORING WORKFLOW COMPLETED
2026-06-05 14:21:26 | STEP 1 COMPLETED - Monitoring Engine
2026-06-05 14:21:26 | STEP 2 STARTED - Collect Monitoring Results
2026-06-05 14:21:26 | STEP 2 COMPLETED - Collect Monitoring Results
2026-06-05 14:21:26 | STEP 3 STARTED - AI Analysis
2026-06-05 14:21:29 | STEP 3 COMPLETED - AI Analysis
2026-06-05 14:21:29 | STEP 4 STARTED - Report Generation
2026-06-05 14:21:29 | STEP 4 COMPLETED - Report Generation
2026-06-05 14:21:29 | REPORT FILE CREATED: reports/incident_report_20260605_142129.txt
2026-06-05 14:21:29 | STEP 5 STARTED - Notifications
2026-06-05 14:21:29 | NOTIFICATION WORKFLOW STARTED
2026-06-05 14:21:29 | NOTIFICATION WORKFLOW COMPLETED
2026-06-05 14:21:29 | STEP 5 COMPLETED - Notifications
2026-06-05 14:21:29 | STEP 6 STARTED - Save Report
2026-06-05 14:21:29 | STEP 6 COMPLETED - Save Report
2026-06-05 14:21:29 | WORKFLOW COMPLETED
2026-06-05 14:21:29 | SCHEDULED WORKFLOW EXECUTION COMPLETED
2026-06-05 14:26:29 | SCHEDULED WORKFLOW EXECUTION STARTED
2026-06-05 14:26:29 | WORKFLOW STARTED
2026-06-05 14:26:29 | STEP 0 STARTED - Environment Validation
2026-06-05 14:26:29 | STEP 0 COMPLETED - Environment Validation
2026-06-05 14:26:29 | STEP 1 STARTED - Monitoring Engine
2026-06-05 14:26:29 | MONITORING WORKFLOW STARTED
2026-06-05 14:26:29 | MONITORING WORKFLOW COMPLETED
2026-06-05 14:26:29 | STEP 1 COMPLETED - Monitoring Engine
2026-06-05 14:26:29 | STEP 2 STARTED - Collect Monitoring Results
2026-06-05 14:26:29 | STEP 2 COMPLETED - Collect Monitoring Results
2026-06-05 14:26:29 | STEP 3 STARTED - AI Analysis
2026-06-05 14:26:32 | STEP 3 COMPLETED - AI Analysis
2026-06-05 14:26:32 | STEP 4 STARTED - Report Generation
2026-06-05 14:26:32 | STEP 4 COMPLETED - Report Generation
2026-06-05 14:26:32 | REPORT FILE CREATED: reports/incident_report_20260605_142632.txt
2026-06-05 14:26:32 | STEP 5 STARTED - Notifications
2026-06-05 14:26:32 | NOTIFICATION WORKFLOW STARTED
2026-06-05 14:26:32 | NOTIFICATION WORKFLOW COMPLETED
2026-06-05 14:26:32 | STEP 5 COMPLETED - Notifications
2026-06-05 14:26:32 | STEP 6 STARTED - Save Report
2026-06-05 14:26:32 | STEP 6 COMPLETED - Save Report
2026-06-05 14:26:32 | WORKFLOW COMPLETED
2026-06-05 14:26:32 | SCHEDULED WORKFLOW EXECUTION COMPLETED
2026-06-05 14:31:32 | SCHEDULED WORKFLOW EXECUTION STARTED
2026-06-05 14:31:32 | WORKFLOW STARTED
2026-06-05 14:31:32 | STEP 0 STARTED - Environment Validation
2026-06-05 14:31:32 | STEP 0 COMPLETED - Environment Validation
2026-06-05 14:31:32 | STEP 1 STARTED - Monitoring Engine
2026-06-05 14:31:32 | MONITORING WORKFLOW STARTED
2026-06-05 14:31:32 | MONITORING WORKFLOW COMPLETED
2026-06-05 14:31:32 | STEP 1 COMPLETED - Monitoring Engine
2026-06-05 14:31:32 | STEP 2 STARTED - Collect Monitoring Results
2026-06-05 14:31:32 | STEP 2 COMPLETED - Collect Monitoring Results
2026-06-05 14:31:32 | STEP 3 STARTED - AI Analysis
2026-06-05 14:31:37 | STEP 3 COMPLETED - AI Analysis
2026-06-05 14:31:37 | STEP 4 STARTED - Report Generation
2026-06-05 14:31:37 | STEP 4 COMPLETED - Report Generation
2026-06-05 14:31:37 | REPORT FILE CREATED: reports/incident_report_20260605_143137.txt
2026-06-05 14:31:37 | STEP 5 STARTED - Notifications
2026-06-05 14:31:37 | NOTIFICATION WORKFLOW STARTED
2026-06-05 14:31:37 | NOTIFICATION WORKFLOW COMPLETED
2026-06-05 14:31:37 | STEP 5 COMPLETED - Notifications
2026-06-05 14:31:37 | STEP 6 STARTED - Save Report
2026-06-05 14:31:37 | STEP 6 COMPLETED - Save Report
2026-06-05 14:31:37 | WORKFLOW COMPLETED
2026-06-05 14:31:37 | SCHEDULED WORKFLOW EXECUTION COMPLETED
2026-06-05 14:36:37 | SCHEDULED WORKFLOW EXECUTION STARTED
2026-06-05 14:36:37 | WORKFLOW STARTED
2026-06-05 14:36:37 | STEP 0 STARTED - Environment Validation
2026-06-05 14:36:37 | STEP 0 COMPLETED - Environment Validation
2026-06-05 14:36:37 | STEP 1 STARTED - Monitoring Engine
2026-06-05 14:36:37 | MONITORING WORKFLOW STARTED
2026-06-05 14:36:37 | MONITORING WORKFLOW COMPLETED
2026-06-05 14:36:37 | STEP 1 COMPLETED - Monitoring Engine
2026-06-05 14:36:37 | STEP 2 STARTED - Collect Monitoring Results
2026-06-05 14:36:37 | STEP 2 COMPLETED - Collect Monitoring Results
2026-06-05 14:36:37 | STEP 3 STARTED - AI Analysis
2026-06-05 14:36:40 | STEP 3 COMPLETED - AI Analysis
2026-06-05 14:36:40 | STEP 4 STARTED - Report Generation
2026-06-05 14:36:40 | STEP 4 COMPLETED - Report Generation
2026-06-05 14:36:40 | REPORT FILE CREATED: reports/incident_report_20260605_143640.txt
2026-06-05 14:36:40 | STEP 5 STARTED - Notifications
2026-06-05 14:36:40 | NOTIFICATION WORKFLOW STARTED
2026-06-05 14:36:40 | NOTIFICATION WORKFLOW COMPLETED
2026-06-05 14:36:40 | STEP 5 COMPLETED - Notifications
2026-06-05 14:36:40 | STEP 6 STARTED - Save Report
2026-06-05 14:36:40 | STEP 6 COMPLETED - Save Report
2026-06-05 14:36:40 | WORKFLOW COMPLETED
2026-06-05 14:36:40 | SCHEDULED WORKFLOW EXECUTION COMPLETED
2026-06-05 14:41:40 | SCHEDULED WORKFLOW EXECUTION STARTED
2026-06-05 14:41:40 | WORKFLOW STARTED
2026-06-05 14:41:40 | STEP 0 STARTED - Environment Validation
2026-06-05 14:41:40 | STEP 0 COMPLETED - Environment Validation
2026-06-05 14:41:40 | STEP 1 STARTED - Monitoring Engine
2026-06-05 14:41:40 | MONITORING WORKFLOW STARTED
2026-06-05 14:41:41 | MONITORING WORKFLOW COMPLETED
2026-06-05 14:41:41 | STEP 1 COMPLETED - Monitoring Engine
2026-06-05 14:41:41 | STEP 2 STARTED - Collect Monitoring Results
2026-06-05 14:41:41 | STEP 2 COMPLETED - Collect Monitoring Results
2026-06-05 14:41:41 | STEP 3 STARTED - AI Analysis
2026-06-05 14:41:44 | STEP 3 COMPLETED - AI Analysis
2026-06-05 14:41:44 | STEP 4 STARTED - Report Generation
2026-06-05 14:41:44 | STEP 4 COMPLETED - Report Generation
2026-06-05 14:41:44 | REPORT FILE CREATED: reports/incident_report_20260605_144144.txt
2026-06-05 14:41:44 | STEP 5 STARTED - Notifications
2026-06-05 14:41:44 | NOTIFICATION WORKFLOW STARTED
2026-06-05 14:41:44 | NOTIFICATION WORKFLOW COMPLETED
2026-06-05 14:41:44 | STEP 5 COMPLETED - Notifications
2026-06-05 14:41:44 | STEP 6 STARTED - Save Report
2026-06-05 14:41:44 | STEP 6 COMPLETED - Save Report
2026-06-05 14:41:44 | WORKFLOW COMPLETED
2026-06-05 14:41:44 | SCHEDULED WORKFLOW EXECUTION COMPLETED
2026-06-05 14:46:44 | SCHEDULED WORKFLOW EXECUTION STARTED
2026-06-05 14:46:44 | WORKFLOW STARTED
2026-06-05 14:46:44 | STEP 0 STARTED - Environment Validation
2026-06-05 14:46:44 | STEP 0 COMPLETED - Environment Validation
2026-06-05 14:46:44 | STEP 1 STARTED - Monitoring Engine
2026-06-05 14:46:44 | MONITORING WORKFLOW STARTED
2026-06-05 14:46:44 | MONITORING WORKFLOW COMPLETED
2026-06-05 14:46:44 | STEP 1 COMPLETED - Monitoring Engine
2026-06-05 14:46:44 | STEP 2 STARTED - Collect Monitoring Results
2026-06-05 14:46:44 | STEP 2 COMPLETED - Collect Monitoring Results
2026-06-05 14:46:44 | STEP 3 STARTED - AI Analysis
2026-06-05 14:46:48 | STEP 3 COMPLETED - AI Analysis
2026-06-05 14:46:48 | STEP 4 STARTED - Report Generation
2026-06-05 14:46:48 | STEP 4 COMPLETED - Report Generation
2026-06-05 14:46:48 | REPORT FILE CREATED: reports/incident_report_20260605_144648.txt
2026-06-05 14:46:48 | STEP 5 STARTED - Notifications
2026-06-05 14:46:48 | NOTIFICATION WORKFLOW STARTED
2026-06-05 14:46:48 | NOTIFICATION WORKFLOW COMPLETED
2026-06-05 14:46:48 | STEP 5 COMPLETED - Notifications
2026-06-05 14:46:48 | STEP 6 STARTED - Save Report
2026-06-05 14:46:48 | STEP 6 COMPLETED - Save Report
2026-06-05 14:46:48 | WORKFLOW COMPLETED
2026-06-05 14:46:48 | SCHEDULED WORKFLOW EXECUTION COMPLETED
2026-06-05 14:51:48 | SCHEDULED WORKFLOW EXECUTION STARTED
2026-06-05 14:51:48 | WORKFLOW STARTED
2026-06-05 14:51:48 | STEP 0 STARTED - Environment Validation
2026-06-05 14:51:48 | STEP 0 COMPLETED - Environment Validation
2026-06-05 14:51:48 | STEP 1 STARTED - Monitoring Engine
2026-06-05 14:51:48 | MONITORING WORKFLOW STARTED
2026-06-05 14:51:48 | MONITORING WORKFLOW COMPLETED
2026-06-05 14:51:48 | STEP 1 COMPLETED - Monitoring Engine
2026-06-05 14:51:48 | STEP 2 STARTED - Collect Monitoring Results
2026-06-05 14:51:48 | STEP 2 COMPLETED - Collect Monitoring Results
2026-06-05 14:51:48 | STEP 3 STARTED - AI Analysis
2026-06-05 14:51:51 | STEP 3 COMPLETED - AI Analysis
2026-06-05 14:51:51 | STEP 4 STARTED - Report Generation
2026-06-05 14:51:51 | STEP 4 COMPLETED - Report Generation
2026-06-05 14:51:51 | REPORT FILE CREATED: reports/incident_report_20260605_145151.txt
2026-06-05 14:51:51 | STEP 5 STARTED - Notifications
2026-06-05 14:51:51 | NOTIFICATION WORKFLOW STARTED
2026-06-05 14:51:51 | NOTIFICATION WORKFLOW COMPLETED
2026-06-05 14:51:51 | STEP 5 COMPLETED - Notifications
2026-06-05 14:51:51 | STEP 6 STARTED - Save Report
2026-06-05 14:51:51 | STEP 6 COMPLETED - Save Report
2026-06-05 14:51:51 | WORKFLOW COMPLETED
2026-06-05 14:51:51 | SCHEDULED WORKFLOW EXECUTION COMPLETED
2026-06-05 14:56:51 | SCHEDULED WORKFLOW EXECUTION STARTED
2026-06-05 14:56:51 | WORKFLOW STARTED
2026-06-05 14:56:51 | STEP 0 STARTED - Environment Validation
2026-06-05 14:56:51 | STEP 0 COMPLETED - Environment Validation
2026-06-05 14:56:51 | STEP 1 STARTED - Monitoring Engine
2026-06-05 14:56:51 | MONITORING WORKFLOW STARTED
2026-06-05 14:56:51 | MONITORING WORKFLOW COMPLETED
2026-06-05 14:56:51 | STEP 1 COMPLETED - Monitoring Engine
2026-06-05 14:56:51 | STEP 2 STARTED - Collect Monitoring Results
2026-06-05 14:56:51 | STEP 2 COMPLETED - Collect Monitoring Results
2026-06-05 14:56:51 | STEP 3 STARTED - AI Analysis
2026-06-05 14:56:55 | STEP 3 COMPLETED - AI Analysis
2026-06-05 14:56:55 | STEP 4 STARTED - Report Generation
2026-06-05 14:56:55 | STEP 4 COMPLETED - Report Generation
2026-06-05 14:56:55 | REPORT FILE CREATED: reports/incident_report_20260605_145655.txt
2026-06-05 14:56:55 | STEP 5 STARTED - Notifications
2026-06-05 14:56:55 | NOTIFICATION WORKFLOW STARTED
2026-06-05 14:56:55 | NOTIFICATION WORKFLOW COMPLETED
2026-06-05 14:56:55 | STEP 5 COMPLETED - Notifications
2026-06-05 14:56:55 | STEP 6 STARTED - Save Report
2026-06-05 14:56:55 | STEP 6 COMPLETED - Save Report
2026-06-05 14:56:55 | WORKFLOW COMPLETED
2026-06-05 14:56:55 | SCHEDULED WORKFLOW EXECUTION COMPLETED
2026-06-05 15:01:55 | SCHEDULED WORKFLOW EXECUTION STARTED
2026-06-05 15:01:55 | WORKFLOW STARTED
2026-06-05 15:01:55 | STEP 0 STARTED - Environment Validation
2026-06-05 15:01:55 | STEP 0 COMPLETED - Environment Validation
2026-06-05 15:01:55 | STEP 1 STARTED - Monitoring Engine
2026-06-05 15:01:55 | MONITORING WORKFLOW STARTED
2026-06-05 15:01:55 | MONITORING WORKFLOW COMPLETED
2026-06-05 15:01:55 | STEP 1 COMPLETED - Monitoring Engine
2026-06-05 15:01:55 | STEP 2 STARTED - Collect Monitoring Results
2026-06-05 15:01:55 | STEP 2 COMPLETED - Collect Monitoring Results
2026-06-05 15:01:55 | STEP 3 STARTED - AI Analysis
2026-06-05 15:01:59 | STEP 3 COMPLETED - AI Analysis
2026-06-05 15:01:59 | STEP 4 STARTED - Report Generation
2026-06-05 15:01:59 | STEP 4 COMPLETED - Report Generation
2026-06-05 15:01:59 | REPORT FILE CREATED: reports/incident_report_20260605_150159.txt
2026-06-05 15:01:59 | STEP 5 STARTED - Notifications
2026-06-05 15:01:59 | NOTIFICATION WORKFLOW STARTED
2026-06-05 15:01:59 | NOTIFICATION WORKFLOW COMPLETED
2026-06-05 15:01:59 | STEP 5 COMPLETED - Notifications
2026-06-05 15:01:59 | STEP 6 STARTED - Save Report
2026-06-05 15:01:59 | STEP 6 COMPLETED - Save Report
2026-06-05 15:01:59 | WORKFLOW COMPLETED
2026-06-05 15:01:59 | SCHEDULED WORKFLOW EXECUTION COMPLETED
2026-06-05 15:06:59 | SCHEDULED WORKFLOW EXECUTION STARTED
2026-06-05 15:06:59 | WORKFLOW STARTED
2026-06-05 15:06:59 | STEP 0 STARTED - Environment Validation
2026-06-05 15:06:59 | STEP 0 COMPLETED - Environment Validation
2026-06-05 15:06:59 | STEP 1 STARTED - Monitoring Engine
2026-06-05 15:06:59 | MONITORING WORKFLOW STARTED
2026-06-05 15:07:00 | MONITORING WORKFLOW COMPLETED
2026-06-05 15:07:00 | STEP 1 COMPLETED - Monitoring Engine
2026-06-05 15:07:00 | STEP 2 STARTED - Collect Monitoring Results
2026-06-05 15:07:00 | STEP 2 COMPLETED - Collect Monitoring Results
2026-06-05 15:07:00 | STEP 3 STARTED - AI Analysis
2026-06-05 15:07:03 | STEP 3 COMPLETED - AI Analysis
2026-06-05 15:07:03 | STEP 4 STARTED - Report Generation
2026-06-05 15:07:03 | STEP 4 COMPLETED - Report Generation
2026-06-05 15:07:03 | REPORT FILE CREATED: reports/incident_report_20260605_150703.txt
2026-06-05 15:07:03 | STEP 5 STARTED - Notifications
2026-06-05 15:07:03 | NOTIFICATION WORKFLOW STARTED
2026-06-05 15:07:03 | NOTIFICATION WORKFLOW COMPLETED
2026-06-05 15:07:03 | STEP 5 COMPLETED - Notifications
2026-06-05 15:07:03 | STEP 6 STARTED - Save Report
2026-06-05 15:07:03 | STEP 6 COMPLETED - Save Report
2026-06-05 15:07:03 | WORKFLOW COMPLETED
2026-06-05 15:07:03 | SCHEDULED WORKFLOW EXECUTION COMPLETED
2026-06-05 15:12:03 | SCHEDULED WORKFLOW EXECUTION STARTED
2026-06-05 15:12:03 | WORKFLOW STARTED
2026-06-05 15:12:03 | STEP 0 STARTED - Environment Validation
2026-06-05 15:12:03 | STEP 0 COMPLETED - Environment Validation
2026-06-05 15:12:03 | STEP 1 STARTED - Monitoring Engine
2026-06-05 15:12:03 | MONITORING WORKFLOW STARTED
2026-06-05 15:12:03 | MONITORING WORKFLOW COMPLETED
2026-06-05 15:12:03 | STEP 1 COMPLETED - Monitoring Engine
2026-06-05 15:12:03 | STEP 2 STARTED - Collect Monitoring Results
2026-06-05 15:12:03 | STEP 2 COMPLETED - Collect Monitoring Results
2026-06-05 15:12:03 | STEP 3 STARTED - AI Analysis
2026-06-05 15:12:11 | STEP 3 COMPLETED - AI Analysis
2026-06-05 15:12:11 | STEP 4 STARTED - Report Generation
2026-06-05 15:12:11 | STEP 4 COMPLETED - Report Generation
2026-06-05 15:12:11 | REPORT FILE CREATED: reports/incident_report_20260605_151211.txt
2026-06-05 15:12:11 | STEP 5 STARTED - Notifications
2026-06-05 15:12:11 | NOTIFICATION WORKFLOW STARTED
2026-06-05 15:12:11 | NOTIFICATION WORKFLOW COMPLETED
2026-06-05 15:12:11 | STEP 5 COMPLETED - Notifications
2026-06-05 15:12:11 | STEP 6 STARTED - Save Report
2026-06-05 15:12:11 | STEP 6 COMPLETED - Save Report
2026-06-05 15:12:11 | WORKFLOW COMPLETED
2026-06-05 15:12:11 | SCHEDULED WORKFLOW EXECUTION COMPLETED
2026-06-05 15:17:11 | SCHEDULED WORKFLOW EXECUTION STARTED
2026-06-05 15:17:11 | WORKFLOW STARTED
2026-06-05 15:17:11 | STEP 0 STARTED - Environment Validation
2026-06-05 15:17:11 | STEP 0 COMPLETED - Environment Validation
2026-06-05 15:17:11 | STEP 1 STARTED - Monitoring Engine
2026-06-05 15:17:11 | MONITORING WORKFLOW STARTED
2026-06-05 15:17:11 | MONITORING WORKFLOW COMPLETED
2026-06-05 15:17:11 | STEP 1 COMPLETED - Monitoring Engine
2026-06-05 15:17:11 | STEP 2 STARTED - Collect Monitoring Results
2026-06-05 15:17:11 | STEP 2 COMPLETED - Collect Monitoring Results
2026-06-05 15:17:11 | STEP 3 STARTED - AI Analysis
2026-06-05 15:17:14 | STEP 3 COMPLETED - AI Analysis
2026-06-05 15:17:14 | STEP 4 STARTED - Report Generation
2026-06-05 15:17:14 | STEP 4 COMPLETED - Report Generation
2026-06-05 15:17:14 | REPORT FILE CREATED: reports/incident_report_20260605_151714.txt
2026-06-05 15:17:14 | STEP 5 STARTED - Notifications
2026-06-05 15:17:14 | NOTIFICATION WORKFLOW STARTED
2026-06-05 15:17:14 | NOTIFICATION WORKFLOW COMPLETED
2026-06-05 15:17:14 | STEP 5 COMPLETED - Notifications
2026-06-05 15:17:14 | STEP 6 STARTED - Save Report
2026-06-05 15:17:14 | STEP 6 COMPLETED - Save Report
2026-06-05 15:17:14 | WORKFLOW COMPLETED
2026-06-05 15:17:14 | SCHEDULED WORKFLOW EXECUTION COMPLETED
2026-06-05 15:22:14 | SCHEDULED WORKFLOW EXECUTION STARTED
2026-06-05 15:22:14 | WORKFLOW STARTED
2026-06-05 15:22:14 | STEP 0 STARTED - Environment Validation
2026-06-05 15:22:14 | STEP 0 COMPLETED - Environment Validation
2026-06-05 15:22:14 | STEP 1 STARTED - Monitoring Engine
2026-06-05 15:22:14 | MONITORING WORKFLOW STARTED
2026-06-05 15:22:14 | MONITORING WORKFLOW COMPLETED
2026-06-05 15:22:14 | STEP 1 COMPLETED - Monitoring Engine
2026-06-05 15:22:14 | STEP 2 STARTED - Collect Monitoring Results
2026-06-05 15:22:14 | STEP 2 COMPLETED - Collect Monitoring Results
2026-06-05 15:22:14 | STEP 3 STARTED - AI Analysis
2026-06-05 15:22:18 | STEP 3 COMPLETED - AI Analysis
2026-06-05 15:22:18 | STEP 4 STARTED - Report Generation
2026-06-05 15:22:18 | STEP 4 COMPLETED - Report Generation
2026-06-05 15:22:18 | REPORT FILE CREATED: reports/incident_report_20260605_152218.txt
2026-06-05 15:22:18 | STEP 5 STARTED - Notifications
2026-06-05 15:22:18 | NOTIFICATION WORKFLOW STARTED
2026-06-05 15:22:18 | NOTIFICATION WORKFLOW COMPLETED
2026-06-05 15:22:18 | STEP 5 COMPLETED - Notifications
2026-06-05 15:22:18 | STEP 6 STARTED - Save Report
2026-06-05 15:22:18 | STEP 6 COMPLETED - Save Report
2026-06-05 15:22:18 | WORKFLOW COMPLETED
2026-06-05 15:22:18 | SCHEDULED WORKFLOW EXECUTION COMPLETED
2026-06-05 15:27:18 | SCHEDULED WORKFLOW EXECUTION STARTED
2026-06-05 15:27:18 | WORKFLOW STARTED
2026-06-05 15:27:18 | STEP 0 STARTED - Environment Validation
2026-06-05 15:27:18 | STEP 0 COMPLETED - Environment Validation
2026-06-05 15:27:18 | STEP 1 STARTED - Monitoring Engine
2026-06-05 15:27:18 | MONITORING WORKFLOW STARTED
2026-06-05 15:27:18 | MONITORING WORKFLOW COMPLETED
2026-06-05 15:27:18 | STEP 1 COMPLETED - Monitoring Engine
2026-06-05 15:27:18 | STEP 2 STARTED - Collect Monitoring Results
2026-06-05 15:27:18 | STEP 2 COMPLETED - Collect Monitoring Results
2026-06-05 15:27:18 | STEP 3 STARTED - AI Analysis
2026-06-05 15:27:22 | STEP 3 COMPLETED - AI Analysis
2026-06-05 15:27:22 | STEP 4 STARTED - Report Generation
2026-06-05 15:27:22 | STEP 4 COMPLETED - Report Generation
2026-06-05 15:27:22 | REPORT FILE CREATED: reports/incident_report_20260605_152722.txt
2026-06-05 15:27:22 | STEP 5 STARTED - Notifications
2026-06-05 15:27:22 | NOTIFICATION WORKFLOW STARTED
2026-06-05 15:27:22 | NOTIFICATION WORKFLOW COMPLETED
2026-06-05 15:27:22 | STEP 5 COMPLETED - Notifications
2026-06-05 15:27:22 | STEP 6 STARTED - Save Report
2026-06-05 15:27:22 | STEP 6 COMPLETED - Save Report
2026-06-05 15:27:22 | WORKFLOW COMPLETED
2026-06-05 15:27:22 | SCHEDULED WORKFLOW EXECUTION COMPLETED
2026-06-05 15:32:22 | SCHEDULED WORKFLOW EXECUTION STARTED
2026-06-05 15:32:22 | WORKFLOW STARTED
2026-06-05 15:32:22 | STEP 0 STARTED - Environment Validation
2026-06-05 15:32:22 | STEP 0 COMPLETED - Environment Validation
2026-06-05 15:32:22 | STEP 1 STARTED - Monitoring Engine
2026-06-05 15:32:22 | MONITORING WORKFLOW STARTED
2026-06-05 15:32:22 | MONITORING WORKFLOW COMPLETED
2026-06-05 15:32:22 | STEP 1 COMPLETED - Monitoring Engine
2026-06-05 15:32:22 | STEP 2 STARTED - Collect Monitoring Results
2026-06-05 15:32:22 | STEP 2 COMPLETED - Collect Monitoring Results
2026-06-05 15:32:22 | STEP 3 STARTED - AI Analysis
2026-06-05 15:32:25 | STEP 3 COMPLETED - AI Analysis
2026-06-05 15:32:25 | STEP 4 STARTED - Report Generation
2026-06-05 15:32:25 | STEP 4 COMPLETED - Report Generation
2026-06-05 15:32:25 | REPORT FILE CREATED: reports/incident_report_20260605_153225.txt
2026-06-05 15:32:25 | STEP 5 STARTED - Notifications
2026-06-05 15:32:25 | NOTIFICATION WORKFLOW STARTED
2026-06-05 15:32:25 | NOTIFICATION WORKFLOW COMPLETED
2026-06-05 15:32:25 | STEP 5 COMPLETED - Notifications
2026-06-05 15:32:25 | STEP 6 STARTED - Save Report
2026-06-05 15:32:25 | STEP 6 COMPLETED - Save Report
2026-06-05 15:32:25 | WORKFLOW COMPLETED
2026-06-05 15:32:25 | SCHEDULED WORKFLOW EXECUTION COMPLETED
2026-06-05 15:36:58 | APPROVAL REQUEST 20260605130432 UPDATED TO REJECTED
2026-06-05 15:37:25 | SCHEDULED WORKFLOW EXECUTION STARTED
2026-06-05 15:37:25 | WORKFLOW STARTED
2026-06-05 15:37:25 | STEP 0 STARTED - Environment Validation
2026-06-05 15:37:25 | STEP 0 COMPLETED - Environment Validation
2026-06-05 15:37:25 | STEP 1 STARTED - Monitoring Engine
2026-06-05 15:37:25 | MONITORING WORKFLOW STARTED
2026-06-05 15:37:25 | MONITORING WORKFLOW COMPLETED
2026-06-05 15:37:25 | STEP 1 COMPLETED - Monitoring Engine
2026-06-05 15:37:25 | STEP 2 STARTED - Collect Monitoring Results
2026-06-05 15:37:25 | STEP 2 COMPLETED - Collect Monitoring Results
2026-06-05 15:37:25 | STEP 3 STARTED - AI Analysis
2026-06-05 15:37:30 | STEP 3 COMPLETED - AI Analysis
2026-06-05 15:37:30 | STEP 4 STARTED - Report Generation
2026-06-05 15:37:30 | STEP 4 COMPLETED - Report Generation
2026-06-05 15:37:30 | REPORT FILE CREATED: reports/incident_report_20260605_153730.txt
2026-06-05 15:37:30 | STEP 5 STARTED - Notifications
2026-06-05 15:37:30 | NOTIFICATION WORKFLOW STARTED
2026-06-05 15:37:30 | NOTIFICATION WORKFLOW COMPLETED
2026-06-05 15:37:30 | STEP 5 COMPLETED - Notifications
2026-06-05 15:37:30 | STEP 6 STARTED - Save Report
2026-06-05 15:37:30 | STEP 6 COMPLETED - Save Report
2026-06-05 15:37:30 | WORKFLOW COMPLETED
2026-06-05 15:37:30 | SCHEDULED WORKFLOW EXECUTION COMPLETED
2026-06-05 15:42:30 | SCHEDULED WORKFLOW EXECUTION STARTED
2026-06-05 15:42:30 | WORKFLOW STARTED
2026-06-05 15:42:30 | STEP 0 STARTED - Environment Validation
2026-06-05 15:42:30 | STEP 0 COMPLETED - Environment Validation
2026-06-05 15:42:30 | STEP 1 STARTED - Monitoring Engine
2026-06-05 15:42:30 | MONITORING WORKFLOW STARTED
2026-06-05 15:42:30 | MONITORING WORKFLOW COMPLETED
2026-06-05 15:42:30 | STEP 1 COMPLETED - Monitoring Engine
2026-06-05 15:42:30 | STEP 2 STARTED - Collect Monitoring Results
2026-06-05 15:42:30 | STEP 2 COMPLETED - Collect Monitoring Results
2026-06-05 15:42:30 | STEP 3 STARTED - AI Analysis
2026-06-05 15:42:33 | STEP 3 COMPLETED - AI Analysis
2026-06-05 15:42:33 | STEP 4 STARTED - Report Generation
2026-06-05 15:42:33 | STEP 4 COMPLETED - Report Generation
2026-06-05 15:42:33 | REPORT FILE CREATED: reports/incident_report_20260605_154233.txt
2026-06-05 15:42:33 | STEP 5 STARTED - Notifications
2026-06-05 15:42:33 | NOTIFICATION WORKFLOW STARTED
2026-06-05 15:42:33 | NOTIFICATION WORKFLOW COMPLETED
2026-06-05 15:42:33 | STEP 5 COMPLETED - Notifications
2026-06-05 15:42:33 | STEP 6 STARTED - Save Report
2026-06-05 15:42:33 | STEP 6 COMPLETED - Save Report
2026-06-05 15:42:33 | WORKFLOW COMPLETED
2026-06-05 15:42:33 | SCHEDULED WORKFLOW EXECUTION COMPLETED
2026-06-05 15:47:33 | SCHEDULED WORKFLOW EXECUTION STARTED
2026-06-05 15:47:33 | WORKFLOW STARTED
2026-06-05 15:47:33 | STEP 0 STARTED - Environment Validation
2026-06-05 15:47:33 | STEP 0 COMPLETED - Environment Validation
2026-06-05 15:47:33 | STEP 1 STARTED - Monitoring Engine
2026-06-05 15:47:33 | MONITORING WORKFLOW STARTED
2026-06-05 15:47:33 | MONITORING WORKFLOW COMPLETED
2026-06-05 15:47:33 | STEP 1 COMPLETED - Monitoring Engine
2026-06-05 15:47:33 | STEP 2 STARTED - Collect Monitoring Results
2026-06-05 15:47:33 | STEP 2 COMPLETED - Collect Monitoring Results
2026-06-05 15:47:33 | STEP 3 STARTED - AI Analysis
2026-06-05 15:47:36 | STEP 3 COMPLETED - AI Analysis
2026-06-05 15:47:36 | STEP 4 STARTED - Report Generation
2026-06-05 15:47:36 | STEP 4 COMPLETED - Report Generation
2026-06-05 15:47:36 | REPORT FILE CREATED: reports/incident_report_20260605_154736.txt
2026-06-05 15:47:36 | STEP 5 STARTED - Notifications
2026-06-05 15:47:36 | NOTIFICATION WORKFLOW STARTED
2026-06-05 15:47:36 | NOTIFICATION WORKFLOW COMPLETED
2026-06-05 15:47:36 | STEP 5 COMPLETED - Notifications
2026-06-05 15:47:36 | STEP 6 STARTED - Save Report
2026-06-05 15:47:36 | STEP 6 COMPLETED - Save Report
2026-06-05 15:47:36 | WORKFLOW COMPLETED
2026-06-05 15:47:36 | SCHEDULED WORKFLOW EXECUTION COMPLETED
2026-06-05 15:52:36 | SCHEDULED WORKFLOW EXECUTION STARTED
2026-06-05 15:52:36 | WORKFLOW STARTED
2026-06-05 15:52:36 | STEP 0 STARTED - Environment Validation
2026-06-05 15:52:36 | STEP 0 COMPLETED - Environment Validation
2026-06-05 15:52:36 | STEP 1 STARTED - Monitoring Engine
2026-06-05 15:52:36 | MONITORING WORKFLOW STARTED
2026-06-05 15:52:36 | MONITORING WORKFLOW COMPLETED
2026-06-05 15:52:36 | STEP 1 COMPLETED - Monitoring Engine
2026-06-05 15:52:36 | STEP 2 STARTED - Collect Monitoring Results
2026-06-05 15:52:36 | STEP 2 COMPLETED - Collect Monitoring Results
2026-06-05 15:52:36 | STEP 3 STARTED - AI Analysis
2026-06-05 15:52:40 | STEP 3 COMPLETED - AI Analysis
2026-06-05 15:52:40 | STEP 4 STARTED - Report Generation
2026-06-05 15:52:40 | STEP 4 COMPLETED - Report Generation
2026-06-05 15:52:40 | REPORT FILE CREATED: reports/incident_report_20260605_155240.txt
2026-06-05 15:52:40 | STEP 5 STARTED - Notifications
2026-06-05 15:52:40 | NOTIFICATION WORKFLOW STARTED
2026-06-05 15:52:40 | NOTIFICATION WORKFLOW COMPLETED
2026-06-05 15:52:40 | STEP 5 COMPLETED - Notifications
2026-06-05 15:52:40 | STEP 6 STARTED - Save Report
2026-06-05 15:52:40 | STEP 6 COMPLETED - Save Report
2026-06-05 15:52:40 | WORKFLOW COMPLETED
2026-06-05 15:52:40 | SCHEDULED WORKFLOW EXECUTION COMPLETED
2026-06-05 15:57:40 | SCHEDULED WORKFLOW EXECUTION STARTED
2026-06-05 15:57:40 | WORKFLOW STARTED
2026-06-05 15:57:40 | STEP 0 STARTED - Environment Validation
2026-06-05 15:57:40 | STEP 0 COMPLETED - Environment Validation
2026-06-05 15:57:40 | STEP 1 STARTED - Monitoring Engine
2026-06-05 15:57:40 | MONITORING WORKFLOW STARTED
2026-06-05 15:57:41 | MONITORING WORKFLOW COMPLETED
2026-06-05 15:57:41 | STEP 1 COMPLETED - Monitoring Engine
2026-06-05 15:57:41 | STEP 2 STARTED - Collect Monitoring Results
2026-06-05 15:57:41 | STEP 2 COMPLETED - Collect Monitoring Results
2026-06-05 15:57:41 | STEP 3 STARTED - AI Analysis
2026-06-05 15:57:47 | STEP 3 COMPLETED - AI Analysis
2026-06-05 15:57:47 | STEP 4 STARTED - Report Generation
2026-06-05 15:57:47 | STEP 4 COMPLETED - Report Generation
2026-06-05 15:57:47 | REPORT FILE CREATED: reports/incident_report_20260605_155747.txt
2026-06-05 15:57:47 | STEP 5 STARTED - Notifications
2026-06-05 15:57:47 | NOTIFICATION WORKFLOW STARTED
2026-06-05 15:57:47 | NOTIFICATION WORKFLOW COMPLETED
2026-06-05 15:57:47 | STEP 5 COMPLETED - Notifications
2026-06-05 15:57:47 | STEP 6 STARTED - Save Report
2026-06-05 15:57:47 | STEP 6 COMPLETED - Save Report
2026-06-05 15:57:47 | WORKFLOW COMPLETED
2026-06-05 15:57:47 | SCHEDULED WORKFLOW EXECUTION COMPLETED
2026-06-05 16:02:47 | SCHEDULED WORKFLOW EXECUTION STARTED
2026-06-05 16:02:47 | WORKFLOW STARTED
2026-06-05 16:02:47 | STEP 0 STARTED - Environment Validation
2026-06-05 16:02:47 | STEP 0 COMPLETED - Environment Validation
2026-06-05 16:02:47 | STEP 1 STARTED - Monitoring Engine
2026-06-05 16:02:47 | MONITORING WORKFLOW STARTED
2026-06-05 16:02:47 | MONITORING WORKFLOW COMPLETED
2026-06-05 16:02:47 | STEP 1 COMPLETED - Monitoring Engine
2026-06-05 16:02:47 | STEP 2 STARTED - Collect Monitoring Results
2026-06-05 16:02:47 | STEP 2 COMPLETED - Collect Monitoring Results
2026-06-05 16:02:47 | STEP 3 STARTED - AI Analysis
2026-06-05 16:02:50 | STEP 3 COMPLETED - AI Analysis
2026-06-05 16:02:50 | STEP 4 STARTED - Report Generation
2026-06-05 16:02:50 | STEP 4 COMPLETED - Report Generation
2026-06-05 16:02:50 | REPORT FILE CREATED: reports/incident_report_20260605_160250.txt
2026-06-05 16:02:50 | STEP 5 STARTED - Notifications
2026-06-05 16:02:50 | NOTIFICATION WORKFLOW STARTED
2026-06-05 16:02:50 | NOTIFICATION WORKFLOW COMPLETED
2026-06-05 16:02:50 | STEP 5 COMPLETED - Notifications
2026-06-05 16:02:50 | STEP 6 STARTED - Save Report
2026-06-05 16:02:50 | STEP 6 COMPLETED - Save Report
2026-06-05 16:02:50 | WORKFLOW COMPLETED
2026-06-05 16:02:50 | SCHEDULED WORKFLOW EXECUTION COMPLETED
2026-06-05 16:07:50 | SCHEDULED WORKFLOW EXECUTION STARTED
2026-06-05 16:07:50 | WORKFLOW STARTED
2026-06-05 16:07:50 | STEP 0 STARTED - Environment Validation
2026-06-05 16:07:50 | STEP 0 COMPLETED - Environment Validation
2026-06-05 16:07:50 | STEP 1 STARTED - Monitoring Engine
2026-06-05 16:07:50 | MONITORING WORKFLOW STARTED
2026-06-05 16:07:50 | MONITORING WORKFLOW COMPLETED
2026-06-05 16:07:50 | STEP 1 COMPLETED - Monitoring Engine
2026-06-05 16:07:50 | STEP 2 STARTED - Collect Monitoring Results
2026-06-05 16:07:50 | STEP 2 COMPLETED - Collect Monitoring Results
2026-06-05 16:07:50 | STEP 3 STARTED - AI Analysis
2026-06-05 16:07:53 | STEP 3 COMPLETED - AI Analysis
2026-06-05 16:07:53 | STEP 4 STARTED - Report Generation
2026-06-05 16:07:53 | STEP 4 COMPLETED - Report Generation
2026-06-05 16:07:53 | REPORT FILE CREATED: reports/incident_report_20260605_160753.txt
2026-06-05 16:07:53 | STEP 5 STARTED - Notifications
2026-06-05 16:07:53 | NOTIFICATION WORKFLOW STARTED
2026-06-05 16:07:53 | NOTIFICATION WORKFLOW COMPLETED
2026-06-05 16:07:53 | STEP 5 COMPLETED - Notifications
2026-06-05 16:07:53 | STEP 6 STARTED - Save Report
2026-06-05 16:07:53 | STEP 6 COMPLETED - Save Report
2026-06-05 16:07:53 | WORKFLOW COMPLETED
2026-06-05 16:07:53 | SCHEDULED WORKFLOW EXECUTION COMPLETED
2026-06-05 16:12:53 | SCHEDULED WORKFLOW EXECUTION STARTED
2026-06-05 16:12:53 | WORKFLOW STARTED
2026-06-05 16:12:53 | STEP 0 STARTED - Environment Validation
2026-06-05 16:12:53 | STEP 0 COMPLETED - Environment Validation
2026-06-05 16:12:53 | STEP 1 STARTED - Monitoring Engine
2026-06-05 16:12:53 | MONITORING WORKFLOW STARTED
2026-06-05 16:12:53 | MONITORING WORKFLOW COMPLETED
2026-06-05 16:12:53 | STEP 1 COMPLETED - Monitoring Engine
2026-06-05 16:12:53 | STEP 2 STARTED - Collect Monitoring Results
2026-06-05 16:12:53 | STEP 2 COMPLETED - Collect Monitoring Results
2026-06-05 16:12:53 | STEP 3 STARTED - AI Analysis
2026-06-05 16:12:57 | STEP 3 COMPLETED - AI Analysis
2026-06-05 16:12:57 | STEP 4 STARTED - Report Generation
2026-06-05 16:12:57 | STEP 4 COMPLETED - Report Generation
2026-06-05 16:12:57 | REPORT FILE CREATED: reports/incident_report_20260605_161257.txt
2026-06-05 16:12:57 | STEP 5 STARTED - Notifications
2026-06-05 16:12:57 | NOTIFICATION WORKFLOW STARTED
2026-06-05 16:12:57 | NOTIFICATION WORKFLOW COMPLETED
2026-06-05 16:12:57 | STEP 5 COMPLETED - Notifications
2026-06-05 16:12:57 | STEP 6 STARTED - Save Report
2026-06-05 16:12:57 | STEP 6 COMPLETED - Save Report
2026-06-05 16:12:57 | WORKFLOW COMPLETED
2026-06-05 16:12:57 | SCHEDULED WORKFLOW EXECUTION COMPLETED
2026-06-05 16:17:57 | SCHEDULED WORKFLOW EXECUTION STARTED
2026-06-05 16:17:57 | WORKFLOW STARTED
2026-06-05 16:17:57 | STEP 0 STARTED - Environment Validation
2026-06-05 16:17:57 | STEP 0 COMPLETED - Environment Validation
2026-06-05 16:17:57 | STEP 1 STARTED - Monitoring Engine
2026-06-05 16:17:57 | MONITORING WORKFLOW STARTED
2026-06-05 16:17:57 | MONITORING WORKFLOW COMPLETED
2026-06-05 16:17:57 | STEP 1 COMPLETED - Monitoring Engine
2026-06-05 16:17:57 | STEP 2 STARTED - Collect Monitoring Results
2026-06-05 16:17:57 | STEP 2 COMPLETED - Collect Monitoring Results
2026-06-05 16:17:57 | STEP 3 STARTED - AI Analysis
2026-06-05 16:18:01 | STEP 3 COMPLETED - AI Analysis
2026-06-05 16:18:01 | STEP 4 STARTED - Report Generation
2026-06-05 16:18:01 | STEP 4 COMPLETED - Report Generation
2026-06-05 16:18:01 | REPORT FILE CREATED: reports/incident_report_20260605_161801.txt
2026-06-05 16:18:01 | STEP 5 STARTED - Notifications
2026-06-05 16:18:01 | NOTIFICATION WORKFLOW STARTED
2026-06-05 16:18:01 | NOTIFICATION WORKFLOW COMPLETED
2026-06-05 16:18:01 | STEP 5 COMPLETED - Notifications
2026-06-05 16:18:01 | STEP 6 STARTED - Save Report
2026-06-05 16:18:01 | STEP 6 COMPLETED - Save Report
2026-06-05 16:18:01 | WORKFLOW COMPLETED
2026-06-05 16:18:01 | SCHEDULED WORKFLOW EXECUTION COMPLETED
2026-06-05 16:23:01 | SCHEDULED WORKFLOW EXECUTION STARTED
2026-06-05 16:23:01 | WORKFLOW STARTED
2026-06-05 16:23:01 | STEP 0 STARTED - Environment Validation
2026-06-05 16:23:01 | STEP 0 COMPLETED - Environment Validation
2026-06-05 16:23:01 | STEP 1 STARTED - Monitoring Engine
2026-06-05 16:23:01 | MONITORING WORKFLOW STARTED
2026-06-05 16:23:01 | MONITORING WORKFLOW COMPLETED
2026-06-05 16:23:01 | STEP 1 COMPLETED - Monitoring Engine
2026-06-05 16:23:01 | STEP 2 STARTED - Collect Monitoring Results
2026-06-05 16:23:01 | STEP 2 COMPLETED - Collect Monitoring Results
2026-06-05 16:23:01 | STEP 3 STARTED - AI Analysis
2026-06-05 16:23:06 | STEP 3 COMPLETED - AI Analysis
2026-06-05 16:23:06 | STEP 4 STARTED - Report Generation
2026-06-05 16:23:06 | STEP 4 COMPLETED - Report Generation
2026-06-05 16:23:06 | REPORT FILE CREATED: reports/incident_report_20260605_162306.txt
2026-06-05 16:23:06 | STEP 5 STARTED - Notifications
2026-06-05 16:23:06 | NOTIFICATION WORKFLOW STARTED
2026-06-05 16:23:06 | NOTIFICATION WORKFLOW COMPLETED
2026-06-05 16:23:06 | STEP 5 COMPLETED - Notifications
2026-06-05 16:23:06 | STEP 6 STARTED - Save Report
2026-06-05 16:23:06 | STEP 6 COMPLETED - Save Report
2026-06-05 16:23:06 | WORKFLOW COMPLETED
2026-06-05 16:23:06 | SCHEDULED WORKFLOW EXECUTION COMPLETED
2026-06-05 16:28:06 | SCHEDULED WORKFLOW EXECUTION STARTED
2026-06-05 16:28:06 | WORKFLOW STARTED
2026-06-05 16:28:06 | STEP 0 STARTED - Environment Validation
2026-06-05 16:28:06 | STEP 0 COMPLETED - Environment Validation
2026-06-05 16:28:06 | STEP 1 STARTED - Monitoring Engine
2026-06-05 16:28:06 | MONITORING WORKFLOW STARTED
2026-06-05 16:28:06 | MONITORING WORKFLOW COMPLETED
2026-06-05 16:28:06 | STEP 1 COMPLETED - Monitoring Engine
2026-06-05 16:28:06 | STEP 2 STARTED - Collect Monitoring Results
2026-06-05 16:28:06 | STEP 2 COMPLETED - Collect Monitoring Results
2026-06-05 16:28:06 | STEP 3 STARTED - AI Analysis
2026-06-05 16:28:09 | STEP 3 COMPLETED - AI Analysis
2026-06-05 16:28:09 | STEP 4 STARTED - Report Generation
2026-06-05 16:28:09 | STEP 4 COMPLETED - Report Generation
2026-06-05 16:28:09 | REPORT FILE CREATED: reports/incident_report_20260605_162809.txt
2026-06-05 16:28:09 | STEP 5 STARTED - Notifications
2026-06-05 16:28:09 | NOTIFICATION WORKFLOW STARTED
2026-06-05 16:28:09 | NOTIFICATION WORKFLOW COMPLETED
2026-06-05 16:28:09 | STEP 5 COMPLETED - Notifications
2026-06-05 16:28:09 | STEP 6 STARTED - Save Report
2026-06-05 16:28:09 | STEP 6 COMPLETED - Save Report
2026-06-05 16:28:09 | WORKFLOW COMPLETED
2026-06-05 16:28:09 | SCHEDULED WORKFLOW EXECUTION COMPLETED
2026-06-05 16:33:09 | SCHEDULED WORKFLOW EXECUTION STARTED
2026-06-05 16:33:09 | WORKFLOW STARTED
2026-06-05 16:33:09 | STEP 0 STARTED - Environment Validation
2026-06-05 16:33:09 | STEP 0 COMPLETED - Environment Validation
2026-06-05 16:33:09 | STEP 1 STARTED - Monitoring Engine
2026-06-05 16:33:09 | MONITORING WORKFLOW STARTED
2026-06-05 16:33:09 | MONITORING WORKFLOW COMPLETED
2026-06-05 16:33:09 | STEP 1 COMPLETED - Monitoring Engine
2026-06-05 16:33:09 | STEP 2 STARTED - Collect Monitoring Results
2026-06-05 16:33:09 | STEP 2 COMPLETED - Collect Monitoring Results
2026-06-05 16:33:09 | STEP 3 STARTED - AI Analysis
2026-06-05 16:33:12 | STEP 3 COMPLETED - AI Analysis
2026-06-05 16:33:12 | STEP 4 STARTED - Report Generation
2026-06-05 16:33:12 | STEP 4 COMPLETED - Report Generation
2026-06-05 16:33:12 | REPORT FILE CREATED: reports/incident_report_20260605_163312.txt
2026-06-05 16:33:12 | STEP 5 STARTED - Notifications
2026-06-05 16:33:12 | NOTIFICATION WORKFLOW STARTED
2026-06-05 16:33:12 | NOTIFICATION WORKFLOW COMPLETED
2026-06-05 16:33:12 | STEP 5 COMPLETED - Notifications
2026-06-05 16:33:12 | STEP 6 STARTED - Save Report
2026-06-05 16:33:12 | STEP 6 COMPLETED - Save Report
2026-06-05 16:33:12 | WORKFLOW COMPLETED
2026-06-05 16:33:12 | SCHEDULED WORKFLOW EXECUTION COMPLETED
2026-06-05 16:38:12 | SCHEDULED WORKFLOW EXECUTION STARTED
2026-06-05 16:38:12 | WORKFLOW STARTED
2026-06-05 16:38:12 | STEP 0 STARTED - Environment Validation
2026-06-05 16:38:12 | STEP 0 COMPLETED - Environment Validation
2026-06-05 16:38:12 | STEP 1 STARTED - Monitoring Engine
2026-06-05 16:38:12 | MONITORING WORKFLOW STARTED
2026-06-05 16:38:12 | MONITORING WORKFLOW COMPLETED
2026-06-05 16:38:12 | STEP 1 COMPLETED - Monitoring Engine
2026-06-05 16:38:12 | STEP 2 STARTED - Collect Monitoring Results
2026-06-05 16:38:12 | STEP 2 COMPLETED - Collect Monitoring Results
2026-06-05 16:38:12 | STEP 3 STARTED - AI Analysis
2026-06-05 16:38:17 | STEP 3 COMPLETED - AI Analysis
2026-06-05 16:38:17 | STEP 4 STARTED - Report Generation
2026-06-05 16:38:17 | STEP 4 COMPLETED - Report Generation
2026-06-05 16:38:17 | REPORT FILE CREATED: reports/incident_report_20260605_163817.txt
2026-06-05 16:38:17 | STEP 5 STARTED - Notifications
2026-06-05 16:38:17 | NOTIFICATION WORKFLOW STARTED
2026-06-05 16:38:17 | NOTIFICATION WORKFLOW COMPLETED
2026-06-05 16:38:17 | STEP 5 COMPLETED - Notifications
2026-06-05 16:38:17 | STEP 6 STARTED - Save Report
2026-06-05 16:38:17 | STEP 6 COMPLETED - Save Report
2026-06-05 16:38:17 | WORKFLOW COMPLETED
2026-06-05 16:38:17 | SCHEDULED WORKFLOW EXECUTION COMPLETED
2026-06-05 16:43:17 | SCHEDULED WORKFLOW EXECUTION STARTED
2026-06-05 16:43:17 | WORKFLOW STARTED
2026-06-05 16:43:17 | STEP 0 STARTED - Environment Validation
2026-06-05 16:43:17 | STEP 0 COMPLETED - Environment Validation
2026-06-05 16:43:17 | STEP 1 STARTED - Monitoring Engine
2026-06-05 16:43:17 | MONITORING WORKFLOW STARTED
2026-06-05 16:43:17 | MONITORING WORKFLOW COMPLETED
2026-06-05 16:43:17 | STEP 1 COMPLETED - Monitoring Engine
2026-06-05 16:43:17 | STEP 2 STARTED - Collect Monitoring Results
2026-06-05 16:43:17 | STEP 2 COMPLETED - Collect Monitoring Results
2026-06-05 16:43:17 | STEP 3 STARTED - AI Analysis
2026-06-05 16:43:20 | STEP 3 COMPLETED - AI Analysis
2026-06-05 16:43:20 | STEP 4 STARTED - Report Generation
2026-06-05 16:43:20 | STEP 4 COMPLETED - Report Generation
2026-06-05 16:43:20 | REPORT FILE CREATED: reports/incident_report_20260605_164320.txt
2026-06-05 16:43:20 | STEP 5 STARTED - Notifications
2026-06-05 16:43:20 | NOTIFICATION WORKFLOW STARTED
2026-06-05 16:43:20 | NOTIFICATION WORKFLOW COMPLETED
2026-06-05 16:43:20 | STEP 5 COMPLETED - Notifications
2026-06-05 16:43:20 | STEP 6 STARTED - Save Report
2026-06-05 16:43:20 | STEP 6 COMPLETED - Save Report
2026-06-05 16:43:20 | WORKFLOW COMPLETED
2026-06-05 16:43:20 | SCHEDULED WORKFLOW EXECUTION COMPLETED
2026-06-05 16:48:20 | SCHEDULED WORKFLOW EXECUTION STARTED
2026-06-05 16:48:20 | WORKFLOW STARTED
2026-06-05 16:48:20 | STEP 0 STARTED - Environment Validation
2026-06-05 16:48:20 | STEP 0 COMPLETED - Environment Validation
2026-06-05 16:48:20 | STEP 1 STARTED - Monitoring Engine
2026-06-05 16:48:20 | MONITORING WORKFLOW STARTED
2026-06-05 16:48:20 | MONITORING WORKFLOW COMPLETED
2026-06-05 16:48:20 | STEP 1 COMPLETED - Monitoring Engine
2026-06-05 16:48:20 | STEP 2 STARTED - Collect Monitoring Results
2026-06-05 16:48:20 | STEP 2 COMPLETED - Collect Monitoring Results
2026-06-05 16:48:20 | STEP 3 STARTED - AI Analysis
2026-06-05 16:48:25 | STEP 3 COMPLETED - AI Analysis
2026-06-05 16:48:25 | STEP 4 STARTED - Report Generation
2026-06-05 16:48:25 | STEP 4 COMPLETED - Report Generation
2026-06-05 16:48:25 | REPORT FILE CREATED: reports/incident_report_20260605_164825.txt
2026-06-05 16:48:25 | STEP 5 STARTED - Notifications
2026-06-05 16:48:25 | NOTIFICATION WORKFLOW STARTED
2026-06-05 16:48:25 | NOTIFICATION WORKFLOW COMPLETED
2026-06-05 16:48:25 | STEP 5 COMPLETED - Notifications
2026-06-05 16:48:25 | STEP 6 STARTED - Save Report
2026-06-05 16:48:25 | STEP 6 COMPLETED - Save Report
2026-06-05 16:48:25 | WORKFLOW COMPLETED
2026-06-05 16:48:25 | SCHEDULED WORKFLOW EXECUTION COMPLETED
2026-06-05 16:53:26 | SCHEDULED WORKFLOW EXECUTION STARTED
2026-06-05 16:53:26 | WORKFLOW STARTED
2026-06-05 16:53:26 | STEP 0 STARTED - Environment Validation
2026-06-05 16:53:26 | STEP 0 COMPLETED - Environment Validation
2026-06-05 16:53:26 | STEP 1 STARTED - Monitoring Engine
2026-06-05 16:53:26 | MONITORING WORKFLOW STARTED
2026-06-05 16:53:26 | MONITORING WORKFLOW COMPLETED
2026-06-05 16:53:26 | STEP 1 COMPLETED - Monitoring Engine
2026-06-05 16:53:26 | STEP 2 STARTED - Collect Monitoring Results
2026-06-05 16:53:26 | STEP 2 COMPLETED - Collect Monitoring Results
2026-06-05 16:53:26 | STEP 3 STARTED - AI Analysis
2026-06-05 16:53:29 | STEP 3 COMPLETED - AI Analysis
2026-06-05 16:53:29 | STEP 4 STARTED - Report Generation
2026-06-05 16:53:29 | STEP 4 COMPLETED - Report Generation
2026-06-05 16:53:29 | REPORT FILE CREATED: reports/incident_report_20260605_165329.txt
2026-06-05 16:53:29 | STEP 5 STARTED - Notifications
2026-06-05 16:53:29 | NOTIFICATION WORKFLOW STARTED
2026-06-05 16:53:29 | NOTIFICATION WORKFLOW COMPLETED
2026-06-05 16:53:29 | STEP 5 COMPLETED - Notifications
2026-06-05 16:53:29 | STEP 6 STARTED - Save Report
2026-06-05 16:53:29 | STEP 6 COMPLETED - Save Report
2026-06-05 16:53:29 | WORKFLOW COMPLETED
2026-06-05 16:53:29 | SCHEDULED WORKFLOW EXECUTION COMPLETED
2026-06-05 16:58:29 | SCHEDULED WORKFLOW EXECUTION STARTED
2026-06-05 16:58:29 | WORKFLOW STARTED
2026-06-05 16:58:30 | STEP 0 STARTED - Environment Validation
2026-06-05 16:58:30 | STEP 0 COMPLETED - Environment Validation
2026-06-05 16:58:30 | STEP 1 STARTED - Monitoring Engine
2026-06-05 16:58:30 | MONITORING WORKFLOW STARTED
2026-06-05 16:58:30 | MONITORING WORKFLOW COMPLETED
2026-06-05 16:58:30 | STEP 1 COMPLETED - Monitoring Engine
2026-06-05 16:58:30 | STEP 2 STARTED - Collect Monitoring Results
2026-06-05 16:58:30 | STEP 2 COMPLETED - Collect Monitoring Results
2026-06-05 16:58:30 | STEP 3 STARTED - AI Analysis
2026-06-05 16:58:32 | STEP 3 COMPLETED - AI Analysis
2026-06-05 16:58:32 | STEP 4 STARTED - Report Generation
2026-06-05 16:58:32 | STEP 4 COMPLETED - Report Generation
2026-06-05 16:58:32 | REPORT FILE CREATED: reports/incident_report_20260605_165832.txt
2026-06-05 16:58:32 | STEP 5 STARTED - Notifications
2026-06-05 16:58:32 | NOTIFICATION WORKFLOW STARTED
2026-06-05 16:58:32 | NOTIFICATION WORKFLOW COMPLETED
2026-06-05 16:58:32 | STEP 5 COMPLETED - Notifications
2026-06-05 16:58:32 | STEP 6 STARTED - Save Report
2026-06-05 16:58:32 | STEP 6 COMPLETED - Save Report
2026-06-05 16:58:33 | WORKFLOW COMPLETED
2026-06-05 16:58:33 | SCHEDULED WORKFLOW EXECUTION COMPLETED
2026-06-05 17:03:33 | SCHEDULED WORKFLOW EXECUTION STARTED
2026-06-05 17:03:33 | WORKFLOW STARTED
2026-06-05 17:03:33 | STEP 0 STARTED - Environment Validation
2026-06-05 17:03:33 | STEP 0 COMPLETED - Environment Validation
2026-06-05 17:03:33 | STEP 1 STARTED - Monitoring Engine
2026-06-05 17:03:33 | MONITORING WORKFLOW STARTED
2026-06-05 17:03:33 | MONITORING WORKFLOW COMPLETED
2026-06-05 17:03:33 | STEP 1 COMPLETED - Monitoring Engine
2026-06-05 17:03:33 | STEP 2 STARTED - Collect Monitoring Results
2026-06-05 17:03:33 | STEP 2 COMPLETED - Collect Monitoring Results
2026-06-05 17:03:33 | STEP 3 STARTED - AI Analysis
2026-06-05 17:03:37 | STEP 3 COMPLETED - AI Analysis
2026-06-05 17:03:37 | STEP 4 STARTED - Report Generation
2026-06-05 17:03:37 | STEP 4 COMPLETED - Report Generation
2026-06-05 17:03:37 | REPORT FILE CREATED: reports/incident_report_20260605_170337.txt
2026-06-05 17:03:37 | STEP 5 STARTED - Notifications
2026-06-05 17:03:37 | NOTIFICATION WORKFLOW STARTED
2026-06-05 17:03:37 | NOTIFICATION WORKFLOW COMPLETED
2026-06-05 17:03:37 | STEP 5 COMPLETED - Notifications
2026-06-05 17:03:37 | STEP 6 STARTED - Save Report
2026-06-05 17:03:37 | STEP 6 COMPLETED - Save Report
2026-06-05 17:03:37 | WORKFLOW COMPLETED
2026-06-05 17:03:37 | SCHEDULED WORKFLOW EXECUTION COMPLETED
2026-06-05 17:08:37 | SCHEDULED WORKFLOW EXECUTION STARTED
2026-06-05 17:08:37 | WORKFLOW STARTED
2026-06-05 17:08:37 | STEP 0 STARTED - Environment Validation
2026-06-05 17:08:37 | STEP 0 COMPLETED - Environment Validation
2026-06-05 17:08:37 | STEP 1 STARTED - Monitoring Engine
2026-06-05 17:08:37 | MONITORING WORKFLOW STARTED
2026-06-05 17:08:37 | MONITORING WORKFLOW COMPLETED
2026-06-05 17:08:37 | STEP 1 COMPLETED - Monitoring Engine
2026-06-05 17:08:37 | STEP 2 STARTED - Collect Monitoring Results
2026-06-05 17:08:37 | STEP 2 COMPLETED - Collect Monitoring Results
2026-06-05 17:08:37 | STEP 3 STARTED - AI Analysis
2026-06-05 17:08:42 | STEP 3 COMPLETED - AI Analysis
2026-06-05 17:08:42 | STEP 4 STARTED - Report Generation
2026-06-05 17:08:42 | STEP 4 COMPLETED - Report Generation
2026-06-05 17:08:42 | REPORT FILE CREATED: reports/incident_report_20260605_170842.txt
2026-06-05 17:08:42 | STEP 5 STARTED - Notifications
2026-06-05 17:08:42 | NOTIFICATION WORKFLOW STARTED
2026-06-05 17:08:42 | NOTIFICATION WORKFLOW COMPLETED
2026-06-05 17:08:42 | STEP 5 COMPLETED - Notifications
2026-06-05 17:08:42 | STEP 6 STARTED - Save Report
2026-06-05 17:08:42 | STEP 6 COMPLETED - Save Report
2026-06-05 17:08:42 | WORKFLOW COMPLETED
2026-06-05 17:08:42 | SCHEDULED WORKFLOW EXECUTION COMPLETED
2026-06-05 17:13:42 | SCHEDULED WORKFLOW EXECUTION STARTED
2026-06-05 17:13:42 | WORKFLOW STARTED
2026-06-05 17:13:42 | STEP 0 STARTED - Environment Validation
2026-06-05 17:13:42 | STEP 0 COMPLETED - Environment Validation
2026-06-05 17:13:42 | STEP 1 STARTED - Monitoring Engine
2026-06-05 17:13:42 | MONITORING WORKFLOW STARTED
2026-06-05 17:13:42 | MONITORING WORKFLOW COMPLETED
2026-06-05 17:13:42 | STEP 1 COMPLETED - Monitoring Engine
2026-06-05 17:13:42 | STEP 2 STARTED - Collect Monitoring Results
2026-06-05 17:13:42 | STEP 2 COMPLETED - Collect Monitoring Results
2026-06-05 17:13:42 | STEP 3 STARTED - AI Analysis
2026-06-05 17:13:47 | STEP 3 COMPLETED - AI Analysis
2026-06-05 17:13:47 | STEP 4 STARTED - Report Generation
2026-06-05 17:13:47 | STEP 4 COMPLETED - Report Generation
2026-06-05 17:13:47 | REPORT FILE CREATED: reports/incident_report_20260605_171347.txt
2026-06-05 17:13:47 | STEP 5 STARTED - Notifications
2026-06-05 17:13:47 | NOTIFICATION WORKFLOW STARTED
2026-06-05 17:13:47 | NOTIFICATION WORKFLOW COMPLETED
2026-06-05 17:13:47 | STEP 5 COMPLETED - Notifications
2026-06-05 17:13:47 | STEP 6 STARTED - Save Report
2026-06-05 17:13:47 | STEP 6 COMPLETED - Save Report
2026-06-05 17:13:47 | WORKFLOW COMPLETED
2026-06-05 17:13:47 | SCHEDULED WORKFLOW EXECUTION COMPLETED
2026-06-05 17:18:47 | SCHEDULED WORKFLOW EXECUTION STARTED
2026-06-05 17:18:47 | WORKFLOW STARTED
2026-06-05 17:18:47 | STEP 0 STARTED - Environment Validation
2026-06-05 17:18:47 | STEP 0 COMPLETED - Environment Validation
2026-06-05 17:18:47 | STEP 1 STARTED - Monitoring Engine
2026-06-05 17:18:47 | MONITORING WORKFLOW STARTED
2026-06-05 17:18:47 | MONITORING WORKFLOW COMPLETED
2026-06-05 17:18:47 | STEP 1 COMPLETED - Monitoring Engine
2026-06-05 17:18:47 | STEP 2 STARTED - Collect Monitoring Results
2026-06-05 17:18:47 | STEP 2 COMPLETED - Collect Monitoring Results
2026-06-05 17:18:47 | STEP 3 STARTED - AI Analysis
2026-06-05 17:18:50 | STEP 3 COMPLETED - AI Analysis
2026-06-05 17:18:50 | STEP 4 STARTED - Report Generation
2026-06-05 17:18:50 | STEP 4 COMPLETED - Report Generation
2026-06-05 17:18:50 | REPORT FILE CREATED: reports/incident_report_20260605_171850.txt
2026-06-05 17:18:50 | STEP 5 STARTED - Notifications
2026-06-05 17:18:50 | NOTIFICATION WORKFLOW STARTED
2026-06-05 17:18:50 | NOTIFICATION WORKFLOW COMPLETED
2026-06-05 17:18:50 | STEP 5 COMPLETED - Notifications
2026-06-05 17:18:50 | STEP 6 STARTED - Save Report
2026-06-05 17:18:50 | STEP 6 COMPLETED - Save Report
2026-06-05 17:18:50 | WORKFLOW COMPLETED
2026-06-05 17:18:50 | SCHEDULED WORKFLOW EXECUTION COMPLETED
2026-06-05 17:23:50 | SCHEDULED WORKFLOW EXECUTION STARTED
2026-06-05 17:23:50 | WORKFLOW STARTED
2026-06-05 17:23:50 | STEP 0 STARTED - Environment Validation
2026-06-05 17:23:50 | STEP 0 COMPLETED - Environment Validation
2026-06-05 17:23:50 | STEP 1 STARTED - Monitoring Engine
2026-06-05 17:23:50 | MONITORING WORKFLOW STARTED
2026-06-05 17:23:50 | MONITORING WORKFLOW COMPLETED
2026-06-05 17:23:50 | STEP 1 COMPLETED - Monitoring Engine
2026-06-05 17:23:50 | STEP 2 STARTED - Collect Monitoring Results
2026-06-05 17:23:50 | STEP 2 COMPLETED - Collect Monitoring Results
2026-06-05 17:23:50 | STEP 3 STARTED - AI Analysis
2026-06-05 17:23:54 | STEP 3 COMPLETED - AI Analysis
2026-06-05 17:23:54 | STEP 4 STARTED - Report Generation
2026-06-05 17:23:54 | STEP 4 COMPLETED - Report Generation
2026-06-05 17:23:54 | REPORT FILE CREATED: reports/incident_report_20260605_172354.txt
2026-06-05 17:23:54 | STEP 5 STARTED - Notifications
2026-06-05 17:23:54 | NOTIFICATION WORKFLOW STARTED
2026-06-05 17:23:54 | NOTIFICATION WORKFLOW COMPLETED
2026-06-05 17:23:54 | STEP 5 COMPLETED - Notifications
2026-06-05 17:23:54 | STEP 6 STARTED - Save Report
2026-06-05 17:23:54 | STEP 6 COMPLETED - Save Report
2026-06-05 17:23:54 | WORKFLOW COMPLETED
2026-06-05 17:23:54 | SCHEDULED WORKFLOW EXECUTION COMPLETED
2026-06-05 17:28:54 | SCHEDULED WORKFLOW EXECUTION STARTED
2026-06-05 17:28:54 | WORKFLOW STARTED
2026-06-05 17:28:54 | STEP 0 STARTED - Environment Validation
2026-06-05 17:28:54 | STEP 0 COMPLETED - Environment Validation
2026-06-05 17:28:54 | STEP 1 STARTED - Monitoring Engine
2026-06-05 17:28:54 | MONITORING WORKFLOW STARTED
2026-06-05 17:28:54 | MONITORING WORKFLOW COMPLETED
2026-06-05 17:28:54 | STEP 1 COMPLETED - Monitoring Engine
2026-06-05 17:28:54 | STEP 2 STARTED - Collect Monitoring Results
2026-06-05 17:28:54 | STEP 2 COMPLETED - Collect Monitoring Results
2026-06-05 17:28:54 | STEP 3 STARTED - AI Analysis
2026-06-05 17:28:58 | STEP 3 COMPLETED - AI Analysis
2026-06-05 17:28:58 | STEP 4 STARTED - Report Generation
2026-06-05 17:28:58 | STEP 4 COMPLETED - Report Generation
2026-06-05 17:28:58 | REPORT FILE CREATED: reports/incident_report_20260605_172858.txt
2026-06-05 17:28:58 | STEP 5 STARTED - Notifications
2026-06-05 17:28:58 | NOTIFICATION WORKFLOW STARTED
2026-06-05 17:28:58 | NOTIFICATION WORKFLOW COMPLETED
2026-06-05 17:28:58 | STEP 5 COMPLETED - Notifications
2026-06-05 17:28:58 | STEP 6 STARTED - Save Report
2026-06-05 17:28:58 | STEP 6 COMPLETED - Save Report
2026-06-05 17:28:58 | WORKFLOW COMPLETED
2026-06-05 17:28:58 | SCHEDULED WORKFLOW EXECUTION COMPLETED
2026-06-05 17:33:58 | SCHEDULED WORKFLOW EXECUTION STARTED
2026-06-05 17:33:58 | WORKFLOW STARTED
2026-06-05 17:33:58 | STEP 0 STARTED - Environment Validation
2026-06-05 17:33:58 | STEP 0 COMPLETED - Environment Validation
2026-06-05 17:33:58 | STEP 1 STARTED - Monitoring Engine
2026-06-05 17:33:58 | MONITORING WORKFLOW STARTED
2026-06-05 17:33:58 | MONITORING WORKFLOW COMPLETED
2026-06-05 17:33:58 | STEP 1 COMPLETED - Monitoring Engine
2026-06-05 17:33:58 | STEP 2 STARTED - Collect Monitoring Results
2026-06-05 17:33:58 | STEP 2 COMPLETED - Collect Monitoring Results
2026-06-05 17:33:58 | STEP 3 STARTED - AI Analysis
2026-06-05 17:34:01 | STEP 3 COMPLETED - AI Analysis
2026-06-05 17:34:01 | STEP 4 STARTED - Report Generation
2026-06-05 17:34:01 | STEP 4 COMPLETED - Report Generation
2026-06-05 17:34:01 | REPORT FILE CREATED: reports/incident_report_20260605_173401.txt
2026-06-05 17:34:01 | STEP 5 STARTED - Notifications
2026-06-05 17:34:01 | NOTIFICATION WORKFLOW STARTED
2026-06-05 17:34:01 | NOTIFICATION WORKFLOW COMPLETED
2026-06-05 17:34:01 | STEP 5 COMPLETED - Notifications
2026-06-05 17:34:01 | STEP 6 STARTED - Save Report
2026-06-05 17:34:01 | STEP 6 COMPLETED - Save Report
2026-06-05 17:34:01 | WORKFLOW COMPLETED
2026-06-05 17:34:01 | SCHEDULED WORKFLOW EXECUTION COMPLETED
2026-06-05 17:39:01 | SCHEDULED WORKFLOW EXECUTION STARTED
2026-06-05 17:39:01 | WORKFLOW STARTED
2026-06-05 17:39:01 | STEP 0 STARTED - Environment Validation
2026-06-05 17:39:01 | STEP 0 COMPLETED - Environment Validation
2026-06-05 17:39:01 | STEP 1 STARTED - Monitoring Engine
2026-06-05 17:39:01 | MONITORING WORKFLOW STARTED
2026-06-05 17:39:01 | MONITORING WORKFLOW COMPLETED
2026-06-05 17:39:01 | STEP 1 COMPLETED - Monitoring Engine
2026-06-05 17:39:01 | STEP 2 STARTED - Collect Monitoring Results
2026-06-05 17:39:01 | STEP 2 COMPLETED - Collect Monitoring Results
2026-06-05 17:39:01 | STEP 3 STARTED - AI Analysis
2026-06-05 17:39:06 | STEP 3 COMPLETED - AI Analysis
2026-06-05 17:39:06 | STEP 4 STARTED - Report Generation
2026-06-05 17:39:06 | STEP 4 COMPLETED - Report Generation
2026-06-05 17:39:06 | REPORT FILE CREATED: reports/incident_report_20260605_173906.txt
2026-06-05 17:39:06 | STEP 5 STARTED - Notifications
2026-06-05 17:39:06 | NOTIFICATION WORKFLOW STARTED
2026-06-05 17:39:06 | NOTIFICATION WORKFLOW COMPLETED
2026-06-05 17:39:06 | STEP 5 COMPLETED - Notifications
2026-06-05 17:39:06 | STEP 6 STARTED - Save Report
2026-06-05 17:39:06 | STEP 6 COMPLETED - Save Report
2026-06-05 17:39:06 | WORKFLOW COMPLETED
2026-06-05 17:39:06 | SCHEDULED WORKFLOW EXECUTION COMPLETED
2026-06-05 17:44:06 | SCHEDULED WORKFLOW EXECUTION STARTED
2026-06-05 17:44:06 | WORKFLOW STARTED
2026-06-05 17:44:06 | STEP 0 STARTED - Environment Validation
2026-06-05 17:44:06 | STEP 0 COMPLETED - Environment Validation
2026-06-05 17:44:06 | STEP 1 STARTED - Monitoring Engine
2026-06-05 17:44:06 | MONITORING WORKFLOW STARTED
2026-06-05 17:44:06 | MONITORING WORKFLOW COMPLETED
2026-06-05 17:44:06 | STEP 1 COMPLETED - Monitoring Engine
2026-06-05 17:44:06 | STEP 2 STARTED - Collect Monitoring Results
2026-06-05 17:44:06 | STEP 2 COMPLETED - Collect Monitoring Results
2026-06-05 17:44:06 | STEP 3 STARTED - AI Analysis
2026-06-05 17:44:09 | STEP 3 COMPLETED - AI Analysis
2026-06-05 17:44:09 | STEP 4 STARTED - Report Generation
2026-06-05 17:44:09 | STEP 4 COMPLETED - Report Generation
2026-06-05 17:44:09 | REPORT FILE CREATED: reports/incident_report_20260605_174409.txt
2026-06-05 17:44:09 | STEP 5 STARTED - Notifications
2026-06-05 17:44:09 | NOTIFICATION WORKFLOW STARTED
2026-06-05 17:44:09 | NOTIFICATION WORKFLOW COMPLETED
2026-06-05 17:44:09 | STEP 5 COMPLETED - Notifications
2026-06-05 17:44:09 | STEP 6 STARTED - Save Report
2026-06-05 17:44:09 | STEP 6 COMPLETED - Save Report
2026-06-05 17:44:09 | WORKFLOW COMPLETED
2026-06-05 17:44:09 | SCHEDULED WORKFLOW EXECUTION COMPLETED
2026-06-05 17:49:09 | SCHEDULED WORKFLOW EXECUTION STARTED
2026-06-05 17:49:09 | WORKFLOW STARTED
2026-06-05 17:49:09 | STEP 0 STARTED - Environment Validation
2026-06-05 17:49:09 | STEP 0 COMPLETED - Environment Validation
2026-06-05 17:49:09 | STEP 1 STARTED - Monitoring Engine
2026-06-05 17:49:09 | MONITORING WORKFLOW STARTED
2026-06-05 17:49:09 | MONITORING WORKFLOW COMPLETED
2026-06-05 17:49:09 | STEP 1 COMPLETED - Monitoring Engine
2026-06-05 17:49:09 | STEP 2 STARTED - Collect Monitoring Results
2026-06-05 17:49:09 | STEP 2 COMPLETED - Collect Monitoring Results
2026-06-05 17:49:09 | STEP 3 STARTED - AI Analysis
2026-06-05 17:49:13 | STEP 3 COMPLETED - AI Analysis
2026-06-05 17:49:13 | STEP 4 STARTED - Report Generation
2026-06-05 17:49:13 | STEP 4 COMPLETED - Report Generation
2026-06-05 17:49:13 | REPORT FILE CREATED: reports/incident_report_20260605_174913.txt
2026-06-05 17:49:13 | STEP 5 STARTED - Notifications
2026-06-05 17:49:13 | NOTIFICATION WORKFLOW STARTED
2026-06-05 17:49:13 | NOTIFICATION WORKFLOW COMPLETED
2026-06-05 17:49:13 | STEP 5 COMPLETED - Notifications
2026-06-05 17:49:13 | STEP 6 STARTED - Save Report
2026-06-05 17:49:13 | STEP 6 COMPLETED - Save Report
2026-06-05 17:49:13 | WORKFLOW COMPLETED
2026-06-05 17:49:13 | SCHEDULED WORKFLOW EXECUTION COMPLETED
2026-06-05 17:54:13 | SCHEDULED WORKFLOW EXECUTION STARTED
2026-06-05 17:54:13 | WORKFLOW STARTED
2026-06-05 17:54:13 | STEP 0 STARTED - Environment Validation
2026-06-05 17:54:13 | STEP 0 COMPLETED - Environment Validation
2026-06-05 17:54:13 | STEP 1 STARTED - Monitoring Engine
2026-06-05 17:54:13 | MONITORING WORKFLOW STARTED
2026-06-05 17:54:13 | MONITORING WORKFLOW COMPLETED
2026-06-05 17:54:13 | STEP 1 COMPLETED - Monitoring Engine
2026-06-05 17:54:13 | STEP 2 STARTED - Collect Monitoring Results
2026-06-05 17:54:13 | STEP 2 COMPLETED - Collect Monitoring Results
2026-06-05 17:54:13 | STEP 3 STARTED - AI Analysis
2026-06-05 17:54:17 | STEP 3 COMPLETED - AI Analysis
2026-06-05 17:54:17 | STEP 4 STARTED - Report Generation
2026-06-05 17:54:17 | STEP 4 COMPLETED - Report Generation
2026-06-05 17:54:17 | REPORT FILE CREATED: reports/incident_report_20260605_175417.txt
2026-06-05 17:54:17 | STEP 5 STARTED - Notifications
2026-06-05 17:54:17 | NOTIFICATION WORKFLOW STARTED
2026-06-05 17:54:17 | NOTIFICATION WORKFLOW COMPLETED
2026-06-05 17:54:17 | STEP 5 COMPLETED - Notifications
2026-06-05 17:54:17 | STEP 6 STARTED - Save Report
2026-06-05 17:54:17 | STEP 6 COMPLETED - Save Report
2026-06-05 17:54:17 | WORKFLOW COMPLETED
2026-06-05 17:54:17 | SCHEDULED WORKFLOW EXECUTION COMPLETED
2026-06-05 17:59:17 | SCHEDULED WORKFLOW EXECUTION STARTED
2026-06-05 17:59:17 | WORKFLOW STARTED
2026-06-05 17:59:17 | STEP 0 STARTED - Environment Validation
2026-06-05 17:59:17 | STEP 0 COMPLETED - Environment Validation
2026-06-05 17:59:17 | STEP 1 STARTED - Monitoring Engine
2026-06-05 17:59:17 | MONITORING WORKFLOW STARTED
2026-06-05 17:59:17 | MONITORING WORKFLOW COMPLETED
2026-06-05 17:59:17 | STEP 1 COMPLETED - Monitoring Engine
2026-06-05 17:59:17 | STEP 2 STARTED - Collect Monitoring Results
2026-06-05 17:59:17 | STEP 2 COMPLETED - Collect Monitoring Results
2026-06-05 17:59:17 | STEP 3 STARTED - AI Analysis
2026-06-05 17:59:21 | STEP 3 COMPLETED - AI Analysis
2026-06-05 17:59:21 | STEP 4 STARTED - Report Generation
2026-06-05 17:59:21 | STEP 4 COMPLETED - Report Generation
2026-06-05 17:59:21 | REPORT FILE CREATED: reports/incident_report_20260605_175921.txt
2026-06-05 17:59:21 | STEP 5 STARTED - Notifications
2026-06-05 17:59:21 | NOTIFICATION WORKFLOW STARTED
2026-06-05 17:59:21 | NOTIFICATION WORKFLOW COMPLETED
2026-06-05 17:59:21 | STEP 5 COMPLETED - Notifications
2026-06-05 17:59:21 | STEP 6 STARTED - Save Report
2026-06-05 17:59:21 | STEP 6 COMPLETED - Save Report
2026-06-05 17:59:21 | WORKFLOW COMPLETED
2026-06-05 17:59:21 | SCHEDULED WORKFLOW EXECUTION COMPLETED
2026-06-05 18:04:21 | SCHEDULED WORKFLOW EXECUTION STARTED
2026-06-05 18:04:21 | WORKFLOW STARTED
2026-06-05 18:04:21 | STEP 0 STARTED - Environment Validation
2026-06-05 18:04:21 | STEP 0 COMPLETED - Environment Validation
2026-06-05 18:04:21 | STEP 1 STARTED - Monitoring Engine
2026-06-05 18:04:21 | MONITORING WORKFLOW STARTED
2026-06-05 18:04:21 | MONITORING WORKFLOW COMPLETED
2026-06-05 18:04:21 | STEP 1 COMPLETED - Monitoring Engine
2026-06-05 18:04:21 | STEP 2 STARTED - Collect Monitoring Results
2026-06-05 18:04:21 | STEP 2 COMPLETED - Collect Monitoring Results
2026-06-05 18:04:21 | STEP 3 STARTED - AI Analysis
2026-06-05 18:04:24 | STEP 3 COMPLETED - AI Analysis
2026-06-05 18:04:24 | STEP 4 STARTED - Report Generation
2026-06-05 18:04:24 | STEP 4 COMPLETED - Report Generation
2026-06-05 18:04:24 | REPORT FILE CREATED: reports/incident_report_20260605_180424.txt
2026-06-05 18:04:24 | STEP 5 STARTED - Notifications
2026-06-05 18:04:24 | NOTIFICATION WORKFLOW STARTED
2026-06-05 18:04:24 | NOTIFICATION WORKFLOW COMPLETED
2026-06-05 18:04:24 | STEP 5 COMPLETED - Notifications
2026-06-05 18:04:24 | STEP 6 STARTED - Save Report
2026-06-05 18:04:24 | STEP 6 COMPLETED - Save Report
2026-06-05 18:04:24 | WORKFLOW COMPLETED
2026-06-05 18:04:24 | SCHEDULED WORKFLOW EXECUTION COMPLETED
2026-06-05 18:09:24 | SCHEDULED WORKFLOW EXECUTION STARTED
2026-06-05 18:09:24 | WORKFLOW STARTED
2026-06-05 18:09:24 | STEP 0 STARTED - Environment Validation
2026-06-05 18:09:24 | STEP 0 COMPLETED - Environment Validation
2026-06-05 18:09:24 | STEP 1 STARTED - Monitoring Engine
2026-06-05 18:09:24 | MONITORING WORKFLOW STARTED
2026-06-05 18:09:24 | MONITORING WORKFLOW COMPLETED
2026-06-05 18:09:24 | STEP 1 COMPLETED - Monitoring Engine
2026-06-05 18:09:24 | STEP 2 STARTED - Collect Monitoring Results
2026-06-05 18:09:24 | STEP 2 COMPLETED - Collect Monitoring Results
2026-06-05 18:09:24 | STEP 3 STARTED - AI Analysis
2026-06-05 18:09:27 | STEP 3 COMPLETED - AI Analysis
2026-06-05 18:09:27 | STEP 4 STARTED - Report Generation
2026-06-05 18:09:27 | STEP 4 COMPLETED - Report Generation
2026-06-05 18:09:27 | REPORT FILE CREATED: reports/incident_report_20260605_180927.txt
2026-06-05 18:09:27 | STEP 5 STARTED - Notifications
2026-06-05 18:09:27 | NOTIFICATION WORKFLOW STARTED
2026-06-05 18:09:27 | NOTIFICATION WORKFLOW COMPLETED
2026-06-05 18:09:27 | STEP 5 COMPLETED - Notifications
2026-06-05 18:09:27 | STEP 6 STARTED - Save Report
2026-06-05 18:09:27 | STEP 6 COMPLETED - Save Report
2026-06-05 18:09:27 | WORKFLOW COMPLETED
2026-06-05 18:09:27 | SCHEDULED WORKFLOW EXECUTION COMPLETED
2026-06-05 18:14:27 | SCHEDULED WORKFLOW EXECUTION STARTED
2026-06-05 18:14:27 | WORKFLOW STARTED
2026-06-05 18:14:27 | STEP 0 STARTED - Environment Validation
2026-06-05 18:14:27 | STEP 0 COMPLETED - Environment Validation
2026-06-05 18:14:27 | STEP 1 STARTED - Monitoring Engine
2026-06-05 18:14:27 | MONITORING WORKFLOW STARTED
2026-06-05 18:14:28 | MONITORING WORKFLOW COMPLETED
2026-06-05 18:14:28 | STEP 1 COMPLETED - Monitoring Engine
2026-06-05 18:14:28 | STEP 2 STARTED - Collect Monitoring Results
2026-06-05 18:14:28 | STEP 2 COMPLETED - Collect Monitoring Results
2026-06-05 18:14:28 | STEP 3 STARTED - AI Analysis
2026-06-05 18:14:33 | STEP 3 COMPLETED - AI Analysis
2026-06-05 18:14:33 | STEP 4 STARTED - Report Generation
2026-06-05 18:14:33 | STEP 4 COMPLETED - Report Generation
2026-06-05 18:14:33 | REPORT FILE CREATED: reports/incident_report_20260605_181433.txt
2026-06-05 18:14:33 | STEP 5 STARTED - Notifications
2026-06-05 18:14:33 | NOTIFICATION WORKFLOW STARTED
2026-06-05 18:14:33 | NOTIFICATION WORKFLOW COMPLETED
2026-06-05 18:14:33 | STEP 5 COMPLETED - Notifications
2026-06-05 18:14:33 | STEP 6 STARTED - Save Report
2026-06-05 18:14:33 | STEP 6 COMPLETED - Save Report
2026-06-05 18:14:33 | WORKFLOW COMPLETED
2026-06-05 18:14:33 | SCHEDULED WORKFLOW EXECUTION COMPLETED
2026-06-05 18:19:33 | SCHEDULED WORKFLOW EXECUTION STARTED
2026-06-05 18:19:33 | WORKFLOW STARTED
2026-06-05 18:19:33 | STEP 0 STARTED - Environment Validation
2026-06-05 18:19:33 | STEP 0 COMPLETED - Environment Validation
2026-06-05 18:19:33 | STEP 1 STARTED - Monitoring Engine
2026-06-05 18:19:33 | MONITORING WORKFLOW STARTED
2026-06-05 18:19:33 | MONITORING WORKFLOW COMPLETED
2026-06-05 18:19:33 | STEP 1 COMPLETED - Monitoring Engine
2026-06-05 18:19:33 | STEP 2 STARTED - Collect Monitoring Results
2026-06-05 18:19:33 | STEP 2 COMPLETED - Collect Monitoring Results
2026-06-05 18:19:33 | STEP 3 STARTED - AI Analysis
2026-06-05 18:19:38 | STEP 3 COMPLETED - AI Analysis
2026-06-05 18:19:39 | STEP 4 STARTED - Report Generation
2026-06-05 18:19:39 | STEP 4 COMPLETED - Report Generation
2026-06-05 18:19:39 | REPORT FILE CREATED: reports/incident_report_20260605_181939.txt
2026-06-05 18:19:39 | STEP 5 STARTED - Notifications
2026-06-05 18:19:39 | NOTIFICATION WORKFLOW STARTED
2026-06-05 18:19:39 | NOTIFICATION WORKFLOW COMPLETED
2026-06-05 18:19:39 | STEP 5 COMPLETED - Notifications
2026-06-05 18:19:39 | STEP 6 STARTED - Save Report
2026-06-05 18:19:39 | STEP 6 COMPLETED - Save Report
2026-06-05 18:19:39 | WORKFLOW COMPLETED
2026-06-05 18:19:39 | SCHEDULED WORKFLOW EXECUTION COMPLETED
2026-06-05 18:24:39 | SCHEDULED WORKFLOW EXECUTION STARTED
2026-06-05 18:24:39 | WORKFLOW STARTED
2026-06-05 18:24:39 | STEP 0 STARTED - Environment Validation
2026-06-05 18:24:39 | STEP 0 COMPLETED - Environment Validation
2026-06-05 18:24:39 | STEP 1 STARTED - Monitoring Engine
2026-06-05 18:24:39 | MONITORING WORKFLOW STARTED
2026-06-05 18:24:39 | MONITORING WORKFLOW COMPLETED
2026-06-05 18:24:39 | STEP 1 COMPLETED - Monitoring Engine
2026-06-05 18:24:39 | STEP 2 STARTED - Collect Monitoring Results
2026-06-05 18:24:39 | STEP 2 COMPLETED - Collect Monitoring Results
2026-06-05 18:24:39 | STEP 3 STARTED - AI Analysis
2026-06-05 18:24:43 | STEP 3 COMPLETED - AI Analysis
2026-06-05 18:24:43 | STEP 4 STARTED - Report Generation
2026-06-05 18:24:43 | STEP 4 COMPLETED - Report Generation
2026-06-05 18:24:43 | REPORT FILE CREATED: reports/incident_report_20260605_182443.txt
2026-06-05 18:24:43 | STEP 5 STARTED - Notifications
2026-06-05 18:24:43 | NOTIFICATION WORKFLOW STARTED
2026-06-05 18:24:43 | NOTIFICATION WORKFLOW COMPLETED
2026-06-05 18:24:43 | STEP 5 COMPLETED - Notifications
2026-06-05 18:24:43 | STEP 6 STARTED - Save Report
2026-06-05 18:24:43 | STEP 6 COMPLETED - Save Report
2026-06-05 18:24:43 | WORKFLOW COMPLETED
2026-06-05 18:24:43 | SCHEDULED WORKFLOW EXECUTION COMPLETED
2026-06-05 18:29:43 | SCHEDULED WORKFLOW EXECUTION STARTED
2026-06-05 18:29:43 | WORKFLOW STARTED
2026-06-05 18:29:43 | STEP 0 STARTED - Environment Validation
2026-06-05 18:29:43 | STEP 0 COMPLETED - Environment Validation
2026-06-05 18:29:43 | STEP 1 STARTED - Monitoring Engine
2026-06-05 18:29:43 | MONITORING WORKFLOW STARTED
2026-06-05 18:29:43 | MONITORING WORKFLOW COMPLETED
2026-06-05 18:29:43 | STEP 1 COMPLETED - Monitoring Engine
2026-06-05 18:29:43 | STEP 2 STARTED - Collect Monitoring Results
2026-06-05 18:29:43 | STEP 2 COMPLETED - Collect Monitoring Results
2026-06-05 18:29:43 | STEP 3 STARTED - AI Analysis
2026-06-05 18:29:47 | STEP 3 COMPLETED - AI Analysis
2026-06-05 18:29:47 | STEP 4 STARTED - Report Generation
2026-06-05 18:29:47 | STEP 4 COMPLETED - Report Generation
2026-06-05 18:29:47 | REPORT FILE CREATED: reports/incident_report_20260605_182947.txt
2026-06-05 18:29:47 | STEP 5 STARTED - Notifications
2026-06-05 18:29:47 | NOTIFICATION WORKFLOW STARTED
2026-06-05 18:29:47 | NOTIFICATION WORKFLOW COMPLETED
2026-06-05 18:29:47 | STEP 5 COMPLETED - Notifications
2026-06-05 18:29:47 | STEP 6 STARTED - Save Report
2026-06-05 18:29:47 | STEP 6 COMPLETED - Save Report
2026-06-05 18:29:47 | WORKFLOW COMPLETED
2026-06-05 18:29:47 | SCHEDULED WORKFLOW EXECUTION COMPLETED
2026-06-05 18:34:47 | SCHEDULED WORKFLOW EXECUTION STARTED
2026-06-05 18:34:47 | WORKFLOW STARTED
2026-06-05 18:34:47 | STEP 0 STARTED - Environment Validation
2026-06-05 18:34:47 | STEP 0 COMPLETED - Environment Validation
2026-06-05 18:34:47 | STEP 1 STARTED - Monitoring Engine
2026-06-05 18:34:47 | MONITORING WORKFLOW STARTED
2026-06-05 18:34:47 | MONITORING WORKFLOW COMPLETED
2026-06-05 18:34:47 | STEP 1 COMPLETED - Monitoring Engine
2026-06-05 18:34:47 | STEP 2 STARTED - Collect Monitoring Results
2026-06-05 18:34:47 | STEP 2 COMPLETED - Collect Monitoring Results
2026-06-05 18:34:47 | STEP 3 STARTED - AI Analysis
2026-06-05 18:34:52 | STEP 3 COMPLETED - AI Analysis
2026-06-05 18:34:52 | STEP 4 STARTED - Report Generation
2026-06-05 18:34:52 | STEP 4 COMPLETED - Report Generation
2026-06-05 18:34:52 | REPORT FILE CREATED: reports/incident_report_20260605_183452.txt
2026-06-05 18:34:52 | STEP 5 STARTED - Notifications
2026-06-05 18:34:52 | NOTIFICATION WORKFLOW STARTED
2026-06-05 18:34:52 | NOTIFICATION WORKFLOW COMPLETED
2026-06-05 18:34:52 | STEP 5 COMPLETED - Notifications
2026-06-05 18:34:52 | STEP 6 STARTED - Save Report
2026-06-05 18:34:52 | STEP 6 COMPLETED - Save Report
2026-06-05 18:34:52 | WORKFLOW COMPLETED
2026-06-05 18:34:52 | SCHEDULED WORKFLOW EXECUTION COMPLETED
2026-06-05 18:39:52 | SCHEDULED WORKFLOW EXECUTION STARTED
2026-06-05 18:39:52 | WORKFLOW STARTED
2026-06-05 18:39:52 | STEP 0 STARTED - Environment Validation
2026-06-05 18:39:52 | STEP 0 COMPLETED - Environment Validation
2026-06-05 18:39:52 | STEP 1 STARTED - Monitoring Engine
2026-06-05 18:39:52 | MONITORING WORKFLOW STARTED
2026-06-05 18:39:52 | MONITORING WORKFLOW COMPLETED
2026-06-05 18:39:52 | STEP 1 COMPLETED - Monitoring Engine
2026-06-05 18:39:52 | STEP 2 STARTED - Collect Monitoring Results
2026-06-05 18:39:52 | STEP 2 COMPLETED - Collect Monitoring Results
2026-06-05 18:39:52 | STEP 3 STARTED - AI Analysis
2026-06-05 18:39:57 | STEP 3 COMPLETED - AI Analysis
2026-06-05 18:39:57 | STEP 4 STARTED - Report Generation
2026-06-05 18:39:57 | STEP 4 COMPLETED - Report Generation
2026-06-05 18:39:57 | REPORT FILE CREATED: reports/incident_report_20260605_183957.txt
2026-06-05 18:39:57 | STEP 5 STARTED - Notifications
2026-06-05 18:39:57 | NOTIFICATION WORKFLOW STARTED
2026-06-05 18:39:57 | NOTIFICATION WORKFLOW COMPLETED
2026-06-05 18:39:57 | STEP 5 COMPLETED - Notifications
2026-06-05 18:39:57 | STEP 6 STARTED - Save Report
2026-06-05 18:39:57 | STEP 6 COMPLETED - Save Report
2026-06-05 18:39:57 | WORKFLOW COMPLETED
2026-06-05 18:39:57 | SCHEDULED WORKFLOW EXECUTION COMPLETED
2026-06-05 18:44:57 | SCHEDULED WORKFLOW EXECUTION STARTED
2026-06-05 18:44:57 | WORKFLOW STARTED
2026-06-05 18:44:57 | STEP 0 STARTED - Environment Validation
2026-06-05 18:44:57 | STEP 0 COMPLETED - Environment Validation
2026-06-05 18:44:57 | STEP 1 STARTED - Monitoring Engine
2026-06-05 18:44:57 | MONITORING WORKFLOW STARTED
2026-06-05 18:44:57 | MONITORING WORKFLOW COMPLETED
2026-06-05 18:44:57 | STEP 1 COMPLETED - Monitoring Engine
2026-06-05 18:44:57 | STEP 2 STARTED - Collect Monitoring Results
2026-06-05 18:44:57 | STEP 2 COMPLETED - Collect Monitoring Results
2026-06-05 18:44:57 | STEP 3 STARTED - AI Analysis
2026-06-05 18:45:02 | STEP 3 COMPLETED - AI Analysis
2026-06-05 18:45:02 | STEP 4 STARTED - Report Generation
2026-06-05 18:45:02 | STEP 4 COMPLETED - Report Generation
2026-06-05 18:45:02 | REPORT FILE CREATED: reports/incident_report_20260605_184502.txt
2026-06-05 18:45:02 | STEP 5 STARTED - Notifications
2026-06-05 18:45:02 | NOTIFICATION WORKFLOW STARTED
2026-06-05 18:45:02 | NOTIFICATION WORKFLOW COMPLETED
2026-06-05 18:45:02 | STEP 5 COMPLETED - Notifications
2026-06-05 18:45:02 | STEP 6 STARTED - Save Report
2026-06-05 18:45:02 | STEP 6 COMPLETED - Save Report
2026-06-05 18:45:02 | WORKFLOW COMPLETED
2026-06-05 18:45:02 | SCHEDULED WORKFLOW EXECUTION COMPLETED
2026-06-05 18:50:02 | SCHEDULED WORKFLOW EXECUTION STARTED
2026-06-05 18:50:02 | WORKFLOW STARTED
2026-06-05 18:50:02 | STEP 0 STARTED - Environment Validation
2026-06-05 18:50:02 | STEP 0 COMPLETED - Environment Validation
2026-06-05 18:50:02 | STEP 1 STARTED - Monitoring Engine
2026-06-05 18:50:02 | MONITORING WORKFLOW STARTED
2026-06-05 18:50:02 | MONITORING WORKFLOW COMPLETED
2026-06-05 18:50:02 | STEP 1 COMPLETED - Monitoring Engine
2026-06-05 18:50:02 | STEP 2 STARTED - Collect Monitoring Results
2026-06-05 18:50:02 | STEP 2 COMPLETED - Collect Monitoring Results
2026-06-05 18:50:02 | STEP 3 STARTED - AI Analysis
2026-06-05 18:50:05 | STEP 3 COMPLETED - AI Analysis
2026-06-05 18:50:05 | STEP 4 STARTED - Report Generation
2026-06-05 18:50:05 | STEP 4 COMPLETED - Report Generation
2026-06-05 18:50:05 | REPORT FILE CREATED: reports/incident_report_20260605_185005.txt
2026-06-05 18:50:05 | STEP 5 STARTED - Notifications
2026-06-05 18:50:05 | NOTIFICATION WORKFLOW STARTED
2026-06-05 18:50:05 | NOTIFICATION WORKFLOW COMPLETED
2026-06-05 18:50:05 | STEP 5 COMPLETED - Notifications
2026-06-05 18:50:05 | STEP 6 STARTED - Save Report
2026-06-05 18:50:05 | STEP 6 COMPLETED - Save Report
2026-06-05 18:50:05 | WORKFLOW COMPLETED
2026-06-05 18:50:05 | SCHEDULED WORKFLOW EXECUTION COMPLETED
2026-06-05 18:55:05 | SCHEDULED WORKFLOW EXECUTION STARTED
2026-06-05 18:55:05 | WORKFLOW STARTED
2026-06-05 18:55:05 | STEP 0 STARTED - Environment Validation
2026-06-05 18:55:05 | STEP 0 COMPLETED - Environment Validation
2026-06-05 18:55:05 | STEP 1 STARTED - Monitoring Engine
2026-06-05 18:55:05 | MONITORING WORKFLOW STARTED
2026-06-05 18:55:05 | MONITORING WORKFLOW COMPLETED
2026-06-05 18:55:05 | STEP 1 COMPLETED - Monitoring Engine
2026-06-05 18:55:05 | STEP 2 STARTED - Collect Monitoring Results
2026-06-05 18:55:05 | STEP 2 COMPLETED - Collect Monitoring Results
2026-06-05 18:55:05 | STEP 3 STARTED - AI Analysis
2026-06-05 18:55:08 | STEP 3 COMPLETED - AI Analysis
2026-06-05 18:55:08 | STEP 4 STARTED - Report Generation
2026-06-05 18:55:08 | STEP 4 COMPLETED - Report Generation
2026-06-05 18:55:08 | REPORT FILE CREATED: reports/incident_report_20260605_185508.txt
2026-06-05 18:55:08 | STEP 5 STARTED - Notifications
2026-06-05 18:55:08 | NOTIFICATION WORKFLOW STARTED
2026-06-05 18:55:09 | NOTIFICATION WORKFLOW COMPLETED
2026-06-05 18:55:09 | STEP 5 COMPLETED - Notifications
2026-06-05 18:55:09 | STEP 6 STARTED - Save Report
2026-06-05 18:55:09 | STEP 6 COMPLETED - Save Report
2026-06-05 18:55:09 | WORKFLOW COMPLETED
2026-06-05 18:55:09 | SCHEDULED WORKFLOW EXECUTION COMPLETED
2026-06-05 19:00:09 | SCHEDULED WORKFLOW EXECUTION STARTED
2026-06-05 19:00:09 | WORKFLOW STARTED
2026-06-05 19:00:09 | STEP 0 STARTED - Environment Validation
2026-06-05 19:00:09 | STEP 0 COMPLETED - Environment Validation
2026-06-05 19:00:09 | STEP 1 STARTED - Monitoring Engine
2026-06-05 19:00:09 | MONITORING WORKFLOW STARTED
2026-06-05 19:00:09 | MONITORING WORKFLOW COMPLETED
2026-06-05 19:00:09 | STEP 1 COMPLETED - Monitoring Engine
2026-06-05 19:00:09 | STEP 2 STARTED - Collect Monitoring Results
2026-06-05 19:00:09 | STEP 2 COMPLETED - Collect Monitoring Results
2026-06-05 19:00:09 | STEP 3 STARTED - AI Analysis
2026-06-05 19:00:12 | STEP 3 COMPLETED - AI Analysis
2026-06-05 19:00:12 | STEP 4 STARTED - Report Generation
2026-06-05 19:00:12 | STEP 4 COMPLETED - Report Generation
2026-06-05 19:00:12 | REPORT FILE CREATED: reports/incident_report_20260605_190012.txt
2026-06-05 19:00:12 | STEP 5 STARTED - Notifications
2026-06-05 19:00:12 | NOTIFICATION WORKFLOW STARTED
2026-06-05 19:00:12 | NOTIFICATION WORKFLOW COMPLETED
2026-06-05 19:00:12 | STEP 5 COMPLETED - Notifications
2026-06-05 19:00:12 | STEP 6 STARTED - Save Report
2026-06-05 19:00:12 | STEP 6 COMPLETED - Save Report
2026-06-05 19:00:12 | WORKFLOW COMPLETED
2026-06-05 19:00:12 | SCHEDULED WORKFLOW EXECUTION COMPLETED
2026-06-05 19:05:12 | SCHEDULED WORKFLOW EXECUTION STARTED
2026-06-05 19:05:12 | WORKFLOW STARTED
2026-06-05 19:05:12 | STEP 0 STARTED - Environment Validation
2026-06-05 19:05:12 | STEP 0 COMPLETED - Environment Validation
2026-06-05 19:05:12 | STEP 1 STARTED - Monitoring Engine
2026-06-05 19:05:12 | MONITORING WORKFLOW STARTED
2026-06-05 19:05:12 | MONITORING WORKFLOW COMPLETED
2026-06-05 19:05:12 | STEP 1 COMPLETED - Monitoring Engine
2026-06-05 19:05:12 | STEP 2 STARTED - Collect Monitoring Results
2026-06-05 19:05:12 | STEP 2 COMPLETED - Collect Monitoring Results
2026-06-05 19:05:12 | STEP 3 STARTED - AI Analysis
2026-06-05 19:05:16 | STEP 3 COMPLETED - AI Analysis
2026-06-05 19:05:16 | STEP 4 STARTED - Report Generation
2026-06-05 19:05:16 | STEP 4 COMPLETED - Report Generation
2026-06-05 19:05:16 | REPORT FILE CREATED: reports/incident_report_20260605_190516.txt
2026-06-05 19:05:16 | STEP 5 STARTED - Notifications
2026-06-05 19:05:16 | NOTIFICATION WORKFLOW STARTED
2026-06-05 19:05:16 | NOTIFICATION WORKFLOW COMPLETED
2026-06-05 19:05:16 | STEP 5 COMPLETED - Notifications
2026-06-05 19:05:16 | STEP 6 STARTED - Save Report
2026-06-05 19:05:16 | STEP 6 COMPLETED - Save Report
2026-06-05 19:05:16 | WORKFLOW COMPLETED
2026-06-05 19:05:16 | SCHEDULED WORKFLOW EXECUTION COMPLETED
2026-06-05 19:10:16 | SCHEDULED WORKFLOW EXECUTION STARTED
2026-06-05 19:10:16 | WORKFLOW STARTED
2026-06-05 19:10:16 | STEP 0 STARTED - Environment Validation
2026-06-05 19:10:16 | STEP 0 COMPLETED - Environment Validation
2026-06-05 19:10:16 | STEP 1 STARTED - Monitoring Engine
2026-06-05 19:10:16 | MONITORING WORKFLOW STARTED
2026-06-05 19:10:16 | MONITORING WORKFLOW COMPLETED
2026-06-05 19:10:16 | STEP 1 COMPLETED - Monitoring Engine
2026-06-05 19:10:16 | STEP 2 STARTED - Collect Monitoring Results
2026-06-05 19:10:16 | STEP 2 COMPLETED - Collect Monitoring Results
2026-06-05 19:10:16 | STEP 3 STARTED - AI Analysis
2026-06-05 19:10:20 | STEP 3 COMPLETED - AI Analysis
2026-06-05 19:10:20 | STEP 4 STARTED - Report Generation
2026-06-05 19:10:20 | STEP 4 COMPLETED - Report Generation
2026-06-05 19:10:20 | REPORT FILE CREATED: reports/incident_report_20260605_191020.txt
2026-06-05 19:10:20 | STEP 5 STARTED - Notifications
2026-06-05 19:10:20 | NOTIFICATION WORKFLOW STARTED
2026-06-05 19:10:20 | NOTIFICATION WORKFLOW COMPLETED
2026-06-05 19:10:20 | STEP 5 COMPLETED - Notifications
2026-06-05 19:10:20 | STEP 6 STARTED - Save Report
2026-06-05 19:10:20 | STEP 6 COMPLETED - Save Report
2026-06-05 19:10:20 | WORKFLOW COMPLETED
2026-06-05 19:10:20 | SCHEDULED WORKFLOW EXECUTION COMPLETED
2026-06-05 19:15:20 | SCHEDULED WORKFLOW EXECUTION STARTED
2026-06-05 19:15:20 | WORKFLOW STARTED
2026-06-05 19:15:20 | STEP 0 STARTED - Environment Validation
2026-06-05 19:15:20 | STEP 0 COMPLETED - Environment Validation
2026-06-05 19:15:20 | STEP 1 STARTED - Monitoring Engine
2026-06-05 19:15:20 | MONITORING WORKFLOW STARTED
2026-06-05 19:15:20 | MONITORING WORKFLOW COMPLETED
2026-06-05 19:15:20 | STEP 1 COMPLETED - Monitoring Engine
2026-06-05 19:15:20 | STEP 2 STARTED - Collect Monitoring Results
2026-06-05 19:15:20 | STEP 2 COMPLETED - Collect Monitoring Results
2026-06-05 19:15:20 | STEP 3 STARTED - AI Analysis
2026-06-05 19:15:23 | STEP 3 COMPLETED - AI Analysis
2026-06-05 19:15:23 | STEP 4 STARTED - Report Generation
2026-06-05 19:15:23 | STEP 4 COMPLETED - Report Generation
2026-06-05 19:15:23 | REPORT FILE CREATED: reports/incident_report_20260605_191523.txt
2026-06-05 19:15:23 | STEP 5 STARTED - Notifications
2026-06-05 19:15:23 | NOTIFICATION WORKFLOW STARTED
2026-06-05 19:15:23 | NOTIFICATION WORKFLOW COMPLETED
2026-06-05 19:15:23 | STEP 5 COMPLETED - Notifications
2026-06-05 19:15:23 | STEP 6 STARTED - Save Report
2026-06-05 19:15:23 | STEP 6 COMPLETED - Save Report
2026-06-05 19:15:23 | WORKFLOW COMPLETED
2026-06-05 19:15:23 | SCHEDULED WORKFLOW EXECUTION COMPLETED
2026-06-05 19:20:23 | SCHEDULED WORKFLOW EXECUTION STARTED
2026-06-05 19:20:23 | WORKFLOW STARTED
2026-06-05 19:20:23 | STEP 0 STARTED - Environment Validation
2026-06-05 19:20:23 | STEP 0 COMPLETED - Environment Validation
2026-06-05 19:20:23 | STEP 1 STARTED - Monitoring Engine
2026-06-05 19:20:23 | MONITORING WORKFLOW STARTED
2026-06-05 19:20:24 | MONITORING WORKFLOW COMPLETED
2026-06-05 19:20:24 | STEP 1 COMPLETED - Monitoring Engine
2026-06-05 19:20:24 | STEP 2 STARTED - Collect Monitoring Results
2026-06-05 19:20:24 | STEP 2 COMPLETED - Collect Monitoring Results
2026-06-05 19:20:24 | STEP 3 STARTED - AI Analysis
2026-06-05 19:20:27 | STEP 3 COMPLETED - AI Analysis
2026-06-05 19:20:27 | STEP 4 STARTED - Report Generation
2026-06-05 19:20:27 | STEP 4 COMPLETED - Report Generation
2026-06-05 19:20:27 | REPORT FILE CREATED: reports/incident_report_20260605_192027.txt
2026-06-05 19:20:27 | STEP 5 STARTED - Notifications
2026-06-05 19:20:27 | NOTIFICATION WORKFLOW STARTED
2026-06-05 19:20:27 | NOTIFICATION WORKFLOW COMPLETED
2026-06-05 19:20:27 | STEP 5 COMPLETED - Notifications
2026-06-05 19:20:27 | STEP 6 STARTED - Save Report
2026-06-05 19:20:27 | STEP 6 COMPLETED - Save Report
2026-06-05 19:20:27 | WORKFLOW COMPLETED
2026-06-05 19:20:27 | SCHEDULED WORKFLOW EXECUTION COMPLETED
