2026-06-08 10:32:26 | SCHEDULED WORKFLOW EXECUTION STARTED
2026-06-08 10:32:27 | WORKFLOW STARTED
2026-06-08 10:32:27 | STEP 0 STARTED - Environment Validation
2026-06-08 10:32:28 | STEP 0 COMPLETED - Environment Validation
2026-06-08 10:32:28 | STEP 1 STARTED - Monitoring Engine
2026-06-08 10:32:29 | MONITORING WORKFLOW STARTED
2026-06-08 10:32:32 | MONITORING WORKFLOW COMPLETED
2026-06-08 10:32:32 | STEP 1 COMPLETED - Monitoring Engine
2026-06-08 10:32:32 | STEP 2 STARTED - Collect Monitoring Results
2026-06-08 10:32:32 | STEP 2 COMPLETED - Collect Monitoring Results
2026-06-08 10:32:32 | STEP 3 STARTED - AI Analysis
2026-06-08 10:32:37 | STEP 3 COMPLETED - AI Analysis
2026-06-08 10:32:37 | STEP 4 STARTED - Report Generation
2026-06-08 10:32:38 | STEP 4 COMPLETED - Report Generation
2026-06-08 10:32:38 | REPORT FILE CREATED: reports/incident_report_20260608_103238.txt
2026-06-08 10:32:38 | STEP 5 STARTED - Notifications
2026-06-08 10:32:38 | NOTIFICATION WORKFLOW STARTED
2026-06-08 10:32:39 | NOTIFICATION WORKFLOW COMPLETED
2026-06-08 10:32:39 | STEP 5 COMPLETED - Notifications
2026-06-08 10:32:39 | STEP 6 STARTED - Save Report
2026-06-08 10:32:39 | STEP 6 COMPLETED - Save Report
2026-06-08 10:32:39 | WORKFLOW COMPLETED
2026-06-08 10:32:39 | SCHEDULED WORKFLOW EXECUTION COMPLETED
2026-06-08 10:37:39 | SCHEDULED WORKFLOW EXECUTION STARTED
2026-06-08 10:37:39 | WORKFLOW STARTED
2026-06-08 10:37:39 | STEP 0 STARTED - Environment Validation
2026-06-08 10:37:39 | STEP 0 COMPLETED - Environment Validation
2026-06-08 10:37:39 | STEP 1 STARTED - Monitoring Engine
2026-06-08 10:37:39 | MONITORING WORKFLOW STARTED
2026-06-08 10:37:39 | MONITORING WORKFLOW COMPLETED
2026-06-08 10:37:39 | STEP 1 COMPLETED - Monitoring Engine
2026-06-08 10:37:39 | STEP 2 STARTED - Collect Monitoring Results
2026-06-08 10:37:39 | STEP 2 COMPLETED - Collect Monitoring Results
2026-06-08 10:37:39 | STEP 3 STARTED - AI Analysis
2026-06-08 10:37:45 | STEP 3 COMPLETED - AI Analysis
2026-06-08 10:37:45 | STEP 4 STARTED - Report Generation
2026-06-08 10:37:45 | STEP 4 COMPLETED - Report Generation
2026-06-08 10:37:45 | REPORT FILE CREATED: reports/incident_report_20260608_103745.txt
2026-06-08 10:37:45 | STEP 5 STARTED - Notifications
2026-06-08 10:37:45 | NOTIFICATION WORKFLOW STARTED
2026-06-08 10:37:45 | NOTIFICATION WORKFLOW COMPLETED
2026-06-08 10:37:45 | STEP 5 COMPLETED - Notifications
2026-06-08 10:37:45 | STEP 6 STARTED - Save Report
2026-06-08 10:37:45 | STEP 6 COMPLETED - Save Report
2026-06-08 10:37:45 | WORKFLOW COMPLETED
2026-06-08 10:37:45 | SCHEDULED WORKFLOW EXECUTION COMPLETED
2026-06-08 10:42:45 | SCHEDULED WORKFLOW EXECUTION STARTED
2026-06-08 10:42:45 | WORKFLOW STARTED
2026-06-08 10:42:45 | STEP 0 STARTED - Environment Validation
2026-06-08 10:42:45 | STEP 0 COMPLETED - Environment Validation
2026-06-08 10:42:45 | STEP 1 STARTED - Monitoring Engine
2026-06-08 10:42:45 | MONITORING WORKFLOW STARTED
2026-06-08 10:42:45 | MONITORING WORKFLOW COMPLETED
2026-06-08 10:42:45 | STEP 1 COMPLETED - Monitoring Engine
2026-06-08 10:42:45 | STEP 2 STARTED - Collect Monitoring Results
2026-06-08 10:42:45 | STEP 2 COMPLETED - Collect Monitoring Results
2026-06-08 10:42:45 | STEP 3 STARTED - AI Analysis
2026-06-08 10:42:49 | STEP 3 COMPLETED - AI Analysis
2026-06-08 10:42:49 | STEP 4 STARTED - Report Generation
2026-06-08 10:42:49 | STEP 4 COMPLETED - Report Generation
2026-06-08 10:42:49 | REPORT FILE CREATED: reports/incident_report_20260608_104249.txt
2026-06-08 10:42:49 | STEP 5 STARTED - Notifications
2026-06-08 10:42:49 | NOTIFICATION WORKFLOW STARTED
2026-06-08 10:42:49 | NOTIFICATION WORKFLOW COMPLETED
2026-06-08 10:42:49 | STEP 5 COMPLETED - Notifications
2026-06-08 10:42:49 | STEP 6 STARTED - Save Report
2026-06-08 10:42:49 | STEP 6 COMPLETED - Save Report
2026-06-08 10:42:49 | WORKFLOW COMPLETED
2026-06-08 10:42:49 | SCHEDULED WORKFLOW EXECUTION COMPLETED
2026-06-08 10:47:49 | SCHEDULED WORKFLOW EXECUTION STARTED
2026-06-08 10:47:49 | WORKFLOW STARTED
2026-06-08 10:47:49 | STEP 0 STARTED - Environment Validation
2026-06-08 10:47:49 | STEP 0 COMPLETED - Environment Validation
2026-06-08 10:47:49 | STEP 1 STARTED - Monitoring Engine
2026-06-08 10:47:49 | MONITORING WORKFLOW STARTED
2026-06-08 10:47:49 | MONITORING WORKFLOW COMPLETED
2026-06-08 10:47:49 | STEP 1 COMPLETED - Monitoring Engine
2026-06-08 10:47:49 | STEP 2 STARTED - Collect Monitoring Results
2026-06-08 10:47:49 | STEP 2 COMPLETED - Collect Monitoring Results
2026-06-08 10:47:49 | STEP 3 STARTED - AI Analysis
2026-06-08 10:47:52 | STEP 3 COMPLETED - AI Analysis
2026-06-08 10:47:52 | STEP 4 STARTED - Report Generation
2026-06-08 10:47:52 | STEP 4 COMPLETED - Report Generation
2026-06-08 10:47:52 | REPORT FILE CREATED: reports/incident_report_20260608_104752.txt
2026-06-08 10:47:52 | STEP 5 STARTED - Notifications
2026-06-08 10:47:52 | NOTIFICATION WORKFLOW STARTED
2026-06-08 10:47:52 | NOTIFICATION WORKFLOW COMPLETED
2026-06-08 10:47:52 | STEP 5 COMPLETED - Notifications
2026-06-08 10:47:52 | STEP 6 STARTED - Save Report
2026-06-08 10:47:52 | STEP 6 COMPLETED - Save Report
2026-06-08 10:47:52 | WORKFLOW COMPLETED
2026-06-08 10:47:52 | SCHEDULED WORKFLOW EXECUTION COMPLETED
2026-06-08 10:52:52 | SCHEDULED WORKFLOW EXECUTION STARTED
2026-06-08 10:52:52 | WORKFLOW STARTED
2026-06-08 10:52:52 | STEP 0 STARTED - Environment Validation
2026-06-08 10:52:52 | STEP 0 COMPLETED - Environment Validation
2026-06-08 10:52:52 | STEP 1 STARTED - Monitoring Engine
2026-06-08 10:52:52 | MONITORING WORKFLOW STARTED
2026-06-08 10:52:52 | MONITORING WORKFLOW COMPLETED
2026-06-08 10:52:52 | STEP 1 COMPLETED - Monitoring Engine
2026-06-08 10:52:52 | STEP 2 STARTED - Collect Monitoring Results
2026-06-08 10:52:52 | STEP 2 COMPLETED - Collect Monitoring Results
2026-06-08 10:52:52 | STEP 3 STARTED - AI Analysis
2026-06-08 10:52:56 | STEP 3 COMPLETED - AI Analysis
2026-06-08 10:52:56 | STEP 4 STARTED - Report Generation
2026-06-08 10:52:56 | STEP 4 COMPLETED - Report Generation
2026-06-08 10:52:56 | REPORT FILE CREATED: reports/incident_report_20260608_105256.txt
2026-06-08 10:52:56 | STEP 5 STARTED - Notifications
2026-06-08 10:52:56 | NOTIFICATION WORKFLOW STARTED
2026-06-08 10:52:56 | NOTIFICATION WORKFLOW COMPLETED
2026-06-08 10:52:56 | STEP 5 COMPLETED - Notifications
2026-06-08 10:52:56 | STEP 6 STARTED - Save Report
2026-06-08 10:52:56 | STEP 6 COMPLETED - Save Report
2026-06-08 10:52:56 | WORKFLOW COMPLETED
2026-06-08 10:52:56 | SCHEDULED WORKFLOW EXECUTION COMPLETED
2026-06-08 10:57:56 | SCHEDULED WORKFLOW EXECUTION STARTED
2026-06-08 10:57:56 | WORKFLOW STARTED
2026-06-08 10:57:56 | STEP 0 STARTED - Environment Validation
2026-06-08 10:57:56 | STEP 0 COMPLETED - Environment Validation
2026-06-08 10:57:56 | STEP 1 STARTED - Monitoring Engine
2026-06-08 10:57:56 | MONITORING WORKFLOW STARTED
2026-06-08 10:57:56 | MONITORING WORKFLOW COMPLETED
2026-06-08 10:57:56 | STEP 1 COMPLETED - Monitoring Engine
2026-06-08 10:57:56 | STEP 2 STARTED - Collect Monitoring Results
2026-06-08 10:57:56 | STEP 2 COMPLETED - Collect Monitoring Results
2026-06-08 10:57:56 | STEP 3 STARTED - AI Analysis
2026-06-08 10:58:00 | STEP 3 COMPLETED - AI Analysis
2026-06-08 10:58:00 | STEP 4 STARTED - Report Generation
2026-06-08 10:58:00 | STEP 4 COMPLETED - Report Generation
2026-06-08 10:58:00 | REPORT FILE CREATED: reports/incident_report_20260608_105800.txt
2026-06-08 10:58:00 | STEP 5 STARTED - Notifications
2026-06-08 10:58:00 | NOTIFICATION WORKFLOW STARTED
2026-06-08 10:58:00 | NOTIFICATION WORKFLOW COMPLETED
2026-06-08 10:58:01 | STEP 5 COMPLETED - Notifications
2026-06-08 10:58:01 | STEP 6 STARTED - Save Report
2026-06-08 10:58:01 | STEP 6 COMPLETED - Save Report
2026-06-08 10:58:01 | WORKFLOW COMPLETED
2026-06-08 10:58:01 | SCHEDULED WORKFLOW EXECUTION COMPLETED
2026-06-08 11:03:01 | SCHEDULED WORKFLOW EXECUTION STARTED
2026-06-08 11:03:01 | WORKFLOW STARTED
2026-06-08 11:03:01 | STEP 0 STARTED - Environment Validation
2026-06-08 11:03:01 | STEP 0 COMPLETED - Environment Validation
2026-06-08 11:03:01 | STEP 1 STARTED - Monitoring Engine
2026-06-08 11:03:01 | MONITORING WORKFLOW STARTED
2026-06-08 11:03:01 | MONITORING WORKFLOW COMPLETED
2026-06-08 11:03:01 | STEP 1 COMPLETED - Monitoring Engine
2026-06-08 11:03:01 | STEP 2 STARTED - Collect Monitoring Results
2026-06-08 11:03:01 | STEP 2 COMPLETED - Collect Monitoring Results
2026-06-08 11:03:01 | STEP 3 STARTED - AI Analysis
2026-06-08 11:03:06 | STEP 3 COMPLETED - AI Analysis
2026-06-08 11:03:06 | STEP 4 STARTED - Report Generation
2026-06-08 11:03:06 | STEP 4 COMPLETED - Report Generation
2026-06-08 11:03:06 | REPORT FILE CREATED: reports/incident_report_20260608_110306.txt
2026-06-08 11:03:06 | STEP 5 STARTED - Notifications
2026-06-08 11:03:06 | NOTIFICATION WORKFLOW STARTED
2026-06-08 11:03:06 | NOTIFICATION WORKFLOW COMPLETED
2026-06-08 11:03:06 | STEP 5 COMPLETED - Notifications
2026-06-08 11:03:06 | STEP 6 STARTED - Save Report
2026-06-08 11:03:06 | STEP 6 COMPLETED - Save Report
2026-06-08 11:03:06 | WORKFLOW COMPLETED
2026-06-08 11:03:06 | SCHEDULED WORKFLOW EXECUTION COMPLETED
2026-06-08 11:08:06 | SCHEDULED WORKFLOW EXECUTION STARTED
2026-06-08 11:08:06 | WORKFLOW STARTED
2026-06-08 11:08:06 | STEP 0 STARTED - Environment Validation
2026-06-08 11:08:06 | STEP 0 COMPLETED - Environment Validation
2026-06-08 11:08:06 | STEP 1 STARTED - Monitoring Engine
2026-06-08 11:08:06 | MONITORING WORKFLOW STARTED
2026-06-08 11:08:06 | MONITORING WORKFLOW COMPLETED
2026-06-08 11:08:06 | STEP 1 COMPLETED - Monitoring Engine
2026-06-08 11:08:06 | STEP 2 STARTED - Collect Monitoring Results
2026-06-08 11:08:06 | STEP 2 COMPLETED - Collect Monitoring Results
2026-06-08 11:08:06 | STEP 3 STARTED - AI Analysis
2026-06-08 11:08:10 | STEP 3 COMPLETED - AI Analysis
2026-06-08 11:08:11 | STEP 4 STARTED - Report Generation
2026-06-08 11:08:11 | STEP 4 COMPLETED - Report Generation
2026-06-08 11:08:11 | REPORT FILE CREATED: reports/incident_report_20260608_110811.txt
2026-06-08 11:08:11 | STEP 5 STARTED - Notifications
2026-06-08 11:08:11 | NOTIFICATION WORKFLOW STARTED
2026-06-08 11:08:11 | NOTIFICATION WORKFLOW COMPLETED
2026-06-08 11:08:11 | STEP 5 COMPLETED - Notifications
2026-06-08 11:08:11 | STEP 6 STARTED - Save Report
2026-06-08 11:08:11 | STEP 6 COMPLETED - Save Report
2026-06-08 11:08:11 | WORKFLOW COMPLETED
2026-06-08 11:08:11 | SCHEDULED WORKFLOW EXECUTION COMPLETED
2026-06-08 11:13:11 | SCHEDULED WORKFLOW EXECUTION STARTED
2026-06-08 11:13:11 | WORKFLOW STARTED
2026-06-08 11:13:11 | STEP 0 STARTED - Environment Validation
2026-06-08 11:13:11 | STEP 0 COMPLETED - Environment Validation
2026-06-08 11:13:11 | STEP 1 STARTED - Monitoring Engine
2026-06-08 11:13:11 | MONITORING WORKFLOW STARTED
2026-06-08 11:13:11 | MONITORING WORKFLOW COMPLETED
2026-06-08 11:13:11 | STEP 1 COMPLETED - Monitoring Engine
2026-06-08 11:13:11 | STEP 2 STARTED - Collect Monitoring Results
2026-06-08 11:13:11 | STEP 2 COMPLETED - Collect Monitoring Results
2026-06-08 11:13:11 | STEP 3 STARTED - AI Analysis
2026-06-08 11:13:16 | STEP 3 COMPLETED - AI Analysis
2026-06-08 11:13:16 | STEP 4 STARTED - Report Generation
2026-06-08 11:13:16 | STEP 4 COMPLETED - Report Generation
2026-06-08 11:13:16 | REPORT FILE CREATED: reports/incident_report_20260608_111316.txt
2026-06-08 11:13:16 | STEP 5 STARTED - Notifications
2026-06-08 11:13:16 | NOTIFICATION WORKFLOW STARTED
2026-06-08 11:13:16 | NOTIFICATION WORKFLOW COMPLETED
2026-06-08 11:13:16 | STEP 5 COMPLETED - Notifications
2026-06-08 11:13:16 | STEP 6 STARTED - Save Report
2026-06-08 11:13:16 | STEP 6 COMPLETED - Save Report
2026-06-08 11:13:16 | WORKFLOW COMPLETED
2026-06-08 11:13:16 | SCHEDULED WORKFLOW EXECUTION COMPLETED
2026-06-08 11:18:16 | SCHEDULED WORKFLOW EXECUTION STARTED
2026-06-08 11:18:16 | WORKFLOW STARTED
2026-06-08 11:18:16 | STEP 0 STARTED - Environment Validation
2026-06-08 11:18:16 | STEP 0 COMPLETED - Environment Validation
2026-06-08 11:18:16 | STEP 1 STARTED - Monitoring Engine
2026-06-08 11:18:16 | MONITORING WORKFLOW STARTED
2026-06-08 11:18:16 | MONITORING WORKFLOW COMPLETED
2026-06-08 11:18:16 | STEP 1 COMPLETED - Monitoring Engine
2026-06-08 11:18:16 | STEP 2 STARTED - Collect Monitoring Results
2026-06-08 11:18:16 | STEP 2 COMPLETED - Collect Monitoring Results
2026-06-08 11:18:16 | STEP 3 STARTED - AI Analysis
2026-06-08 11:18:21 | STEP 3 COMPLETED - AI Analysis
2026-06-08 11:18:21 | STEP 4 STARTED - Report Generation
2026-06-08 11:18:21 | STEP 4 COMPLETED - Report Generation
2026-06-08 11:18:21 | REPORT FILE CREATED: reports/incident_report_20260608_111821.txt
2026-06-08 11:18:21 | STEP 5 STARTED - Notifications
2026-06-08 11:18:21 | NOTIFICATION WORKFLOW STARTED
2026-06-08 11:18:21 | NOTIFICATION WORKFLOW COMPLETED
2026-06-08 11:18:21 | STEP 5 COMPLETED - Notifications
2026-06-08 11:18:21 | STEP 6 STARTED - Save Report
2026-06-08 11:18:21 | STEP 6 COMPLETED - Save Report
2026-06-08 11:18:21 | WORKFLOW COMPLETED
2026-06-08 11:18:21 | SCHEDULED WORKFLOW EXECUTION COMPLETED
2026-06-08 11:23:21 | SCHEDULED WORKFLOW EXECUTION STARTED
2026-06-08 11:23:21 | WORKFLOW STARTED
2026-06-08 11:23:21 | STEP 0 STARTED - Environment Validation
2026-06-08 11:23:21 | STEP 0 COMPLETED - Environment Validation
2026-06-08 11:23:21 | STEP 1 STARTED - Monitoring Engine
2026-06-08 11:23:21 | MONITORING WORKFLOW STARTED
2026-06-08 11:23:22 | MONITORING WORKFLOW COMPLETED
2026-06-08 11:23:22 | STEP 1 COMPLETED - Monitoring Engine
2026-06-08 11:23:22 | STEP 2 STARTED - Collect Monitoring Results
2026-06-08 11:23:22 | STEP 2 COMPLETED - Collect Monitoring Results
2026-06-08 11:23:22 | STEP 3 STARTED - AI Analysis
2026-06-08 11:23:23 | STEP 3 COMPLETED - AI Analysis
2026-06-08 11:23:23 | STEP 4 STARTED - Report Generation
2026-06-08 11:23:23 | STEP 4 COMPLETED - Report Generation
2026-06-08 11:23:23 | REPORT FILE CREATED: reports/incident_report_20260608_112323.txt
2026-06-08 11:23:23 | STEP 5 STARTED - Notifications
2026-06-08 11:23:23 | NOTIFICATION WORKFLOW STARTED
2026-06-08 11:23:23 | NOTIFICATION WORKFLOW COMPLETED
2026-06-08 11:23:23 | STEP 5 COMPLETED - Notifications
2026-06-08 11:23:23 | STEP 6 STARTED - Save Report
2026-06-08 11:23:23 | STEP 6 COMPLETED - Save Report
2026-06-08 11:23:23 | WORKFLOW COMPLETED
2026-06-08 11:23:23 | SCHEDULED WORKFLOW EXECUTION COMPLETED
2026-06-08 11:50:12 | SCHEDULED WORKFLOW EXECUTION STARTED
2026-06-08 11:50:12 | WORKFLOW STARTED
2026-06-08 11:50:12 | STEP 0 STARTED - Environment Validation
2026-06-08 11:50:12 | STEP 0 COMPLETED - Environment Validation
2026-06-08 11:50:12 | STEP 1 STARTED - Monitoring Engine
2026-06-08 11:50:12 | MONITORING WORKFLOW STARTED
2026-06-08 11:50:12 | MONITORING WORKFLOW COMPLETED
2026-06-08 11:50:12 | STEP 1 COMPLETED - Monitoring Engine
2026-06-08 11:50:12 | STEP 2 STARTED - Collect Monitoring Results
2026-06-08 11:50:12 | STEP 2 COMPLETED - Collect Monitoring Results
2026-06-08 11:50:12 | STEP 3 STARTED - AI Analysis
2026-06-08 11:50:15 | STEP 3 COMPLETED - AI Analysis
2026-06-08 11:50:15 | STEP 4 STARTED - Report Generation
2026-06-08 11:50:15 | STEP 4 COMPLETED - Report Generation
2026-06-08 11:50:15 | REPORT FILE CREATED: reports/incident_report_20260608_115015.txt
2026-06-08 11:50:15 | STEP 5 STARTED - Notifications
2026-06-08 11:50:15 | NOTIFICATION WORKFLOW STARTED
2026-06-08 11:50:15 | NOTIFICATION WORKFLOW COMPLETED
2026-06-08 11:50:15 | STEP 5 COMPLETED - Notifications
2026-06-08 11:50:15 | STEP 6 STARTED - Save Report
2026-06-08 11:50:15 | STEP 6 COMPLETED - Save Report
2026-06-08 11:50:15 | WORKFLOW COMPLETED
2026-06-08 11:50:15 | SCHEDULED WORKFLOW EXECUTION COMPLETED
2026-06-08 11:55:15 | SCHEDULED WORKFLOW EXECUTION STARTED
2026-06-08 11:55:15 | WORKFLOW STARTED
2026-06-08 11:55:15 | STEP 0 STARTED - Environment Validation
2026-06-08 11:55:15 | STEP 0 COMPLETED - Environment Validation
2026-06-08 11:55:15 | STEP 1 STARTED - Monitoring Engine
2026-06-08 11:55:15 | MONITORING WORKFLOW STARTED
2026-06-08 11:55:16 | MONITORING WORKFLOW COMPLETED
2026-06-08 11:55:16 | STEP 1 COMPLETED - Monitoring Engine
2026-06-08 11:55:16 | STEP 2 STARTED - Collect Monitoring Results
2026-06-08 11:55:16 | STEP 2 COMPLETED - Collect Monitoring Results
2026-06-08 11:55:16 | STEP 3 STARTED - AI Analysis
2026-06-08 11:55:27 | STEP 3 COMPLETED - AI Analysis
2026-06-08 11:55:27 | STEP 4 STARTED - Report Generation
2026-06-08 11:55:27 | STEP 4 COMPLETED - Report Generation
2026-06-08 11:55:27 | REPORT FILE CREATED: reports/incident_report_20260608_115527.txt
2026-06-08 11:55:27 | STEP 5 STARTED - Notifications
2026-06-08 11:55:27 | NOTIFICATION WORKFLOW STARTED
2026-06-08 11:55:27 | NOTIFICATION WORKFLOW COMPLETED
2026-06-08 11:55:27 | STEP 5 COMPLETED - Notifications
2026-06-08 11:55:27 | STEP 6 STARTED - Save Report
2026-06-08 11:55:27 | STEP 6 COMPLETED - Save Report
2026-06-08 11:55:27 | WORKFLOW COMPLETED
2026-06-08 11:55:27 | SCHEDULED WORKFLOW EXECUTION COMPLETED
2026-06-08 12:00:27 | SCHEDULED WORKFLOW EXECUTION STARTED
2026-06-08 12:00:27 | WORKFLOW STARTED
2026-06-08 12:00:27 | STEP 0 STARTED - Environment Validation
2026-06-08 12:00:27 | STEP 0 COMPLETED - Environment Validation
2026-06-08 12:00:27 | STEP 1 STARTED - Monitoring Engine
2026-06-08 12:00:27 | MONITORING WORKFLOW STARTED
2026-06-08 12:00:27 | MONITORING WORKFLOW COMPLETED
2026-06-08 12:00:27 | STEP 1 COMPLETED - Monitoring Engine
2026-06-08 12:00:27 | STEP 2 STARTED - Collect Monitoring Results
2026-06-08 12:00:27 | STEP 2 COMPLETED - Collect Monitoring Results
2026-06-08 12:00:27 | STEP 3 STARTED - AI Analysis
2026-06-08 12:00:36 | STEP 3 COMPLETED - AI Analysis
2026-06-08 12:00:36 | STEP 4 STARTED - Report Generation
2026-06-08 12:00:36 | STEP 4 COMPLETED - Report Generation
2026-06-08 12:00:36 | REPORT FILE CREATED: reports/incident_report_20260608_120036.txt
2026-06-08 12:00:36 | STEP 5 STARTED - Notifications
2026-06-08 12:00:36 | NOTIFICATION WORKFLOW STARTED
2026-06-08 12:00:36 | NOTIFICATION WORKFLOW COMPLETED
2026-06-08 12:00:36 | STEP 5 COMPLETED - Notifications
2026-06-08 12:00:36 | STEP 6 STARTED - Save Report
2026-06-08 12:00:36 | STEP 6 COMPLETED - Save Report
2026-06-08 12:00:36 | WORKFLOW COMPLETED
2026-06-08 12:00:36 | SCHEDULED WORKFLOW EXECUTION COMPLETED
2026-06-08 12:05:36 | SCHEDULED WORKFLOW EXECUTION STARTED
2026-06-08 12:05:36 | WORKFLOW STARTED
2026-06-08 12:05:36 | STEP 0 STARTED - Environment Validation
2026-06-08 12:05:36 | STEP 0 COMPLETED - Environment Validation
2026-06-08 12:05:36 | STEP 1 STARTED - Monitoring Engine
2026-06-08 12:05:36 | MONITORING WORKFLOW STARTED
2026-06-08 12:05:37 | MONITORING WORKFLOW COMPLETED
2026-06-08 12:05:37 | STEP 1 COMPLETED - Monitoring Engine
2026-06-08 12:05:37 | STEP 2 STARTED - Collect Monitoring Results
2026-06-08 12:05:37 | STEP 2 COMPLETED - Collect Monitoring Results
2026-06-08 12:05:37 | STEP 3 STARTED - AI Analysis
2026-06-08 12:05:45 | STEP 3 COMPLETED - AI Analysis
2026-06-08 12:05:45 | STEP 4 STARTED - Report Generation
2026-06-08 12:05:45 | STEP 4 COMPLETED - Report Generation
2026-06-08 12:05:45 | REPORT FILE CREATED: reports/incident_report_20260608_120545.txt
2026-06-08 12:05:45 | STEP 5 STARTED - Notifications
2026-06-08 12:05:45 | NOTIFICATION WORKFLOW STARTED
2026-06-08 12:05:45 | NOTIFICATION WORKFLOW COMPLETED
2026-06-08 12:05:45 | STEP 5 COMPLETED - Notifications
2026-06-08 12:05:45 | STEP 6 STARTED - Save Report
2026-06-08 12:05:45 | STEP 6 COMPLETED - Save Report
2026-06-08 12:05:45 | WORKFLOW COMPLETED
2026-06-08 12:05:45 | SCHEDULED WORKFLOW EXECUTION COMPLETED
2026-06-08 12:10:45 | SCHEDULED WORKFLOW EXECUTION STARTED
2026-06-08 12:10:45 | WORKFLOW STARTED
2026-06-08 12:10:45 | STEP 0 STARTED - Environment Validation
2026-06-08 12:10:45 | STEP 0 COMPLETED - Environment Validation
2026-06-08 12:10:45 | STEP 1 STARTED - Monitoring Engine
2026-06-08 12:10:45 | MONITORING WORKFLOW STARTED
2026-06-08 12:10:45 | MONITORING WORKFLOW COMPLETED
2026-06-08 12:10:45 | STEP 1 COMPLETED - Monitoring Engine
2026-06-08 12:10:45 | STEP 2 STARTED - Collect Monitoring Results
2026-06-08 12:10:45 | STEP 2 COMPLETED - Collect Monitoring Results
2026-06-08 12:10:45 | STEP 3 STARTED - AI Analysis
2026-06-08 12:10:49 | STEP 3 COMPLETED - AI Analysis
2026-06-08 12:10:49 | STEP 4 STARTED - Report Generation
2026-06-08 12:10:49 | STEP 4 COMPLETED - Report Generation
2026-06-08 12:10:49 | REPORT FILE CREATED: reports/incident_report_20260608_121049.txt
2026-06-08 12:10:49 | STEP 5 STARTED - Notifications
2026-06-08 12:10:49 | NOTIFICATION WORKFLOW STARTED
2026-06-08 12:10:49 | NOTIFICATION WORKFLOW COMPLETED
2026-06-08 12:10:49 | STEP 5 COMPLETED - Notifications
2026-06-08 12:10:49 | STEP 6 STARTED - Save Report
2026-06-08 12:10:49 | STEP 6 COMPLETED - Save Report
2026-06-08 12:10:49 | WORKFLOW COMPLETED
2026-06-08 12:10:49 | SCHEDULED WORKFLOW EXECUTION COMPLETED
2026-06-08 12:15:49 | SCHEDULED WORKFLOW EXECUTION STARTED
2026-06-08 12:15:49 | WORKFLOW STARTED
2026-06-08 12:15:49 | STEP 0 STARTED - Environment Validation
2026-06-08 12:15:49 | STEP 0 COMPLETED - Environment Validation
2026-06-08 12:15:49 | STEP 1 STARTED - Monitoring Engine
2026-06-08 12:15:49 | MONITORING WORKFLOW STARTED
2026-06-08 12:15:49 | MONITORING WORKFLOW COMPLETED
2026-06-08 12:15:49 | STEP 1 COMPLETED - Monitoring Engine
2026-06-08 12:15:49 | STEP 2 STARTED - Collect Monitoring Results
2026-06-08 12:15:49 | STEP 2 COMPLETED - Collect Monitoring Results
2026-06-08 12:15:49 | STEP 3 STARTED - AI Analysis
2026-06-08 12:15:53 | STEP 3 COMPLETED - AI Analysis
2026-06-08 12:15:53 | STEP 4 STARTED - Report Generation
2026-06-08 12:15:53 | STEP 4 COMPLETED - Report Generation
2026-06-08 12:15:53 | REPORT FILE CREATED: reports/incident_report_20260608_121553.txt
2026-06-08 12:15:53 | STEP 5 STARTED - Notifications
2026-06-08 12:15:53 | NOTIFICATION WORKFLOW STARTED
2026-06-08 12:15:53 | NOTIFICATION WORKFLOW COMPLETED
2026-06-08 12:15:53 | STEP 5 COMPLETED - Notifications
2026-06-08 12:15:53 | STEP 6 STARTED - Save Report
2026-06-08 12:15:53 | STEP 6 COMPLETED - Save Report
2026-06-08 12:15:53 | WORKFLOW COMPLETED
2026-06-08 12:15:53 | SCHEDULED WORKFLOW EXECUTION COMPLETED
2026-06-08 12:20:53 | SCHEDULED WORKFLOW EXECUTION STARTED
2026-06-08 12:20:53 | WORKFLOW STARTED
2026-06-08 12:20:53 | STEP 0 STARTED - Environment Validation
2026-06-08 12:20:53 | STEP 0 COMPLETED - Environment Validation
2026-06-08 12:20:53 | STEP 1 STARTED - Monitoring Engine
2026-06-08 12:20:53 | MONITORING WORKFLOW STARTED
2026-06-08 12:20:54 | MONITORING WORKFLOW COMPLETED
2026-06-08 12:20:54 | STEP 1 COMPLETED - Monitoring Engine
2026-06-08 12:20:54 | STEP 2 STARTED - Collect Monitoring Results
2026-06-08 12:20:54 | STEP 2 COMPLETED - Collect Monitoring Results
2026-06-08 12:20:54 | STEP 3 STARTED - AI Analysis
2026-06-08 12:20:58 | STEP 3 COMPLETED - AI Analysis
2026-06-08 12:20:58 | STEP 4 STARTED - Report Generation
2026-06-08 12:20:58 | STEP 4 COMPLETED - Report Generation
2026-06-08 12:20:58 | REPORT FILE CREATED: reports/incident_report_20260608_122058.txt
2026-06-08 12:20:58 | STEP 5 STARTED - Notifications
2026-06-08 12:20:58 | NOTIFICATION WORKFLOW STARTED
2026-06-08 12:20:58 | NOTIFICATION WORKFLOW COMPLETED
2026-06-08 12:20:58 | STEP 5 COMPLETED - Notifications
2026-06-08 12:20:58 | STEP 6 STARTED - Save Report
2026-06-08 12:20:58 | STEP 6 COMPLETED - Save Report
2026-06-08 12:20:58 | WORKFLOW COMPLETED
2026-06-08 12:20:58 | SCHEDULED WORKFLOW EXECUTION COMPLETED
2026-06-08 12:25:58 | SCHEDULED WORKFLOW EXECUTION STARTED
2026-06-08 12:25:58 | WORKFLOW STARTED
2026-06-08 12:25:58 | STEP 0 STARTED - Environment Validation
2026-06-08 12:25:58 | STEP 0 COMPLETED - Environment Validation
2026-06-08 12:25:58 | STEP 1 STARTED - Monitoring Engine
2026-06-08 12:25:58 | MONITORING WORKFLOW STARTED
2026-06-08 12:25:58 | MONITORING WORKFLOW COMPLETED
2026-06-08 12:25:58 | STEP 1 COMPLETED - Monitoring Engine
2026-06-08 12:25:58 | STEP 2 STARTED - Collect Monitoring Results
2026-06-08 12:25:58 | STEP 2 COMPLETED - Collect Monitoring Results
2026-06-08 12:25:58 | STEP 3 STARTED - AI Analysis
2026-06-08 12:26:03 | STEP 3 COMPLETED - AI Analysis
2026-06-08 12:26:03 | STEP 4 STARTED - Report Generation
2026-06-08 12:26:03 | STEP 4 COMPLETED - Report Generation
2026-06-08 12:26:03 | REPORT FILE CREATED: reports/incident_report_20260608_122603.txt
2026-06-08 12:26:03 | STEP 5 STARTED - Notifications
2026-06-08 12:26:03 | NOTIFICATION WORKFLOW STARTED
2026-06-08 12:26:03 | NOTIFICATION WORKFLOW COMPLETED
2026-06-08 12:26:03 | STEP 5 COMPLETED - Notifications
2026-06-08 12:26:03 | STEP 6 STARTED - Save Report
2026-06-08 12:26:03 | STEP 6 COMPLETED - Save Report
2026-06-08 12:26:03 | WORKFLOW COMPLETED
2026-06-08 12:26:03 | SCHEDULED WORKFLOW EXECUTION COMPLETED
2026-06-08 12:29:30 | APPROVAL REQUEST 20260605130432 UPDATED TO REJECTED
2026-06-08 12:31:03 | SCHEDULED WORKFLOW EXECUTION STARTED
2026-06-08 12:31:03 | WORKFLOW STARTED
2026-06-08 12:31:03 | STEP 0 STARTED - Environment Validation
2026-06-08 12:31:03 | STEP 0 COMPLETED - Environment Validation
2026-06-08 12:31:03 | STEP 1 STARTED - Monitoring Engine
2026-06-08 12:31:03 | MONITORING WORKFLOW STARTED
2026-06-08 12:31:03 | MONITORING WORKFLOW COMPLETED
2026-06-08 12:31:03 | STEP 1 COMPLETED - Monitoring Engine
2026-06-08 12:31:03 | STEP 2 STARTED - Collect Monitoring Results
2026-06-08 12:31:03 | STEP 2 COMPLETED - Collect Monitoring Results
2026-06-08 12:31:03 | STEP 3 STARTED - AI Analysis
2026-06-08 12:31:07 | STEP 3 COMPLETED - AI Analysis
2026-06-08 12:31:07 | STEP 4 STARTED - Report Generation
2026-06-08 12:31:07 | STEP 4 COMPLETED - Report Generation
2026-06-08 12:31:07 | REPORT FILE CREATED: reports/incident_report_20260608_123107.txt
2026-06-08 12:31:07 | STEP 5 STARTED - Notifications
2026-06-08 12:31:07 | NOTIFICATION WORKFLOW STARTED
2026-06-08 12:31:07 | NOTIFICATION WORKFLOW COMPLETED
2026-06-08 12:31:07 | STEP 5 COMPLETED - Notifications
2026-06-08 12:31:07 | STEP 6 STARTED - Save Report
2026-06-08 12:31:07 | STEP 6 COMPLETED - Save Report
2026-06-08 12:31:07 | WORKFLOW COMPLETED
2026-06-08 12:31:07 | SCHEDULED WORKFLOW EXECUTION COMPLETED
2026-06-08 12:36:07 | SCHEDULED WORKFLOW EXECUTION STARTED
2026-06-08 12:36:07 | WORKFLOW STARTED
2026-06-08 12:36:07 | STEP 0 STARTED - Environment Validation
2026-06-08 12:36:07 | STEP 0 COMPLETED - Environment Validation
2026-06-08 12:36:07 | STEP 1 STARTED - Monitoring Engine
2026-06-08 12:36:07 | MONITORING WORKFLOW STARTED
2026-06-08 12:36:07 | MONITORING WORKFLOW COMPLETED
2026-06-08 12:36:07 | STEP 1 COMPLETED - Monitoring Engine
2026-06-08 12:36:07 | STEP 2 STARTED - Collect Monitoring Results
2026-06-08 12:36:07 | STEP 2 COMPLETED - Collect Monitoring Results
2026-06-08 12:36:07 | STEP 3 STARTED - AI Analysis
2026-06-08 12:36:12 | STEP 3 COMPLETED - AI Analysis
2026-06-08 12:36:12 | STEP 4 STARTED - Report Generation
2026-06-08 12:36:12 | STEP 4 COMPLETED - Report Generation
2026-06-08 12:36:12 | REPORT FILE CREATED: reports/incident_report_20260608_123612.txt
2026-06-08 12:36:12 | STEP 5 STARTED - Notifications
2026-06-08 12:36:12 | NOTIFICATION WORKFLOW STARTED
2026-06-08 12:36:12 | NOTIFICATION WORKFLOW COMPLETED
2026-06-08 12:36:12 | STEP 5 COMPLETED - Notifications
2026-06-08 12:36:12 | STEP 6 STARTED - Save Report
2026-06-08 12:36:12 | STEP 6 COMPLETED - Save Report
2026-06-08 12:36:12 | WORKFLOW COMPLETED
2026-06-08 12:36:12 | SCHEDULED WORKFLOW EXECUTION COMPLETED
2026-06-08 12:41:12 | SCHEDULED WORKFLOW EXECUTION STARTED
2026-06-08 12:41:12 | WORKFLOW STARTED
2026-06-08 12:41:12 | STEP 0 STARTED - Environment Validation
2026-06-08 12:41:12 | STEP 0 COMPLETED - Environment Validation
2026-06-08 12:41:12 | STEP 1 STARTED - Monitoring Engine
2026-06-08 12:41:12 | MONITORING WORKFLOW STARTED
2026-06-08 12:41:12 | MONITORING WORKFLOW COMPLETED
2026-06-08 12:41:12 | STEP 1 COMPLETED - Monitoring Engine
2026-06-08 12:41:12 | STEP 2 STARTED - Collect Monitoring Results
2026-06-08 12:41:12 | STEP 2 COMPLETED - Collect Monitoring Results
2026-06-08 12:41:12 | STEP 3 STARTED - AI Analysis
2026-06-08 12:41:15 | STEP 3 COMPLETED - AI Analysis
2026-06-08 12:41:15 | STEP 4 STARTED - Report Generation
2026-06-08 12:41:15 | STEP 4 COMPLETED - Report Generation
2026-06-08 12:41:15 | REPORT FILE CREATED: reports/incident_report_20260608_124115.txt
2026-06-08 12:41:15 | STEP 5 STARTED - Notifications
2026-06-08 12:41:15 | NOTIFICATION WORKFLOW STARTED
2026-06-08 12:41:15 | NOTIFICATION WORKFLOW COMPLETED
2026-06-08 12:41:15 | STEP 5 COMPLETED - Notifications
2026-06-08 12:41:15 | STEP 6 STARTED - Save Report
2026-06-08 12:41:15 | STEP 6 COMPLETED - Save Report
2026-06-08 12:41:15 | WORKFLOW COMPLETED
2026-06-08 12:41:15 | SCHEDULED WORKFLOW EXECUTION COMPLETED
2026-06-08 12:46:15 | SCHEDULED WORKFLOW EXECUTION STARTED
2026-06-08 12:46:15 | WORKFLOW STARTED
2026-06-08 12:46:15 | STEP 0 STARTED - Environment Validation
2026-06-08 12:46:15 | STEP 0 COMPLETED - Environment Validation
2026-06-08 12:46:15 | STEP 1 STARTED - Monitoring Engine
2026-06-08 12:46:15 | MONITORING WORKFLOW STARTED
2026-06-08 12:46:15 | MONITORING WORKFLOW COMPLETED
2026-06-08 12:46:15 | STEP 1 COMPLETED - Monitoring Engine
2026-06-08 12:46:15 | STEP 2 STARTED - Collect Monitoring Results
2026-06-08 12:46:15 | STEP 2 COMPLETED - Collect Monitoring Results
2026-06-08 12:46:15 | STEP 3 STARTED - AI Analysis
2026-06-08 12:46:18 | STEP 3 COMPLETED - AI Analysis
2026-06-08 12:46:18 | STEP 4 STARTED - Report Generation
2026-06-08 12:46:18 | STEP 4 COMPLETED - Report Generation
2026-06-08 12:46:18 | REPORT FILE CREATED: reports/incident_report_20260608_124618.txt
2026-06-08 12:46:18 | STEP 5 STARTED - Notifications
2026-06-08 12:46:19 | NOTIFICATION WORKFLOW STARTED
2026-06-08 12:46:19 | NOTIFICATION WORKFLOW COMPLETED
2026-06-08 12:46:19 | STEP 5 COMPLETED - Notifications
2026-06-08 12:46:19 | STEP 6 STARTED - Save Report
2026-06-08 12:46:19 | STEP 6 COMPLETED - Save Report
2026-06-08 12:46:19 | WORKFLOW COMPLETED
2026-06-08 12:46:19 | SCHEDULED WORKFLOW EXECUTION COMPLETED
2026-06-08 12:51:19 | SCHEDULED WORKFLOW EXECUTION STARTED
2026-06-08 12:51:19 | WORKFLOW STARTED
2026-06-08 12:51:19 | STEP 0 STARTED - Environment Validation
2026-06-08 12:51:19 | STEP 0 COMPLETED - Environment Validation
2026-06-08 12:51:19 | STEP 1 STARTED - Monitoring Engine
2026-06-08 12:51:19 | MONITORING WORKFLOW STARTED
2026-06-08 12:51:19 | MONITORING WORKFLOW COMPLETED
2026-06-08 12:51:19 | STEP 1 COMPLETED - Monitoring Engine
2026-06-08 12:51:19 | STEP 2 STARTED - Collect Monitoring Results
2026-06-08 12:51:19 | STEP 2 COMPLETED - Collect Monitoring Results
2026-06-08 12:51:19 | STEP 3 STARTED - AI Analysis
2026-06-08 12:51:22 | STEP 3 COMPLETED - AI Analysis
2026-06-08 12:51:22 | STEP 4 STARTED - Report Generation
2026-06-08 12:51:22 | STEP 4 COMPLETED - Report Generation
2026-06-08 12:51:22 | REPORT FILE CREATED: reports/incident_report_20260608_125122.txt
2026-06-08 12:51:23 | STEP 5 STARTED - Notifications
2026-06-08 12:51:23 | NOTIFICATION WORKFLOW STARTED
2026-06-08 12:51:23 | NOTIFICATION WORKFLOW COMPLETED
2026-06-08 12:51:23 | STEP 5 COMPLETED - Notifications
2026-06-08 12:51:23 | STEP 6 STARTED - Save Report
2026-06-08 12:51:23 | STEP 6 COMPLETED - Save Report
2026-06-08 12:51:23 | WORKFLOW COMPLETED
2026-06-08 12:51:23 | SCHEDULED WORKFLOW EXECUTION COMPLETED
2026-06-08 12:56:23 | SCHEDULED WORKFLOW EXECUTION STARTED
2026-06-08 12:56:23 | WORKFLOW STARTED
2026-06-08 12:56:23 | STEP 0 STARTED - Environment Validation
2026-06-08 12:56:23 | STEP 0 COMPLETED - Environment Validation
2026-06-08 12:56:23 | STEP 1 STARTED - Monitoring Engine
2026-06-08 12:56:23 | MONITORING WORKFLOW STARTED
2026-06-08 12:56:23 | MONITORING WORKFLOW COMPLETED
2026-06-08 12:56:23 | STEP 1 COMPLETED - Monitoring Engine
2026-06-08 12:56:23 | STEP 2 STARTED - Collect Monitoring Results
2026-06-08 12:56:23 | STEP 2 COMPLETED - Collect Monitoring Results
2026-06-08 12:56:23 | STEP 3 STARTED - AI Analysis
2026-06-08 12:56:27 | STEP 3 COMPLETED - AI Analysis
2026-06-08 12:56:27 | STEP 4 STARTED - Report Generation
2026-06-08 12:56:27 | STEP 4 COMPLETED - Report Generation
2026-06-08 12:56:27 | REPORT FILE CREATED: reports/incident_report_20260608_125627.txt
2026-06-08 12:56:27 | STEP 5 STARTED - Notifications
2026-06-08 12:56:27 | NOTIFICATION WORKFLOW STARTED
2026-06-08 12:56:27 | NOTIFICATION WORKFLOW COMPLETED
2026-06-08 12:56:27 | STEP 5 COMPLETED - Notifications
2026-06-08 12:56:27 | STEP 6 STARTED - Save Report
2026-06-08 12:56:27 | STEP 6 COMPLETED - Save Report
2026-06-08 12:56:27 | WORKFLOW COMPLETED
2026-06-08 12:56:27 | SCHEDULED WORKFLOW EXECUTION COMPLETED
2026-06-08 13:01:27 | SCHEDULED WORKFLOW EXECUTION STARTED
2026-06-08 13:01:27 | WORKFLOW STARTED
2026-06-08 13:01:27 | STEP 0 STARTED - Environment Validation
2026-06-08 13:01:27 | STEP 0 COMPLETED - Environment Validation
2026-06-08 13:01:27 | STEP 1 STARTED - Monitoring Engine
2026-06-08 13:01:27 | MONITORING WORKFLOW STARTED
2026-06-08 13:01:27 | MONITORING WORKFLOW COMPLETED
2026-06-08 13:01:27 | STEP 1 COMPLETED - Monitoring Engine
2026-06-08 13:01:27 | STEP 2 STARTED - Collect Monitoring Results
2026-06-08 13:01:27 | STEP 2 COMPLETED - Collect Monitoring Results
2026-06-08 13:01:27 | STEP 3 STARTED - AI Analysis
2026-06-08 13:01:33 | STEP 3 COMPLETED - AI Analysis
2026-06-08 13:01:33 | STEP 4 STARTED - Report Generation
2026-06-08 13:01:34 | STEP 4 COMPLETED - Report Generation
2026-06-08 13:01:34 | REPORT FILE CREATED: reports/incident_report_20260608_130134.txt
2026-06-08 13:01:34 | STEP 5 STARTED - Notifications
2026-06-08 13:01:34 | NOTIFICATION WORKFLOW STARTED
2026-06-08 13:01:34 | NOTIFICATION WORKFLOW COMPLETED
2026-06-08 13:01:34 | STEP 5 COMPLETED - Notifications
2026-06-08 13:01:34 | STEP 6 STARTED - Save Report
2026-06-08 13:01:34 | STEP 6 COMPLETED - Save Report
2026-06-08 13:01:34 | WORKFLOW COMPLETED
2026-06-08 13:01:34 | SCHEDULED WORKFLOW EXECUTION COMPLETED
2026-06-08 13:06:34 | SCHEDULED WORKFLOW EXECUTION STARTED
2026-06-08 13:06:34 | WORKFLOW STARTED
2026-06-08 13:06:34 | STEP 0 STARTED - Environment Validation
2026-06-08 13:06:34 | STEP 0 COMPLETED - Environment Validation
2026-06-08 13:06:34 | STEP 1 STARTED - Monitoring Engine
2026-06-08 13:06:34 | MONITORING WORKFLOW STARTED
2026-06-08 13:06:34 | MONITORING WORKFLOW COMPLETED
2026-06-08 13:06:34 | STEP 1 COMPLETED - Monitoring Engine
2026-06-08 13:06:34 | STEP 2 STARTED - Collect Monitoring Results
2026-06-08 13:06:34 | STEP 2 COMPLETED - Collect Monitoring Results
2026-06-08 13:06:34 | STEP 3 STARTED - AI Analysis
2026-06-08 13:06:38 | STEP 3 COMPLETED - AI Analysis
2026-06-08 13:06:38 | STEP 4 STARTED - Report Generation
2026-06-08 13:06:38 | STEP 4 COMPLETED - Report Generation
2026-06-08 13:06:38 | REPORT FILE CREATED: reports/incident_report_20260608_130638.txt
2026-06-08 13:06:38 | STEP 5 STARTED - Notifications
2026-06-08 13:06:38 | NOTIFICATION WORKFLOW STARTED
2026-06-08 13:06:38 | NOTIFICATION WORKFLOW COMPLETED
2026-06-08 13:06:38 | STEP 5 COMPLETED - Notifications
2026-06-08 13:06:38 | STEP 6 STARTED - Save Report
2026-06-08 13:06:38 | STEP 6 COMPLETED - Save Report
2026-06-08 13:06:38 | WORKFLOW COMPLETED
2026-06-08 13:06:38 | SCHEDULED WORKFLOW EXECUTION COMPLETED
2026-06-08 13:11:38 | SCHEDULED WORKFLOW EXECUTION STARTED
2026-06-08 13:11:38 | WORKFLOW STARTED
2026-06-08 13:11:38 | STEP 0 STARTED - Environment Validation
2026-06-08 13:11:38 | STEP 0 COMPLETED - Environment Validation
2026-06-08 13:11:38 | STEP 1 STARTED - Monitoring Engine
2026-06-08 13:11:38 | MONITORING WORKFLOW STARTED
2026-06-08 13:11:38 | MONITORING WORKFLOW COMPLETED
2026-06-08 13:11:38 | STEP 1 COMPLETED - Monitoring Engine
2026-06-08 13:11:38 | STEP 2 STARTED - Collect Monitoring Results
2026-06-08 13:11:38 | STEP 2 COMPLETED - Collect Monitoring Results
2026-06-08 13:11:38 | STEP 3 STARTED - AI Analysis
2026-06-08 13:11:43 | STEP 3 COMPLETED - AI Analysis
2026-06-08 13:11:43 | STEP 4 STARTED - Report Generation
2026-06-08 13:11:43 | STEP 4 COMPLETED - Report Generation
2026-06-08 13:11:43 | REPORT FILE CREATED: reports/incident_report_20260608_131143.txt
2026-06-08 13:11:43 | STEP 5 STARTED - Notifications
2026-06-08 13:11:43 | NOTIFICATION WORKFLOW STARTED
2026-06-08 13:11:43 | NOTIFICATION WORKFLOW COMPLETED
2026-06-08 13:11:43 | STEP 5 COMPLETED - Notifications
2026-06-08 13:11:43 | STEP 6 STARTED - Save Report
2026-06-08 13:11:43 | STEP 6 COMPLETED - Save Report
2026-06-08 13:11:43 | WORKFLOW COMPLETED
2026-06-08 13:11:43 | SCHEDULED WORKFLOW EXECUTION COMPLETED
2026-06-08 13:16:43 | SCHEDULED WORKFLOW EXECUTION STARTED
2026-06-08 13:16:43 | WORKFLOW STARTED
2026-06-08 13:16:43 | STEP 0 STARTED - Environment Validation
2026-06-08 13:16:43 | STEP 0 COMPLETED - Environment Validation
2026-06-08 13:16:43 | STEP 1 STARTED - Monitoring Engine
2026-06-08 13:16:43 | MONITORING WORKFLOW STARTED
2026-06-08 13:16:43 | MONITORING WORKFLOW COMPLETED
2026-06-08 13:16:43 | STEP 1 COMPLETED - Monitoring Engine
2026-06-08 13:16:43 | STEP 2 STARTED - Collect Monitoring Results
2026-06-08 13:16:43 | STEP 2 COMPLETED - Collect Monitoring Results
2026-06-08 13:16:43 | STEP 3 STARTED - AI Analysis
2026-06-08 13:16:49 | STEP 3 COMPLETED - AI Analysis
2026-06-08 13:16:49 | STEP 4 STARTED - Report Generation
2026-06-08 13:16:49 | STEP 4 COMPLETED - Report Generation
2026-06-08 13:16:49 | REPORT FILE CREATED: reports/incident_report_20260608_131649.txt
2026-06-08 13:16:49 | STEP 5 STARTED - Notifications
2026-06-08 13:16:49 | NOTIFICATION WORKFLOW STARTED
2026-06-08 13:16:49 | NOTIFICATION WORKFLOW COMPLETED
2026-06-08 13:16:49 | STEP 5 COMPLETED - Notifications
2026-06-08 13:16:49 | STEP 6 STARTED - Save Report
2026-06-08 13:16:49 | STEP 6 COMPLETED - Save Report
2026-06-08 13:16:49 | WORKFLOW COMPLETED
2026-06-08 13:16:49 | SCHEDULED WORKFLOW EXECUTION COMPLETED
2026-06-08 13:21:49 | SCHEDULED WORKFLOW EXECUTION STARTED
2026-06-08 13:21:49 | WORKFLOW STARTED
2026-06-08 13:21:49 | STEP 0 STARTED - Environment Validation
2026-06-08 13:21:49 | STEP 0 COMPLETED - Environment Validation
2026-06-08 13:21:49 | STEP 1 STARTED - Monitoring Engine
2026-06-08 13:21:49 | MONITORING WORKFLOW STARTED
2026-06-08 13:21:49 | MONITORING WORKFLOW COMPLETED
2026-06-08 13:21:49 | STEP 1 COMPLETED - Monitoring Engine
2026-06-08 13:21:49 | STEP 2 STARTED - Collect Monitoring Results
2026-06-08 13:21:49 | STEP 2 COMPLETED - Collect Monitoring Results
2026-06-08 13:21:49 | STEP 3 STARTED - AI Analysis
2026-06-08 13:21:54 | STEP 3 COMPLETED - AI Analysis
2026-06-08 13:21:54 | STEP 4 STARTED - Report Generation
2026-06-08 13:21:54 | STEP 4 COMPLETED - Report Generation
2026-06-08 13:21:54 | REPORT FILE CREATED: reports/incident_report_20260608_132154.txt
2026-06-08 13:21:54 | STEP 5 STARTED - Notifications
2026-06-08 13:21:54 | NOTIFICATION WORKFLOW STARTED
2026-06-08 13:21:54 | NOTIFICATION WORKFLOW COMPLETED
2026-06-08 13:21:54 | STEP 5 COMPLETED - Notifications
2026-06-08 13:21:54 | STEP 6 STARTED - Save Report
2026-06-08 13:21:54 | STEP 6 COMPLETED - Save Report
2026-06-08 13:21:54 | WORKFLOW COMPLETED
2026-06-08 13:21:54 | SCHEDULED WORKFLOW EXECUTION COMPLETED
2026-06-08 13:26:54 | SCHEDULED WORKFLOW EXECUTION STARTED
2026-06-08 13:26:54 | WORKFLOW STARTED
2026-06-08 13:26:54 | STEP 0 STARTED - Environment Validation
2026-06-08 13:26:54 | STEP 0 COMPLETED - Environment Validation
2026-06-08 13:26:54 | STEP 1 STARTED - Monitoring Engine
2026-06-08 13:26:54 | MONITORING WORKFLOW STARTED
2026-06-08 13:26:54 | MONITORING WORKFLOW COMPLETED
2026-06-08 13:26:54 | STEP 1 COMPLETED - Monitoring Engine
2026-06-08 13:26:54 | STEP 2 STARTED - Collect Monitoring Results
2026-06-08 13:26:54 | STEP 2 COMPLETED - Collect Monitoring Results
2026-06-08 13:26:54 | STEP 3 STARTED - AI Analysis
2026-06-08 13:26:57 | STEP 3 COMPLETED - AI Analysis
2026-06-08 13:26:57 | STEP 4 STARTED - Report Generation
2026-06-08 13:26:57 | STEP 4 COMPLETED - Report Generation
2026-06-08 13:26:57 | REPORT FILE CREATED: reports/incident_report_20260608_132657.txt
2026-06-08 13:26:57 | STEP 5 STARTED - Notifications
2026-06-08 13:26:57 | NOTIFICATION WORKFLOW STARTED
2026-06-08 13:26:57 | NOTIFICATION WORKFLOW COMPLETED
2026-06-08 13:26:57 | STEP 5 COMPLETED - Notifications
2026-06-08 13:26:57 | STEP 6 STARTED - Save Report
2026-06-08 13:26:57 | STEP 6 COMPLETED - Save Report
2026-06-08 13:26:57 | WORKFLOW COMPLETED
2026-06-08 13:26:57 | SCHEDULED WORKFLOW EXECUTION COMPLETED
2026-06-08 13:31:57 | SCHEDULED WORKFLOW EXECUTION STARTED
2026-06-08 13:31:57 | WORKFLOW STARTED
2026-06-08 13:31:57 | STEP 0 STARTED - Environment Validation
2026-06-08 13:31:57 | STEP 0 COMPLETED - Environment Validation
2026-06-08 13:31:57 | STEP 1 STARTED - Monitoring Engine
2026-06-08 13:31:57 | MONITORING WORKFLOW STARTED
2026-06-08 13:31:57 | MONITORING WORKFLOW COMPLETED
2026-06-08 13:31:57 | STEP 1 COMPLETED - Monitoring Engine
2026-06-08 13:31:57 | STEP 2 STARTED - Collect Monitoring Results
2026-06-08 13:31:57 | STEP 2 COMPLETED - Collect Monitoring Results
2026-06-08 13:31:57 | STEP 3 STARTED - AI Analysis
2026-06-08 13:32:05 | STEP 3 COMPLETED - AI Analysis
2026-06-08 13:32:05 | STEP 4 STARTED - Report Generation
2026-06-08 13:32:05 | STEP 4 COMPLETED - Report Generation
2026-06-08 13:32:05 | REPORT FILE CREATED: reports/incident_report_20260608_133205.txt
2026-06-08 13:32:05 | STEP 5 STARTED - Notifications
2026-06-08 13:32:05 | NOTIFICATION WORKFLOW STARTED
2026-06-08 13:32:05 | NOTIFICATION WORKFLOW COMPLETED
2026-06-08 13:32:05 | STEP 5 COMPLETED - Notifications
2026-06-08 13:32:05 | STEP 6 STARTED - Save Report
2026-06-08 13:32:05 | STEP 6 COMPLETED - Save Report
2026-06-08 13:32:05 | WORKFLOW COMPLETED
2026-06-08 13:32:05 | SCHEDULED WORKFLOW EXECUTION COMPLETED
2026-06-08 13:37:05 | SCHEDULED WORKFLOW EXECUTION STARTED
2026-06-08 13:37:05 | WORKFLOW STARTED
2026-06-08 13:37:05 | STEP 0 STARTED - Environment Validation
2026-06-08 13:37:05 | STEP 0 COMPLETED - Environment Validation
2026-06-08 13:37:05 | STEP 1 STARTED - Monitoring Engine
2026-06-08 13:37:05 | MONITORING WORKFLOW STARTED
2026-06-08 13:37:05 | MONITORING WORKFLOW COMPLETED
2026-06-08 13:37:05 | STEP 1 COMPLETED - Monitoring Engine
2026-06-08 13:37:05 | STEP 2 STARTED - Collect Monitoring Results
2026-06-08 13:37:05 | STEP 2 COMPLETED - Collect Monitoring Results
2026-06-08 13:37:05 | STEP 3 STARTED - AI Analysis
2026-06-08 13:37:10 | STEP 3 COMPLETED - AI Analysis
2026-06-08 13:37:10 | STEP 4 STARTED - Report Generation
2026-06-08 13:37:10 | STEP 4 COMPLETED - Report Generation
2026-06-08 13:37:10 | REPORT FILE CREATED: reports/incident_report_20260608_133710.txt
2026-06-08 13:37:10 | STEP 5 STARTED - Notifications
2026-06-08 13:37:10 | NOTIFICATION WORKFLOW STARTED
2026-06-08 13:37:10 | NOTIFICATION WORKFLOW COMPLETED
2026-06-08 13:37:10 | STEP 5 COMPLETED - Notifications
2026-06-08 13:37:10 | STEP 6 STARTED - Save Report
2026-06-08 13:37:10 | STEP 6 COMPLETED - Save Report
2026-06-08 13:37:10 | WORKFLOW COMPLETED
2026-06-08 13:37:10 | SCHEDULED WORKFLOW EXECUTION COMPLETED
2026-06-08 13:42:10 | SCHEDULED WORKFLOW EXECUTION STARTED
2026-06-08 13:42:10 | WORKFLOW STARTED
2026-06-08 13:42:10 | STEP 0 STARTED - Environment Validation
2026-06-08 13:42:10 | STEP 0 COMPLETED - Environment Validation
2026-06-08 13:42:10 | STEP 1 STARTED - Monitoring Engine
2026-06-08 13:42:10 | MONITORING WORKFLOW STARTED
2026-06-08 13:42:11 | MONITORING WORKFLOW COMPLETED
2026-06-08 13:42:11 | STEP 1 COMPLETED - Monitoring Engine
2026-06-08 13:42:11 | STEP 2 STARTED - Collect Monitoring Results
2026-06-08 13:42:11 | STEP 2 COMPLETED - Collect Monitoring Results
2026-06-08 13:42:11 | STEP 3 STARTED - AI Analysis
2026-06-08 13:42:16 | STEP 3 COMPLETED - AI Analysis
2026-06-08 13:42:16 | STEP 4 STARTED - Report Generation
2026-06-08 13:42:16 | STEP 4 COMPLETED - Report Generation
2026-06-08 13:42:16 | REPORT FILE CREATED: reports/incident_report_20260608_134216.txt
2026-06-08 13:42:16 | STEP 5 STARTED - Notifications
2026-06-08 13:42:16 | NOTIFICATION WORKFLOW STARTED
2026-06-08 13:42:16 | NOTIFICATION WORKFLOW COMPLETED
2026-06-08 13:42:16 | STEP 5 COMPLETED - Notifications
2026-06-08 13:42:16 | STEP 6 STARTED - Save Report
2026-06-08 13:42:16 | STEP 6 COMPLETED - Save Report
2026-06-08 13:42:16 | WORKFLOW COMPLETED
2026-06-08 13:42:16 | SCHEDULED WORKFLOW EXECUTION COMPLETED
2026-06-08 13:47:16 | SCHEDULED WORKFLOW EXECUTION STARTED
2026-06-08 13:47:16 | WORKFLOW STARTED
2026-06-08 13:47:16 | STEP 0 STARTED - Environment Validation
2026-06-08 13:47:16 | STEP 0 COMPLETED - Environment Validation
2026-06-08 13:47:16 | STEP 1 STARTED - Monitoring Engine
2026-06-08 13:47:16 | MONITORING WORKFLOW STARTED
2026-06-08 13:47:16 | MONITORING WORKFLOW COMPLETED
2026-06-08 13:47:16 | STEP 1 COMPLETED - Monitoring Engine
2026-06-08 13:47:16 | STEP 2 STARTED - Collect Monitoring Results
2026-06-08 13:47:16 | STEP 2 COMPLETED - Collect Monitoring Results
2026-06-08 13:47:16 | STEP 3 STARTED - AI Analysis
2026-06-08 13:47:21 | STEP 3 COMPLETED - AI Analysis
2026-06-08 13:47:21 | STEP 4 STARTED - Report Generation
2026-06-08 13:47:21 | STEP 4 COMPLETED - Report Generation
2026-06-08 13:47:21 | REPORT FILE CREATED: reports/incident_report_20260608_134721.txt
2026-06-08 13:47:21 | STEP 5 STARTED - Notifications
2026-06-08 13:47:21 | NOTIFICATION WORKFLOW STARTED
2026-06-08 13:47:21 | NOTIFICATION WORKFLOW COMPLETED
2026-06-08 13:47:21 | STEP 5 COMPLETED - Notifications
2026-06-08 13:47:21 | STEP 6 STARTED - Save Report
2026-06-08 13:47:21 | STEP 6 COMPLETED - Save Report
2026-06-08 13:47:21 | WORKFLOW COMPLETED
2026-06-08 13:47:21 | SCHEDULED WORKFLOW EXECUTION COMPLETED
2026-06-08 13:52:21 | SCHEDULED WORKFLOW EXECUTION STARTED
2026-06-08 13:52:21 | WORKFLOW STARTED
2026-06-08 13:52:21 | STEP 0 STARTED - Environment Validation
2026-06-08 13:52:21 | STEP 0 COMPLETED - Environment Validation
2026-06-08 13:52:21 | STEP 1 STARTED - Monitoring Engine
2026-06-08 13:52:21 | MONITORING WORKFLOW STARTED
2026-06-08 13:52:21 | MONITORING WORKFLOW COMPLETED
2026-06-08 13:52:21 | STEP 1 COMPLETED - Monitoring Engine
2026-06-08 13:52:21 | STEP 2 STARTED - Collect Monitoring Results
2026-06-08 13:52:21 | STEP 2 COMPLETED - Collect Monitoring Results
2026-06-08 13:52:21 | STEP 3 STARTED - AI Analysis
2026-06-08 13:52:27 | STEP 3 COMPLETED - AI Analysis
2026-06-08 13:52:27 | STEP 4 STARTED - Report Generation
2026-06-08 13:52:27 | STEP 4 COMPLETED - Report Generation
2026-06-08 13:52:27 | REPORT FILE CREATED: reports/incident_report_20260608_135227.txt
2026-06-08 13:52:27 | STEP 5 STARTED - Notifications
2026-06-08 13:52:27 | NOTIFICATION WORKFLOW STARTED
2026-06-08 13:52:27 | NOTIFICATION WORKFLOW COMPLETED
2026-06-08 13:52:27 | STEP 5 COMPLETED - Notifications
2026-06-08 13:52:27 | STEP 6 STARTED - Save Report
2026-06-08 13:52:27 | STEP 6 COMPLETED - Save Report
2026-06-08 13:52:27 | WORKFLOW COMPLETED
2026-06-08 13:52:27 | SCHEDULED WORKFLOW EXECUTION COMPLETED
2026-06-08 13:57:27 | SCHEDULED WORKFLOW EXECUTION STARTED
2026-06-08 13:57:27 | WORKFLOW STARTED
2026-06-08 13:57:27 | STEP 0 STARTED - Environment Validation
2026-06-08 13:57:27 | STEP 0 COMPLETED - Environment Validation
2026-06-08 13:57:27 | STEP 1 STARTED - Monitoring Engine
2026-06-08 13:57:27 | MONITORING WORKFLOW STARTED
2026-06-08 13:57:27 | MONITORING WORKFLOW COMPLETED
2026-06-08 13:57:27 | STEP 1 COMPLETED - Monitoring Engine
2026-06-08 13:57:27 | STEP 2 STARTED - Collect Monitoring Results
2026-06-08 13:57:27 | STEP 2 COMPLETED - Collect Monitoring Results
2026-06-08 13:57:27 | STEP 3 STARTED - AI Analysis
2026-06-08 13:57:33 | STEP 3 COMPLETED - AI Analysis
2026-06-08 13:57:33 | STEP 4 STARTED - Report Generation
2026-06-08 13:57:33 | STEP 4 COMPLETED - Report Generation
2026-06-08 13:57:33 | REPORT FILE CREATED: reports/incident_report_20260608_135733.txt
2026-06-08 13:57:33 | STEP 5 STARTED - Notifications
2026-06-08 13:57:33 | NOTIFICATION WORKFLOW STARTED
2026-06-08 13:57:33 | NOTIFICATION WORKFLOW COMPLETED
2026-06-08 13:57:33 | STEP 5 COMPLETED - Notifications
2026-06-08 13:57:33 | STEP 6 STARTED - Save Report
2026-06-08 13:57:33 | STEP 6 COMPLETED - Save Report
2026-06-08 13:57:33 | WORKFLOW COMPLETED
2026-06-08 13:57:33 | SCHEDULED WORKFLOW EXECUTION COMPLETED
2026-06-08 14:02:33 | SCHEDULED WORKFLOW EXECUTION STARTED
2026-06-08 14:02:33 | WORKFLOW STARTED
2026-06-08 14:02:33 | STEP 0 STARTED - Environment Validation
2026-06-08 14:02:33 | STEP 0 COMPLETED - Environment Validation
2026-06-08 14:02:33 | STEP 1 STARTED - Monitoring Engine
2026-06-08 14:02:33 | MONITORING WORKFLOW STARTED
2026-06-08 14:02:33 | MONITORING WORKFLOW COMPLETED
2026-06-08 14:02:33 | STEP 1 COMPLETED - Monitoring Engine
2026-06-08 14:02:33 | STEP 2 STARTED - Collect Monitoring Results
2026-06-08 14:02:33 | STEP 2 COMPLETED - Collect Monitoring Results
2026-06-08 14:02:33 | STEP 3 STARTED - AI Analysis
2026-06-08 14:02:36 | STEP 3 COMPLETED - AI Analysis
2026-06-08 14:02:36 | STEP 4 STARTED - Report Generation
2026-06-08 14:02:36 | STEP 4 COMPLETED - Report Generation
2026-06-08 14:02:36 | REPORT FILE CREATED: reports/incident_report_20260608_140236.txt
2026-06-08 14:02:36 | STEP 5 STARTED - Notifications
2026-06-08 14:02:36 | NOTIFICATION WORKFLOW STARTED
2026-06-08 14:02:36 | NOTIFICATION WORKFLOW COMPLETED
2026-06-08 14:02:36 | STEP 5 COMPLETED - Notifications
2026-06-08 14:02:36 | STEP 6 STARTED - Save Report
2026-06-08 14:02:36 | STEP 6 COMPLETED - Save Report
2026-06-08 14:02:36 | WORKFLOW COMPLETED
2026-06-08 14:02:36 | SCHEDULED WORKFLOW EXECUTION COMPLETED
2026-06-08 14:07:36 | SCHEDULED WORKFLOW EXECUTION STARTED
2026-06-08 14:07:36 | WORKFLOW STARTED
2026-06-08 14:07:36 | STEP 0 STARTED - Environment Validation
2026-06-08 14:07:36 | STEP 0 COMPLETED - Environment Validation
2026-06-08 14:07:36 | STEP 1 STARTED - Monitoring Engine
2026-06-08 14:07:36 | MONITORING WORKFLOW STARTED
2026-06-08 14:07:36 | MONITORING WORKFLOW COMPLETED
2026-06-08 14:07:36 | STEP 1 COMPLETED - Monitoring Engine
2026-06-08 14:07:36 | STEP 2 STARTED - Collect Monitoring Results
2026-06-08 14:07:36 | STEP 2 COMPLETED - Collect Monitoring Results
2026-06-08 14:07:36 | STEP 3 STARTED - AI Analysis
2026-06-08 14:07:41 | STEP 3 COMPLETED - AI Analysis
2026-06-08 14:07:41 | STEP 4 STARTED - Report Generation
2026-06-08 14:07:41 | STEP 4 COMPLETED - Report Generation
2026-06-08 14:07:41 | REPORT FILE CREATED: reports/incident_report_20260608_140741.txt
2026-06-08 14:07:41 | STEP 5 STARTED - Notifications
2026-06-08 14:07:41 | NOTIFICATION WORKFLOW STARTED
2026-06-08 14:07:41 | NOTIFICATION WORKFLOW COMPLETED
2026-06-08 14:07:41 | STEP 5 COMPLETED - Notifications
2026-06-08 14:07:41 | STEP 6 STARTED - Save Report
2026-06-08 14:07:41 | STEP 6 COMPLETED - Save Report
2026-06-08 14:07:41 | WORKFLOW COMPLETED
2026-06-08 14:07:41 | SCHEDULED WORKFLOW EXECUTION COMPLETED
2026-06-08 14:12:32 | APPROVAL REQUEST 20260605130432 UPDATED TO APPROVED
2026-06-08 14:12:34 | APPROVAL REQUEST 20260605130432 UPDATED TO APPROVED
2026-06-08 14:12:41 | SCHEDULED WORKFLOW EXECUTION STARTED
2026-06-08 14:12:41 | WORKFLOW STARTED
2026-06-08 14:12:41 | STEP 0 STARTED - Environment Validation
2026-06-08 14:12:41 | STEP 0 COMPLETED - Environment Validation
2026-06-08 14:12:41 | STEP 1 STARTED - Monitoring Engine
2026-06-08 14:12:41 | MONITORING WORKFLOW STARTED
2026-06-08 14:12:41 | MONITORING WORKFLOW COMPLETED
2026-06-08 14:12:41 | STEP 1 COMPLETED - Monitoring Engine
2026-06-08 14:12:41 | STEP 2 STARTED - Collect Monitoring Results
2026-06-08 14:12:41 | STEP 2 COMPLETED - Collect Monitoring Results
2026-06-08 14:12:41 | STEP 3 STARTED - AI Analysis
2026-06-08 14:12:46 | STEP 3 COMPLETED - AI Analysis
2026-06-08 14:12:46 | STEP 4 STARTED - Report Generation
2026-06-08 14:12:46 | STEP 4 COMPLETED - Report Generation
2026-06-08 14:12:46 | REPORT FILE CREATED: reports/incident_report_20260608_141246.txt
2026-06-08 14:12:46 | STEP 5 STARTED - Notifications
2026-06-08 14:12:46 | NOTIFICATION WORKFLOW STARTED
2026-06-08 14:12:46 | NOTIFICATION WORKFLOW COMPLETED
2026-06-08 14:12:46 | STEP 5 COMPLETED - Notifications
2026-06-08 14:12:46 | STEP 6 STARTED - Save Report
2026-06-08 14:12:46 | STEP 6 COMPLETED - Save Report
2026-06-08 14:12:46 | WORKFLOW COMPLETED
2026-06-08 14:12:46 | SCHEDULED WORKFLOW EXECUTION COMPLETED
2026-06-08 14:17:46 | SCHEDULED WORKFLOW EXECUTION STARTED
2026-06-08 14:17:46 | WORKFLOW STARTED
2026-06-08 14:17:46 | STEP 0 STARTED - Environment Validation
2026-06-08 14:17:46 | STEP 0 COMPLETED - Environment Validation
2026-06-08 14:17:46 | STEP 1 STARTED - Monitoring Engine
2026-06-08 14:17:46 | MONITORING WORKFLOW STARTED
2026-06-08 14:17:46 | MONITORING WORKFLOW COMPLETED
2026-06-08 14:17:46 | STEP 1 COMPLETED - Monitoring Engine
2026-06-08 14:17:46 | STEP 2 STARTED - Collect Monitoring Results
2026-06-08 14:17:46 | STEP 2 COMPLETED - Collect Monitoring Results
2026-06-08 14:17:46 | STEP 3 STARTED - AI Analysis
2026-06-08 14:17:49 | STEP 3 COMPLETED - AI Analysis
2026-06-08 14:17:49 | STEP 4 STARTED - Report Generation
2026-06-08 14:17:49 | STEP 4 COMPLETED - Report Generation
2026-06-08 14:17:49 | REPORT FILE CREATED: reports/incident_report_20260608_141749.txt
2026-06-08 14:17:49 | STEP 5 STARTED - Notifications
2026-06-08 14:17:49 | NOTIFICATION WORKFLOW STARTED
2026-06-08 14:17:49 | NOTIFICATION WORKFLOW COMPLETED
2026-06-08 14:17:49 | STEP 5 COMPLETED - Notifications
2026-06-08 14:17:49 | STEP 6 STARTED - Save Report
2026-06-08 14:17:49 | STEP 6 COMPLETED - Save Report
2026-06-08 14:17:49 | WORKFLOW COMPLETED
2026-06-08 14:17:49 | SCHEDULED WORKFLOW EXECUTION COMPLETED
2026-06-08 14:22:49 | SCHEDULED WORKFLOW EXECUTION STARTED
2026-06-08 14:22:49 | WORKFLOW STARTED
2026-06-08 14:22:49 | STEP 0 STARTED - Environment Validation
2026-06-08 14:22:49 | STEP 0 COMPLETED - Environment Validation
2026-06-08 14:22:49 | STEP 1 STARTED - Monitoring Engine
2026-06-08 14:22:49 | MONITORING WORKFLOW STARTED
2026-06-08 14:22:49 | MONITORING WORKFLOW COMPLETED
2026-06-08 14:22:49 | STEP 1 COMPLETED - Monitoring Engine
2026-06-08 14:22:49 | STEP 2 STARTED - Collect Monitoring Results
2026-06-08 14:22:49 | STEP 2 COMPLETED - Collect Monitoring Results
2026-06-08 14:22:49 | STEP 3 STARTED - AI Analysis
2026-06-08 14:22:53 | STEP 3 COMPLETED - AI Analysis
2026-06-08 14:22:53 | STEP 4 STARTED - Report Generation
2026-06-08 14:22:53 | STEP 4 COMPLETED - Report Generation
2026-06-08 14:22:53 | REPORT FILE CREATED: reports/incident_report_20260608_142253.txt
2026-06-08 14:22:53 | STEP 5 STARTED - Notifications
2026-06-08 14:22:53 | NOTIFICATION WORKFLOW STARTED
2026-06-08 14:22:53 | NOTIFICATION WORKFLOW COMPLETED
2026-06-08 14:22:53 | STEP 5 COMPLETED - Notifications
2026-06-08 14:22:53 | STEP 6 STARTED - Save Report
2026-06-08 14:22:53 | STEP 6 COMPLETED - Save Report
2026-06-08 14:22:53 | WORKFLOW COMPLETED
2026-06-08 14:22:53 | SCHEDULED WORKFLOW EXECUTION COMPLETED
2026-06-08 14:27:53 | SCHEDULED WORKFLOW EXECUTION STARTED
2026-06-08 14:27:53 | WORKFLOW STARTED
2026-06-08 14:27:53 | STEP 0 STARTED - Environment Validation
2026-06-08 14:27:53 | STEP 0 COMPLETED - Environment Validation
2026-06-08 14:27:53 | STEP 1 STARTED - Monitoring Engine
2026-06-08 14:27:53 | MONITORING WORKFLOW STARTED
2026-06-08 14:27:53 | MONITORING WORKFLOW COMPLETED
2026-06-08 14:27:53 | STEP 1 COMPLETED - Monitoring Engine
2026-06-08 14:27:53 | STEP 2 STARTED - Collect Monitoring Results
2026-06-08 14:27:53 | STEP 2 COMPLETED - Collect Monitoring Results
2026-06-08 14:27:53 | STEP 3 STARTED - AI Analysis
2026-06-08 14:27:58 | STEP 3 COMPLETED - AI Analysis
2026-06-08 14:27:58 | STEP 4 STARTED - Report Generation
2026-06-08 14:27:58 | STEP 4 COMPLETED - Report Generation
2026-06-08 14:27:58 | REPORT FILE CREATED: reports/incident_report_20260608_142758.txt
2026-06-08 14:27:58 | STEP 5 STARTED - Notifications
2026-06-08 14:27:58 | NOTIFICATION WORKFLOW STARTED
2026-06-08 14:27:58 | NOTIFICATION WORKFLOW COMPLETED
2026-06-08 14:27:58 | STEP 5 COMPLETED - Notifications
2026-06-08 14:27:58 | STEP 6 STARTED - Save Report
2026-06-08 14:27:58 | STEP 6 COMPLETED - Save Report
2026-06-08 14:27:58 | WORKFLOW COMPLETED
2026-06-08 14:27:58 | SCHEDULED WORKFLOW EXECUTION COMPLETED
2026-06-08 14:32:58 | SCHEDULED WORKFLOW EXECUTION STARTED
2026-06-08 14:32:58 | WORKFLOW STARTED
2026-06-08 14:32:58 | STEP 0 STARTED - Environment Validation
2026-06-08 14:32:58 | STEP 0 COMPLETED - Environment Validation
2026-06-08 14:32:58 | STEP 1 STARTED - Monitoring Engine
2026-06-08 14:32:58 | MONITORING WORKFLOW STARTED
2026-06-08 14:32:58 | MONITORING WORKFLOW COMPLETED
2026-06-08 14:32:58 | STEP 1 COMPLETED - Monitoring Engine
2026-06-08 14:32:58 | STEP 2 STARTED - Collect Monitoring Results
2026-06-08 14:32:58 | STEP 2 COMPLETED - Collect Monitoring Results
2026-06-08 14:32:58 | STEP 3 STARTED - AI Analysis
2026-06-08 14:33:03 | STEP 3 COMPLETED - AI Analysis
2026-06-08 14:33:03 | STEP 4 STARTED - Report Generation
2026-06-08 14:33:03 | STEP 4 COMPLETED - Report Generation
2026-06-08 14:33:03 | REPORT FILE CREATED: reports/incident_report_20260608_143303.txt
2026-06-08 14:33:03 | STEP 5 STARTED - Notifications
2026-06-08 14:33:03 | NOTIFICATION WORKFLOW STARTED
2026-06-08 14:33:03 | NOTIFICATION WORKFLOW COMPLETED
2026-06-08 14:33:03 | STEP 5 COMPLETED - Notifications
2026-06-08 14:33:03 | STEP 6 STARTED - Save Report
2026-06-08 14:33:03 | STEP 6 COMPLETED - Save Report
2026-06-08 14:33:03 | WORKFLOW COMPLETED
2026-06-08 14:33:03 | SCHEDULED WORKFLOW EXECUTION COMPLETED
2026-06-08 14:38:03 | SCHEDULED WORKFLOW EXECUTION STARTED
2026-06-08 14:38:03 | WORKFLOW STARTED
2026-06-08 14:38:03 | STEP 0 STARTED - Environment Validation
2026-06-08 14:38:03 | STEP 0 COMPLETED - Environment Validation
2026-06-08 14:38:03 | STEP 1 STARTED - Monitoring Engine
2026-06-08 14:38:03 | MONITORING WORKFLOW STARTED
2026-06-08 14:38:03 | MONITORING WORKFLOW COMPLETED
2026-06-08 14:38:03 | STEP 1 COMPLETED - Monitoring Engine
2026-06-08 14:38:03 | STEP 2 STARTED - Collect Monitoring Results
2026-06-08 14:38:03 | STEP 2 COMPLETED - Collect Monitoring Results
2026-06-08 14:38:03 | STEP 3 STARTED - AI Analysis
2026-06-08 14:38:07 | STEP 3 COMPLETED - AI Analysis
2026-06-08 14:38:07 | STEP 4 STARTED - Report Generation
2026-06-08 14:38:07 | STEP 4 COMPLETED - Report Generation
2026-06-08 14:38:07 | REPORT FILE CREATED: reports/incident_report_20260608_143807.txt
2026-06-08 14:38:07 | STEP 5 STARTED - Notifications
2026-06-08 14:38:07 | NOTIFICATION WORKFLOW STARTED
2026-06-08 14:38:07 | NOTIFICATION WORKFLOW COMPLETED
2026-06-08 14:38:07 | STEP 5 COMPLETED - Notifications
2026-06-08 14:38:07 | STEP 6 STARTED - Save Report
2026-06-08 14:38:07 | STEP 6 COMPLETED - Save Report
2026-06-08 14:38:07 | WORKFLOW COMPLETED
2026-06-08 14:38:07 | SCHEDULED WORKFLOW EXECUTION COMPLETED
2026-06-08 14:43:07 | SCHEDULED WORKFLOW EXECUTION STARTED
2026-06-08 14:43:07 | WORKFLOW STARTED
2026-06-08 14:43:07 | STEP 0 STARTED - Environment Validation
2026-06-08 14:43:07 | STEP 0 COMPLETED - Environment Validation
2026-06-08 14:43:07 | STEP 1 STARTED - Monitoring Engine
2026-06-08 14:43:07 | MONITORING WORKFLOW STARTED
2026-06-08 14:43:08 | MONITORING WORKFLOW COMPLETED
2026-06-08 14:43:08 | STEP 1 COMPLETED - Monitoring Engine
2026-06-08 14:43:08 | STEP 2 STARTED - Collect Monitoring Results
2026-06-08 14:43:08 | STEP 2 COMPLETED - Collect Monitoring Results
2026-06-08 14:43:08 | STEP 3 STARTED - AI Analysis
2026-06-08 14:43:12 | STEP 3 COMPLETED - AI Analysis
2026-06-08 14:43:12 | STEP 4 STARTED - Report Generation
2026-06-08 14:43:12 | STEP 4 COMPLETED - Report Generation
2026-06-08 14:43:12 | REPORT FILE CREATED: reports/incident_report_20260608_144312.txt
2026-06-08 14:43:12 | STEP 5 STARTED - Notifications
2026-06-08 14:43:12 | NOTIFICATION WORKFLOW STARTED
2026-06-08 14:43:12 | NOTIFICATION WORKFLOW COMPLETED
2026-06-08 14:43:12 | STEP 5 COMPLETED - Notifications
2026-06-08 14:43:12 | STEP 6 STARTED - Save Report
2026-06-08 14:43:12 | STEP 6 COMPLETED - Save Report
2026-06-08 14:43:12 | WORKFLOW COMPLETED
2026-06-08 14:43:12 | SCHEDULED WORKFLOW EXECUTION COMPLETED
2026-06-08 14:48:12 | SCHEDULED WORKFLOW EXECUTION STARTED
2026-06-08 14:48:12 | WORKFLOW STARTED
2026-06-08 14:48:12 | STEP 0 STARTED - Environment Validation
2026-06-08 14:48:12 | STEP 0 COMPLETED - Environment Validation
2026-06-08 14:48:12 | STEP 1 STARTED - Monitoring Engine
2026-06-08 14:48:12 | MONITORING WORKFLOW STARTED
2026-06-08 14:48:12 | MONITORING WORKFLOW COMPLETED
2026-06-08 14:48:12 | STEP 1 COMPLETED - Monitoring Engine
2026-06-08 14:48:12 | STEP 2 STARTED - Collect Monitoring Results
2026-06-08 14:48:12 | STEP 2 COMPLETED - Collect Monitoring Results
2026-06-08 14:48:12 | STEP 3 STARTED - AI Analysis
2026-06-08 14:48:14 | STEP 3 COMPLETED - AI Analysis
2026-06-08 14:48:14 | STEP 4 STARTED - Report Generation
2026-06-08 14:48:14 | STEP 4 COMPLETED - Report Generation
2026-06-08 14:48:14 | REPORT FILE CREATED: reports/incident_report_20260608_144814.txt
2026-06-08 14:48:14 | STEP 5 STARTED - Notifications
2026-06-08 14:48:14 | NOTIFICATION WORKFLOW STARTED
2026-06-08 14:48:14 | NOTIFICATION WORKFLOW COMPLETED
2026-06-08 14:48:14 | STEP 5 COMPLETED - Notifications
2026-06-08 14:48:14 | STEP 6 STARTED - Save Report
2026-06-08 14:48:14 | STEP 6 COMPLETED - Save Report
2026-06-08 14:48:14 | WORKFLOW COMPLETED
2026-06-08 14:48:14 | SCHEDULED WORKFLOW EXECUTION COMPLETED
2026-06-08 14:53:14 | SCHEDULED WORKFLOW EXECUTION STARTED
2026-06-08 14:53:14 | WORKFLOW STARTED
2026-06-08 14:53:14 | STEP 0 STARTED - Environment Validation
2026-06-08 14:53:14 | STEP 0 COMPLETED - Environment Validation
2026-06-08 14:53:14 | STEP 1 STARTED - Monitoring Engine
2026-06-08 14:53:14 | MONITORING WORKFLOW STARTED
2026-06-08 14:53:15 | MONITORING WORKFLOW COMPLETED
2026-06-08 14:53:15 | STEP 1 COMPLETED - Monitoring Engine
2026-06-08 14:53:15 | STEP 2 STARTED - Collect Monitoring Results
2026-06-08 14:53:15 | STEP 2 COMPLETED - Collect Monitoring Results
2026-06-08 14:53:15 | STEP 3 STARTED - AI Analysis
2026-06-08 14:53:19 | STEP 3 COMPLETED - AI Analysis
2026-06-08 14:53:19 | STEP 4 STARTED - Report Generation
2026-06-08 14:53:19 | STEP 4 COMPLETED - Report Generation
2026-06-08 14:53:19 | REPORT FILE CREATED: reports/incident_report_20260608_145319.txt
2026-06-08 14:53:19 | STEP 5 STARTED - Notifications
2026-06-08 14:53:19 | NOTIFICATION WORKFLOW STARTED
2026-06-08 14:53:19 | NOTIFICATION WORKFLOW COMPLETED
2026-06-08 14:53:19 | STEP 5 COMPLETED - Notifications
2026-06-08 14:53:19 | STEP 6 STARTED - Save Report
2026-06-08 14:53:19 | STEP 6 COMPLETED - Save Report
2026-06-08 14:53:19 | WORKFLOW COMPLETED
2026-06-08 14:53:19 | SCHEDULED WORKFLOW EXECUTION COMPLETED
2026-06-08 14:58:19 | SCHEDULED WORKFLOW EXECUTION STARTED
2026-06-08 14:58:19 | WORKFLOW STARTED
2026-06-08 14:58:19 | STEP 0 STARTED - Environment Validation
2026-06-08 14:58:19 | STEP 0 COMPLETED - Environment Validation
2026-06-08 14:58:19 | STEP 1 STARTED - Monitoring Engine
2026-06-08 14:58:19 | MONITORING WORKFLOW STARTED
2026-06-08 14:58:19 | MONITORING WORKFLOW COMPLETED
2026-06-08 14:58:19 | STEP 1 COMPLETED - Monitoring Engine
2026-06-08 14:58:19 | STEP 2 STARTED - Collect Monitoring Results
2026-06-08 14:58:19 | STEP 2 COMPLETED - Collect Monitoring Results
2026-06-08 14:58:19 | STEP 3 STARTED - AI Analysis
2026-06-08 14:58:25 | STEP 3 COMPLETED - AI Analysis
2026-06-08 14:58:25 | STEP 4 STARTED - Report Generation
2026-06-08 14:58:25 | STEP 4 COMPLETED - Report Generation
2026-06-08 14:58:25 | REPORT FILE CREATED: reports/incident_report_20260608_145825.txt
2026-06-08 14:58:25 | STEP 5 STARTED - Notifications
2026-06-08 14:58:25 | NOTIFICATION WORKFLOW STARTED
2026-06-08 14:58:25 | NOTIFICATION WORKFLOW COMPLETED
2026-06-08 14:58:25 | STEP 5 COMPLETED - Notifications
2026-06-08 14:58:25 | STEP 6 STARTED - Save Report
2026-06-08 14:58:25 | STEP 6 COMPLETED - Save Report
2026-06-08 14:58:25 | WORKFLOW COMPLETED
2026-06-08 14:58:25 | SCHEDULED WORKFLOW EXECUTION COMPLETED
2026-06-08 15:03:25 | SCHEDULED WORKFLOW EXECUTION STARTED
2026-06-08 15:03:25 | WORKFLOW STARTED
2026-06-08 15:03:25 | STEP 0 STARTED - Environment Validation
2026-06-08 15:03:25 | STEP 0 COMPLETED - Environment Validation
2026-06-08 15:03:25 | STEP 1 STARTED - Monitoring Engine
2026-06-08 15:03:25 | MONITORING WORKFLOW STARTED
2026-06-08 15:03:25 | MONITORING WORKFLOW COMPLETED
2026-06-08 15:03:25 | STEP 1 COMPLETED - Monitoring Engine
2026-06-08 15:03:25 | STEP 2 STARTED - Collect Monitoring Results
2026-06-08 15:03:25 | STEP 2 COMPLETED - Collect Monitoring Results
2026-06-08 15:03:25 | STEP 3 STARTED - AI Analysis
2026-06-08 15:03:28 | STEP 3 COMPLETED - AI Analysis
2026-06-08 15:03:28 | STEP 4 STARTED - Report Generation
2026-06-08 15:03:28 | STEP 4 COMPLETED - Report Generation
2026-06-08 15:03:28 | REPORT FILE CREATED: reports/incident_report_20260608_150328.txt
2026-06-08 15:03:28 | STEP 5 STARTED - Notifications
2026-06-08 15:03:28 | NOTIFICATION WORKFLOW STARTED
2026-06-08 15:03:28 | NOTIFICATION WORKFLOW COMPLETED
2026-06-08 15:03:28 | STEP 5 COMPLETED - Notifications
2026-06-08 15:03:28 | STEP 6 STARTED - Save Report
2026-06-08 15:03:28 | STEP 6 COMPLETED - Save Report
2026-06-08 15:03:28 | WORKFLOW COMPLETED
2026-06-08 15:03:28 | SCHEDULED WORKFLOW EXECUTION COMPLETED
2026-06-08 15:08:28 | SCHEDULED WORKFLOW EXECUTION STARTED
2026-06-08 15:08:28 | WORKFLOW STARTED
2026-06-08 15:08:28 | STEP 0 STARTED - Environment Validation
2026-06-08 15:08:28 | STEP 0 COMPLETED - Environment Validation
2026-06-08 15:08:28 | STEP 1 STARTED - Monitoring Engine
2026-06-08 15:08:28 | MONITORING WORKFLOW STARTED
2026-06-08 15:08:28 | MONITORING WORKFLOW COMPLETED
2026-06-08 15:08:28 | STEP 1 COMPLETED - Monitoring Engine
2026-06-08 15:08:28 | STEP 2 STARTED - Collect Monitoring Results
2026-06-08 15:08:28 | STEP 2 COMPLETED - Collect Monitoring Results
2026-06-08 15:08:28 | STEP 3 STARTED - AI Analysis
2026-06-08 15:08:35 | STEP 3 COMPLETED - AI Analysis
2026-06-08 15:08:35 | STEP 4 STARTED - Report Generation
2026-06-08 15:08:35 | STEP 4 COMPLETED - Report Generation
2026-06-08 15:08:35 | REPORT FILE CREATED: reports/incident_report_20260608_150835.txt
2026-06-08 15:08:35 | STEP 5 STARTED - Notifications
2026-06-08 15:08:35 | NOTIFICATION WORKFLOW STARTED
2026-06-08 15:08:35 | NOTIFICATION WORKFLOW COMPLETED
2026-06-08 15:08:35 | STEP 5 COMPLETED - Notifications
2026-06-08 15:08:35 | STEP 6 STARTED - Save Report
2026-06-08 15:08:35 | STEP 6 COMPLETED - Save Report
2026-06-08 15:08:35 | WORKFLOW COMPLETED
2026-06-08 15:08:35 | SCHEDULED WORKFLOW EXECUTION COMPLETED
2026-06-08 15:13:35 | SCHEDULED WORKFLOW EXECUTION STARTED
2026-06-08 15:13:35 | WORKFLOW STARTED
2026-06-08 15:13:35 | STEP 0 STARTED - Environment Validation
2026-06-08 15:13:35 | STEP 0 COMPLETED - Environment Validation
2026-06-08 15:13:35 | STEP 1 STARTED - Monitoring Engine
2026-06-08 15:13:35 | MONITORING WORKFLOW STARTED
2026-06-08 15:13:35 | MONITORING WORKFLOW COMPLETED
2026-06-08 15:13:35 | STEP 1 COMPLETED - Monitoring Engine
2026-06-08 15:13:35 | STEP 2 STARTED - Collect Monitoring Results
2026-06-08 15:13:35 | STEP 2 COMPLETED - Collect Monitoring Results
2026-06-08 15:13:35 | STEP 3 STARTED - AI Analysis
2026-06-08 15:13:40 | STEP 3 COMPLETED - AI Analysis
2026-06-08 15:13:40 | STEP 4 STARTED - Report Generation
2026-06-08 15:13:40 | STEP 4 COMPLETED - Report Generation
2026-06-08 15:13:40 | REPORT FILE CREATED: reports/incident_report_20260608_151340.txt
2026-06-08 15:13:40 | STEP 5 STARTED - Notifications
2026-06-08 15:13:40 | NOTIFICATION WORKFLOW STARTED
2026-06-08 15:13:40 | NOTIFICATION WORKFLOW COMPLETED
2026-06-08 15:13:40 | STEP 5 COMPLETED - Notifications
2026-06-08 15:13:40 | STEP 6 STARTED - Save Report
2026-06-08 15:13:40 | STEP 6 COMPLETED - Save Report
2026-06-08 15:13:40 | WORKFLOW COMPLETED
2026-06-08 15:13:40 | SCHEDULED WORKFLOW EXECUTION COMPLETED
2026-06-08 15:18:40 | SCHEDULED WORKFLOW EXECUTION STARTED
2026-06-08 15:18:40 | WORKFLOW STARTED
2026-06-08 15:18:40 | STEP 0 STARTED - Environment Validation
2026-06-08 15:18:40 | STEP 0 COMPLETED - Environment Validation
2026-06-08 15:18:40 | STEP 1 STARTED - Monitoring Engine
2026-06-08 15:18:40 | MONITORING WORKFLOW STARTED
2026-06-08 15:18:40 | MONITORING WORKFLOW COMPLETED
2026-06-08 15:18:40 | STEP 1 COMPLETED - Monitoring Engine
2026-06-08 15:18:40 | STEP 2 STARTED - Collect Monitoring Results
2026-06-08 15:18:40 | STEP 2 COMPLETED - Collect Monitoring Results
2026-06-08 15:18:40 | STEP 3 STARTED - AI Analysis
2026-06-08 15:18:48 | STEP 3 COMPLETED - AI Analysis
2026-06-08 15:18:48 | STEP 4 STARTED - Report Generation
2026-06-08 15:18:48 | STEP 4 COMPLETED - Report Generation
2026-06-08 15:18:48 | REPORT FILE CREATED: reports/incident_report_20260608_151848.txt
2026-06-08 15:18:48 | STEP 5 STARTED - Notifications
2026-06-08 15:18:48 | NOTIFICATION WORKFLOW STARTED
2026-06-08 15:18:48 | NOTIFICATION WORKFLOW COMPLETED
2026-06-08 15:18:48 | STEP 5 COMPLETED - Notifications
2026-06-08 15:18:48 | STEP 6 STARTED - Save Report
2026-06-08 15:18:48 | STEP 6 COMPLETED - Save Report
2026-06-08 15:18:48 | WORKFLOW COMPLETED
2026-06-08 15:18:48 | SCHEDULED WORKFLOW EXECUTION COMPLETED
2026-06-08 15:23:48 | SCHEDULED WORKFLOW EXECUTION STARTED
2026-06-08 15:23:48 | WORKFLOW STARTED
2026-06-08 15:23:48 | STEP 0 STARTED - Environment Validation
2026-06-08 15:23:48 | STEP 0 COMPLETED - Environment Validation
2026-06-08 15:23:48 | STEP 1 STARTED - Monitoring Engine
2026-06-08 15:23:48 | MONITORING WORKFLOW STARTED
2026-06-08 15:23:48 | MONITORING WORKFLOW COMPLETED
2026-06-08 15:23:48 | STEP 1 COMPLETED - Monitoring Engine
2026-06-08 15:23:48 | STEP 2 STARTED - Collect Monitoring Results
2026-06-08 15:23:48 | STEP 2 COMPLETED - Collect Monitoring Results
2026-06-08 15:23:48 | STEP 3 STARTED - AI Analysis
2026-06-08 15:23:54 | STEP 3 COMPLETED - AI Analysis
2026-06-08 15:23:54 | STEP 4 STARTED - Report Generation
2026-06-08 15:23:54 | STEP 4 COMPLETED - Report Generation
2026-06-08 15:23:54 | REPORT FILE CREATED: reports/incident_report_20260608_152354.txt
2026-06-08 15:23:54 | STEP 5 STARTED - Notifications
2026-06-08 15:23:54 | NOTIFICATION WORKFLOW STARTED
2026-06-08 15:23:54 | NOTIFICATION WORKFLOW COMPLETED
2026-06-08 15:23:54 | STEP 5 COMPLETED - Notifications
2026-06-08 15:23:54 | STEP 6 STARTED - Save Report
2026-06-08 15:23:54 | STEP 6 COMPLETED - Save Report
2026-06-08 15:23:54 | WORKFLOW COMPLETED
2026-06-08 15:23:54 | SCHEDULED WORKFLOW EXECUTION COMPLETED
2026-06-08 15:28:54 | SCHEDULED WORKFLOW EXECUTION STARTED
2026-06-08 15:28:54 | WORKFLOW STARTED
2026-06-08 15:28:54 | STEP 0 STARTED - Environment Validation
2026-06-08 15:28:54 | STEP 0 COMPLETED - Environment Validation
2026-06-08 15:28:54 | STEP 1 STARTED - Monitoring Engine
2026-06-08 15:28:54 | MONITORING WORKFLOW STARTED
2026-06-08 15:28:54 | MONITORING WORKFLOW COMPLETED
2026-06-08 15:28:54 | STEP 1 COMPLETED - Monitoring Engine
2026-06-08 15:28:54 | STEP 2 STARTED - Collect Monitoring Results
2026-06-08 15:28:54 | STEP 2 COMPLETED - Collect Monitoring Results
2026-06-08 15:28:54 | STEP 3 STARTED - AI Analysis
2026-06-08 15:28:58 | STEP 3 COMPLETED - AI Analysis
2026-06-08 15:28:58 | STEP 4 STARTED - Report Generation
2026-06-08 15:28:58 | STEP 4 COMPLETED - Report Generation
2026-06-08 15:28:58 | REPORT FILE CREATED: reports/incident_report_20260608_152858.txt
2026-06-08 15:28:58 | STEP 5 STARTED - Notifications
2026-06-08 15:28:58 | NOTIFICATION WORKFLOW STARTED
2026-06-08 15:28:58 | NOTIFICATION WORKFLOW COMPLETED
2026-06-08 15:28:58 | STEP 5 COMPLETED - Notifications
2026-06-08 15:28:58 | STEP 6 STARTED - Save Report
2026-06-08 15:28:58 | STEP 6 COMPLETED - Save Report
2026-06-08 15:28:58 | WORKFLOW COMPLETED
2026-06-08 15:28:58 | SCHEDULED WORKFLOW EXECUTION COMPLETED
2026-06-08 15:33:58 | SCHEDULED WORKFLOW EXECUTION STARTED
2026-06-08 15:33:58 | WORKFLOW STARTED
2026-06-08 15:33:58 | STEP 0 STARTED - Environment Validation
2026-06-08 15:33:58 | STEP 0 COMPLETED - Environment Validation
2026-06-08 15:33:58 | STEP 1 STARTED - Monitoring Engine
2026-06-08 15:33:58 | MONITORING WORKFLOW STARTED
2026-06-08 15:33:58 | MONITORING WORKFLOW COMPLETED
2026-06-08 15:33:58 | STEP 1 COMPLETED - Monitoring Engine
2026-06-08 15:33:58 | STEP 2 STARTED - Collect Monitoring Results
2026-06-08 15:33:58 | STEP 2 COMPLETED - Collect Monitoring Results
2026-06-08 15:33:58 | STEP 3 STARTED - AI Analysis
2026-06-08 15:34:06 | STEP 3 COMPLETED - AI Analysis
2026-06-08 15:34:06 | STEP 4 STARTED - Report Generation
2026-06-08 15:34:06 | STEP 4 COMPLETED - Report Generation
2026-06-08 15:34:06 | REPORT FILE CREATED: reports/incident_report_20260608_153406.txt
2026-06-08 15:34:06 | STEP 5 STARTED - Notifications
2026-06-08 15:34:06 | NOTIFICATION WORKFLOW STARTED
2026-06-08 15:34:06 | NOTIFICATION WORKFLOW COMPLETED
2026-06-08 15:34:06 | STEP 5 COMPLETED - Notifications
2026-06-08 15:34:06 | STEP 6 STARTED - Save Report
2026-06-08 15:34:06 | STEP 6 COMPLETED - Save Report
2026-06-08 15:34:06 | WORKFLOW COMPLETED
2026-06-08 15:34:06 | SCHEDULED WORKFLOW EXECUTION COMPLETED
2026-06-08 15:39:06 | SCHEDULED WORKFLOW EXECUTION STARTED
2026-06-08 15:39:06 | WORKFLOW STARTED
2026-06-08 15:39:06 | STEP 0 STARTED - Environment Validation
2026-06-08 15:39:06 | STEP 0 COMPLETED - Environment Validation
2026-06-08 15:39:06 | STEP 1 STARTED - Monitoring Engine
2026-06-08 15:39:06 | MONITORING WORKFLOW STARTED
2026-06-08 15:39:06 | MONITORING WORKFLOW COMPLETED
2026-06-08 15:39:06 | STEP 1 COMPLETED - Monitoring Engine
2026-06-08 15:39:06 | STEP 2 STARTED - Collect Monitoring Results
2026-06-08 15:39:06 | STEP 2 COMPLETED - Collect Monitoring Results
2026-06-08 15:39:06 | STEP 3 STARTED - AI Analysis
2026-06-08 15:39:10 | STEP 3 COMPLETED - AI Analysis
2026-06-08 15:39:10 | STEP 4 STARTED - Report Generation
2026-06-08 15:39:10 | STEP 4 COMPLETED - Report Generation
2026-06-08 15:39:10 | REPORT FILE CREATED: reports/incident_report_20260608_153910.txt
2026-06-08 15:39:10 | STEP 5 STARTED - Notifications
2026-06-08 15:39:10 | NOTIFICATION WORKFLOW STARTED
2026-06-08 15:39:10 | NOTIFICATION WORKFLOW COMPLETED
2026-06-08 15:39:10 | STEP 5 COMPLETED - Notifications
2026-06-08 15:39:10 | STEP 6 STARTED - Save Report
2026-06-08 15:39:10 | STEP 6 COMPLETED - Save Report
2026-06-08 15:39:10 | WORKFLOW COMPLETED
2026-06-08 15:39:10 | SCHEDULED WORKFLOW EXECUTION COMPLETED
2026-06-08 15:44:10 | SCHEDULED WORKFLOW EXECUTION STARTED
2026-06-08 15:44:10 | WORKFLOW STARTED
2026-06-08 15:44:10 | STEP 0 STARTED - Environment Validation
2026-06-08 15:44:10 | STEP 0 COMPLETED - Environment Validation
2026-06-08 15:44:10 | STEP 1 STARTED - Monitoring Engine
2026-06-08 15:44:10 | MONITORING WORKFLOW STARTED
2026-06-08 15:44:10 | MONITORING WORKFLOW COMPLETED
2026-06-08 15:44:10 | STEP 1 COMPLETED - Monitoring Engine
2026-06-08 15:44:10 | STEP 2 STARTED - Collect Monitoring Results
2026-06-08 15:44:10 | STEP 2 COMPLETED - Collect Monitoring Results
2026-06-08 15:44:10 | STEP 3 STARTED - AI Analysis
2026-06-08 15:44:15 | STEP 3 COMPLETED - AI Analysis
2026-06-08 15:44:15 | STEP 4 STARTED - Report Generation
2026-06-08 15:44:15 | STEP 4 COMPLETED - Report Generation
2026-06-08 15:44:15 | REPORT FILE CREATED: reports/incident_report_20260608_154415.txt
2026-06-08 15:44:15 | STEP 5 STARTED - Notifications
2026-06-08 15:44:15 | NOTIFICATION WORKFLOW STARTED
2026-06-08 15:44:15 | NOTIFICATION WORKFLOW COMPLETED
2026-06-08 15:44:15 | STEP 5 COMPLETED - Notifications
2026-06-08 15:44:15 | STEP 6 STARTED - Save Report
2026-06-08 15:44:15 | STEP 6 COMPLETED - Save Report
2026-06-08 15:44:15 | WORKFLOW COMPLETED
2026-06-08 15:44:15 | SCHEDULED WORKFLOW EXECUTION COMPLETED
2026-06-08 15:49:15 | SCHEDULED WORKFLOW EXECUTION STARTED
2026-06-08 15:49:15 | WORKFLOW STARTED
2026-06-08 15:49:15 | STEP 0 STARTED - Environment Validation
2026-06-08 15:49:15 | STEP 0 COMPLETED - Environment Validation
2026-06-08 15:49:15 | STEP 1 STARTED - Monitoring Engine
2026-06-08 15:49:15 | MONITORING WORKFLOW STARTED
2026-06-08 15:49:15 | MONITORING WORKFLOW COMPLETED
2026-06-08 15:49:15 | STEP 1 COMPLETED - Monitoring Engine
2026-06-08 15:49:15 | STEP 2 STARTED - Collect Monitoring Results
2026-06-08 15:49:15 | STEP 2 COMPLETED - Collect Monitoring Results
2026-06-08 15:49:15 | STEP 3 STARTED - AI Analysis
2026-06-08 15:49:20 | STEP 3 COMPLETED - AI Analysis
2026-06-08 15:49:20 | STEP 4 STARTED - Report Generation
2026-06-08 15:49:20 | STEP 4 COMPLETED - Report Generation
2026-06-08 15:49:20 | REPORT FILE CREATED: reports/incident_report_20260608_154920.txt
2026-06-08 15:49:20 | STEP 5 STARTED - Notifications
2026-06-08 15:49:20 | NOTIFICATION WORKFLOW STARTED
2026-06-08 15:49:20 | NOTIFICATION WORKFLOW COMPLETED
2026-06-08 15:49:20 | STEP 5 COMPLETED - Notifications
2026-06-08 15:49:20 | STEP 6 STARTED - Save Report
2026-06-08 15:49:20 | STEP 6 COMPLETED - Save Report
2026-06-08 15:49:20 | WORKFLOW COMPLETED
2026-06-08 15:49:20 | SCHEDULED WORKFLOW EXECUTION COMPLETED
2026-06-08 15:54:20 | SCHEDULED WORKFLOW EXECUTION STARTED
2026-06-08 15:54:20 | WORKFLOW STARTED
2026-06-08 15:54:20 | STEP 0 STARTED - Environment Validation
2026-06-08 15:54:20 | STEP 0 COMPLETED - Environment Validation
2026-06-08 15:54:20 | STEP 1 STARTED - Monitoring Engine
2026-06-08 15:54:20 | MONITORING WORKFLOW STARTED
2026-06-08 15:54:20 | MONITORING WORKFLOW COMPLETED
2026-06-08 15:54:20 | STEP 1 COMPLETED - Monitoring Engine
2026-06-08 15:54:20 | STEP 2 STARTED - Collect Monitoring Results
2026-06-08 15:54:20 | STEP 2 COMPLETED - Collect Monitoring Results
2026-06-08 15:54:20 | STEP 3 STARTED - AI Analysis
2026-06-08 15:54:26 | STEP 3 COMPLETED - AI Analysis
2026-06-08 15:54:26 | STEP 4 STARTED - Report Generation
2026-06-08 15:54:26 | STEP 4 COMPLETED - Report Generation
2026-06-08 15:54:26 | REPORT FILE CREATED: reports/incident_report_20260608_155426.txt
2026-06-08 15:54:26 | STEP 5 STARTED - Notifications
2026-06-08 15:54:26 | NOTIFICATION WORKFLOW STARTED
2026-06-08 15:54:26 | NOTIFICATION WORKFLOW COMPLETED
2026-06-08 15:54:26 | STEP 5 COMPLETED - Notifications
2026-06-08 15:54:26 | STEP 6 STARTED - Save Report
2026-06-08 15:54:26 | STEP 6 COMPLETED - Save Report
2026-06-08 15:54:26 | WORKFLOW COMPLETED
2026-06-08 15:54:26 | SCHEDULED WORKFLOW EXECUTION COMPLETED
2026-06-08 15:59:26 | SCHEDULED WORKFLOW EXECUTION STARTED
2026-06-08 15:59:26 | WORKFLOW STARTED
2026-06-08 15:59:26 | STEP 0 STARTED - Environment Validation
2026-06-08 15:59:26 | STEP 0 COMPLETED - Environment Validation
2026-06-08 15:59:26 | STEP 1 STARTED - Monitoring Engine
2026-06-08 15:59:26 | MONITORING WORKFLOW STARTED
2026-06-08 15:59:26 | MONITORING WORKFLOW COMPLETED
2026-06-08 15:59:26 | STEP 1 COMPLETED - Monitoring Engine
2026-06-08 15:59:26 | STEP 2 STARTED - Collect Monitoring Results
2026-06-08 15:59:26 | STEP 2 COMPLETED - Collect Monitoring Results
2026-06-08 15:59:26 | STEP 3 STARTED - AI Analysis
2026-06-08 15:59:30 | STEP 3 COMPLETED - AI Analysis
2026-06-08 15:59:30 | STEP 4 STARTED - Report Generation
2026-06-08 15:59:30 | STEP 4 COMPLETED - Report Generation
2026-06-08 15:59:30 | REPORT FILE CREATED: reports/incident_report_20260608_155930.txt
2026-06-08 15:59:30 | STEP 5 STARTED - Notifications
2026-06-08 15:59:30 | NOTIFICATION WORKFLOW STARTED
2026-06-08 15:59:30 | NOTIFICATION WORKFLOW COMPLETED
2026-06-08 15:59:30 | STEP 5 COMPLETED - Notifications
2026-06-08 15:59:30 | STEP 6 STARTED - Save Report
2026-06-08 15:59:30 | STEP 6 COMPLETED - Save Report
2026-06-08 15:59:30 | WORKFLOW COMPLETED
2026-06-08 15:59:30 | SCHEDULED WORKFLOW EXECUTION COMPLETED
2026-06-08 16:04:30 | SCHEDULED WORKFLOW EXECUTION STARTED
2026-06-08 16:04:30 | WORKFLOW STARTED
2026-06-08 16:04:30 | STEP 0 STARTED - Environment Validation
2026-06-08 16:04:30 | STEP 0 COMPLETED - Environment Validation
2026-06-08 16:04:30 | STEP 1 STARTED - Monitoring Engine
2026-06-08 16:04:30 | MONITORING WORKFLOW STARTED
2026-06-08 16:04:31 | MONITORING WORKFLOW COMPLETED
2026-06-08 16:04:31 | STEP 1 COMPLETED - Monitoring Engine
2026-06-08 16:04:31 | STEP 2 STARTED - Collect Monitoring Results
2026-06-08 16:04:31 | STEP 2 COMPLETED - Collect Monitoring Results
2026-06-08 16:04:31 | STEP 3 STARTED - AI Analysis
2026-06-08 16:04:35 | STEP 3 COMPLETED - AI Analysis
2026-06-08 16:04:35 | STEP 4 STARTED - Report Generation
2026-06-08 16:04:35 | STEP 4 COMPLETED - Report Generation
2026-06-08 16:04:35 | REPORT FILE CREATED: reports/incident_report_20260608_160435.txt
2026-06-08 16:04:35 | STEP 5 STARTED - Notifications
2026-06-08 16:04:35 | NOTIFICATION WORKFLOW STARTED
2026-06-08 16:04:35 | NOTIFICATION WORKFLOW COMPLETED
2026-06-08 16:04:35 | STEP 5 COMPLETED - Notifications
2026-06-08 16:04:35 | STEP 6 STARTED - Save Report
2026-06-08 16:04:35 | STEP 6 COMPLETED - Save Report
2026-06-08 16:04:35 | WORKFLOW COMPLETED
2026-06-08 16:04:35 | SCHEDULED WORKFLOW EXECUTION COMPLETED
2026-06-08 16:09:35 | SCHEDULED WORKFLOW EXECUTION STARTED
2026-06-08 16:09:35 | WORKFLOW STARTED
2026-06-08 16:09:35 | STEP 0 STARTED - Environment Validation
2026-06-08 16:09:35 | STEP 0 COMPLETED - Environment Validation
2026-06-08 16:09:35 | STEP 1 STARTED - Monitoring Engine
2026-06-08 16:09:35 | MONITORING WORKFLOW STARTED
2026-06-08 16:09:35 | MONITORING WORKFLOW COMPLETED
2026-06-08 16:09:35 | STEP 1 COMPLETED - Monitoring Engine
2026-06-08 16:09:35 | STEP 2 STARTED - Collect Monitoring Results
2026-06-08 16:09:35 | STEP 2 COMPLETED - Collect Monitoring Results
2026-06-08 16:09:35 | STEP 3 STARTED - AI Analysis
2026-06-08 16:09:39 | STEP 3 COMPLETED - AI Analysis
2026-06-08 16:09:39 | STEP 4 STARTED - Report Generation
2026-06-08 16:09:39 | STEP 4 COMPLETED - Report Generation
2026-06-08 16:09:39 | REPORT FILE CREATED: reports/incident_report_20260608_160939.txt
2026-06-08 16:09:39 | STEP 5 STARTED - Notifications
2026-06-08 16:09:39 | NOTIFICATION WORKFLOW STARTED
2026-06-08 16:09:39 | NOTIFICATION WORKFLOW COMPLETED
2026-06-08 16:09:39 | STEP 5 COMPLETED - Notifications
2026-06-08 16:09:39 | STEP 6 STARTED - Save Report
2026-06-08 16:09:39 | STEP 6 COMPLETED - Save Report
2026-06-08 16:09:39 | WORKFLOW COMPLETED
2026-06-08 16:09:39 | SCHEDULED WORKFLOW EXECUTION COMPLETED
2026-06-08 16:14:39 | SCHEDULED WORKFLOW EXECUTION STARTED
2026-06-08 16:14:39 | WORKFLOW STARTED
2026-06-08 16:14:39 | STEP 0 STARTED - Environment Validation
2026-06-08 16:14:39 | STEP 0 COMPLETED - Environment Validation
2026-06-08 16:14:39 | STEP 1 STARTED - Monitoring Engine
2026-06-08 16:14:39 | MONITORING WORKFLOW STARTED
2026-06-08 16:14:39 | MONITORING WORKFLOW COMPLETED
2026-06-08 16:14:39 | STEP 1 COMPLETED - Monitoring Engine
2026-06-08 16:14:39 | STEP 2 STARTED - Collect Monitoring Results
2026-06-08 16:14:39 | STEP 2 COMPLETED - Collect Monitoring Results
2026-06-08 16:14:39 | STEP 3 STARTED - AI Analysis
2026-06-08 16:14:44 | STEP 3 COMPLETED - AI Analysis
2026-06-08 16:14:44 | STEP 4 STARTED - Report Generation
2026-06-08 16:14:44 | STEP 4 COMPLETED - Report Generation
2026-06-08 16:14:44 | REPORT FILE CREATED: reports/incident_report_20260608_161444.txt
2026-06-08 16:14:44 | STEP 5 STARTED - Notifications
2026-06-08 16:14:44 | NOTIFICATION WORKFLOW STARTED
2026-06-08 16:14:44 | NOTIFICATION WORKFLOW COMPLETED
2026-06-08 16:14:44 | STEP 5 COMPLETED - Notifications
2026-06-08 16:14:44 | STEP 6 STARTED - Save Report
2026-06-08 16:14:44 | STEP 6 COMPLETED - Save Report
2026-06-08 16:14:44 | WORKFLOW COMPLETED
2026-06-08 16:14:44 | SCHEDULED WORKFLOW EXECUTION COMPLETED
2026-06-08 16:19:44 | SCHEDULED WORKFLOW EXECUTION STARTED
2026-06-08 16:19:44 | WORKFLOW STARTED
2026-06-08 16:19:44 | STEP 0 STARTED - Environment Validation
2026-06-08 16:19:44 | STEP 0 COMPLETED - Environment Validation
2026-06-08 16:19:44 | STEP 1 STARTED - Monitoring Engine
2026-06-08 16:19:44 | MONITORING WORKFLOW STARTED
2026-06-08 16:19:44 | MONITORING WORKFLOW COMPLETED
2026-06-08 16:19:44 | STEP 1 COMPLETED - Monitoring Engine
2026-06-08 16:19:44 | STEP 2 STARTED - Collect Monitoring Results
2026-06-08 16:19:44 | STEP 2 COMPLETED - Collect Monitoring Results
2026-06-08 16:19:44 | STEP 3 STARTED - AI Analysis
2026-06-08 16:19:49 | STEP 3 COMPLETED - AI Analysis
2026-06-08 16:19:49 | STEP 4 STARTED - Report Generation
2026-06-08 16:19:49 | STEP 4 COMPLETED - Report Generation
2026-06-08 16:19:49 | REPORT FILE CREATED: reports/incident_report_20260608_161949.txt
2026-06-08 16:19:49 | STEP 5 STARTED - Notifications
2026-06-08 16:19:49 | NOTIFICATION WORKFLOW STARTED
2026-06-08 16:19:49 | NOTIFICATION WORKFLOW COMPLETED
2026-06-08 16:19:49 | STEP 5 COMPLETED - Notifications
2026-06-08 16:19:49 | STEP 6 STARTED - Save Report
2026-06-08 16:19:49 | STEP 6 COMPLETED - Save Report
2026-06-08 16:19:49 | WORKFLOW COMPLETED
2026-06-08 16:19:49 | SCHEDULED WORKFLOW EXECUTION COMPLETED
2026-06-08 16:24:49 | SCHEDULED WORKFLOW EXECUTION STARTED
2026-06-08 16:24:49 | WORKFLOW STARTED
2026-06-08 16:24:49 | STEP 0 STARTED - Environment Validation
2026-06-08 16:24:49 | STEP 0 COMPLETED - Environment Validation
2026-06-08 16:24:49 | STEP 1 STARTED - Monitoring Engine
2026-06-08 16:24:49 | MONITORING WORKFLOW STARTED
2026-06-08 16:24:49 | MONITORING WORKFLOW COMPLETED
2026-06-08 16:24:49 | STEP 1 COMPLETED - Monitoring Engine
2026-06-08 16:24:49 | STEP 2 STARTED - Collect Monitoring Results
2026-06-08 16:24:49 | STEP 2 COMPLETED - Collect Monitoring Results
2026-06-08 16:24:49 | STEP 3 STARTED - AI Analysis
2026-06-08 16:24:53 | STEP 3 COMPLETED - AI Analysis
2026-06-08 16:24:53 | STEP 4 STARTED - Report Generation
2026-06-08 16:24:53 | STEP 4 COMPLETED - Report Generation
2026-06-08 16:24:53 | REPORT FILE CREATED: reports/incident_report_20260608_162453.txt
2026-06-08 16:24:53 | STEP 5 STARTED - Notifications
2026-06-08 16:24:53 | NOTIFICATION WORKFLOW STARTED
2026-06-08 16:24:53 | NOTIFICATION WORKFLOW COMPLETED
2026-06-08 16:24:53 | STEP 5 COMPLETED - Notifications
2026-06-08 16:24:53 | STEP 6 STARTED - Save Report
2026-06-08 16:24:53 | STEP 6 COMPLETED - Save Report
2026-06-08 16:24:53 | WORKFLOW COMPLETED
2026-06-08 16:24:53 | SCHEDULED WORKFLOW EXECUTION COMPLETED
2026-06-08 16:29:00 | WORKFLOW STARTED
2026-06-08 16:29:00 | STEP 0 STARTED - Environment Validation
2026-06-08 16:29:00 | STEP 0 COMPLETED - Environment Validation
2026-06-08 16:29:00 | STEP 1 STARTED - Monitoring Engine
2026-06-08 16:29:00 | MONITORING WORKFLOW STARTED
2026-06-08 16:29:00 | MONITORING WORKFLOW COMPLETED
2026-06-08 16:29:00 | STEP 1 COMPLETED - Monitoring Engine
2026-06-08 16:29:00 | STEP 2 STARTED - Collect Monitoring Results
2026-06-08 16:29:00 | STEP 2 COMPLETED - Collect Monitoring Results
2026-06-08 16:29:00 | STEP 3 STARTED - AI Analysis
2026-06-08 16:29:06 | STEP 3A STARTED - Agent Execution
2026-06-08 16:29:06 | AGENT RISK: HIGH
2026-06-08 16:29:06 | AGENT RECOMMENDATION: Investigate and resolve blocking session.
2026-06-08 16:29:06 | STEP 3A COMPLETED - Agent Execution
2026-06-08 16:29:06 | STEP 3 COMPLETED - AI Analysis
2026-06-08 16:29:06 | STEP 4 STARTED - Governance Review
2026-06-08 16:29:06 | APPROVAL REQUEST SAVED
2026-06-08 16:29:06 | GOVERNANCE REQUEST CREATED
2026-06-08 16:29:06 | GOVERNANCE REQUEST ID: 20260608162906
2026-06-08 16:29:06 | STEP 4 COMPLETED - Governance Review
2026-06-08 16:29:06 | STEP 4A STARTED - Remediation Execution
2026-06-08 16:29:06 | REMEDIATION RESULT: {'status': 'SIMULATED', 'action': 'Investigate blocking sessions'}
2026-06-08 16:29:06 | STEP 4A COMPLETED - Remediation Execution
2026-06-08 16:29:06 | STEP 5 STARTED - Report Generation
2026-06-08 16:29:06 | STEP 5 COMPLETED - Report Generation
2026-06-08 16:29:06 | REPORT FILE CREATED: reports/incident_report_20260608_162906.txt
2026-06-08 16:29:06 | STEP 6 STARTED - Incident Repository
2026-06-08 16:29:06 | INCIDENT SAVED TO REPOSITORY
2026-06-08 16:29:06 | STEP 6 COMPLETED - Incident Repository
2026-06-08 16:29:06 | STEP 7 STARTED - Notifications
2026-06-08 16:29:06 | NOTIFICATION WORKFLOW STARTED
2026-06-08 16:29:06 | NOTIFICATION WORKFLOW COMPLETED
2026-06-08 16:29:06 | STEP 7 COMPLETED - Notifications
2026-06-08 16:29:06 | STEP 8 STARTED - Save Report
2026-06-08 16:29:06 | STEP 8 COMPLETED - Save Report
2026-06-08 16:29:06 | WORKFLOW COMPLETED
2026-06-08 16:29:53 | SCHEDULED WORKFLOW EXECUTION STARTED
2026-06-08 16:29:53 | WORKFLOW STARTED
2026-06-08 16:29:53 | STEP 0 STARTED - Environment Validation
2026-06-08 16:29:53 | STEP 0 COMPLETED - Environment Validation
2026-06-08 16:29:53 | STEP 1 STARTED - Monitoring Engine
2026-06-08 16:29:53 | MONITORING WORKFLOW STARTED
2026-06-08 16:29:54 | MONITORING WORKFLOW COMPLETED
2026-06-08 16:29:54 | STEP 1 COMPLETED - Monitoring Engine
2026-06-08 16:29:54 | STEP 2 STARTED - Collect Monitoring Results
2026-06-08 16:29:54 | STEP 2 COMPLETED - Collect Monitoring Results
2026-06-08 16:29:54 | STEP 3 STARTED - AI Analysis
2026-06-08 16:29:57 | STEP 3 COMPLETED - AI Analysis
2026-06-08 16:29:57 | STEP 4 STARTED - Report Generation
2026-06-08 16:29:57 | STEP 4 COMPLETED - Report Generation
2026-06-08 16:29:57 | REPORT FILE CREATED: reports/incident_report_20260608_162957.txt
2026-06-08 16:29:57 | STEP 5 STARTED - Notifications
2026-06-08 16:29:57 | NOTIFICATION WORKFLOW STARTED
2026-06-08 16:29:57 | NOTIFICATION WORKFLOW COMPLETED
2026-06-08 16:29:57 | STEP 5 COMPLETED - Notifications
2026-06-08 16:29:57 | STEP 6 STARTED - Save Report
2026-06-08 16:29:57 | STEP 6 COMPLETED - Save Report
2026-06-08 16:29:57 | WORKFLOW COMPLETED
2026-06-08 16:29:57 | SCHEDULED WORKFLOW EXECUTION COMPLETED
2026-06-08 16:34:57 | SCHEDULED WORKFLOW EXECUTION STARTED
2026-06-08 16:34:57 | WORKFLOW STARTED
2026-06-08 16:34:57 | STEP 0 STARTED - Environment Validation
2026-06-08 16:34:57 | STEP 0 COMPLETED - Environment Validation
2026-06-08 16:34:57 | STEP 1 STARTED - Monitoring Engine
2026-06-08 16:34:57 | MONITORING WORKFLOW STARTED
2026-06-08 16:34:57 | MONITORING WORKFLOW COMPLETED
2026-06-08 16:34:57 | STEP 1 COMPLETED - Monitoring Engine
2026-06-08 16:34:57 | STEP 2 STARTED - Collect Monitoring Results
2026-06-08 16:34:57 | STEP 2 COMPLETED - Collect Monitoring Results
2026-06-08 16:34:57 | STEP 3 STARTED - AI Analysis
2026-06-08 16:35:04 | STEP 3 COMPLETED - AI Analysis
2026-06-08 16:35:04 | STEP 4 STARTED - Report Generation
2026-06-08 16:35:04 | STEP 4 COMPLETED - Report Generation
2026-06-08 16:35:04 | REPORT FILE CREATED: reports/incident_report_20260608_163504.txt
2026-06-08 16:35:04 | STEP 5 STARTED - Notifications
2026-06-08 16:35:04 | NOTIFICATION WORKFLOW STARTED
2026-06-08 16:35:04 | NOTIFICATION WORKFLOW COMPLETED
2026-06-08 16:35:04 | STEP 5 COMPLETED - Notifications
2026-06-08 16:35:04 | STEP 6 STARTED - Save Report
2026-06-08 16:35:04 | STEP 6 COMPLETED - Save Report
2026-06-08 16:35:04 | WORKFLOW COMPLETED
2026-06-08 16:35:04 | SCHEDULED WORKFLOW EXECUTION COMPLETED
2026-06-08 16:40:04 | SCHEDULED WORKFLOW EXECUTION STARTED
2026-06-08 16:40:04 | WORKFLOW STARTED
2026-06-08 16:40:04 | STEP 0 STARTED - Environment Validation
2026-06-08 16:40:04 | STEP 0 COMPLETED - Environment Validation
2026-06-08 16:40:04 | STEP 1 STARTED - Monitoring Engine
2026-06-08 16:40:04 | MONITORING WORKFLOW STARTED
2026-06-08 16:40:05 | MONITORING WORKFLOW COMPLETED
2026-06-08 16:40:05 | STEP 1 COMPLETED - Monitoring Engine
2026-06-08 16:40:05 | STEP 2 STARTED - Collect Monitoring Results
2026-06-08 16:40:05 | STEP 2 COMPLETED - Collect Monitoring Results
2026-06-08 16:40:05 | STEP 3 STARTED - AI Analysis
2026-06-08 16:40:09 | STEP 3 COMPLETED - AI Analysis
2026-06-08 16:40:09 | STEP 4 STARTED - Report Generation
2026-06-08 16:40:09 | STEP 4 COMPLETED - Report Generation
2026-06-08 16:40:09 | REPORT FILE CREATED: reports/incident_report_20260608_164009.txt
2026-06-08 16:40:09 | STEP 5 STARTED - Notifications
2026-06-08 16:40:09 | NOTIFICATION WORKFLOW STARTED
2026-06-08 16:40:09 | NOTIFICATION WORKFLOW COMPLETED
2026-06-08 16:40:09 | STEP 5 COMPLETED - Notifications
2026-06-08 16:40:09 | STEP 6 STARTED - Save Report
2026-06-08 16:40:09 | STEP 6 COMPLETED - Save Report
2026-06-08 16:40:09 | WORKFLOW COMPLETED
2026-06-08 16:40:09 | SCHEDULED WORKFLOW EXECUTION COMPLETED
2026-06-08 16:45:09 | SCHEDULED WORKFLOW EXECUTION STARTED
2026-06-08 16:45:09 | WORKFLOW STARTED
2026-06-08 16:45:09 | STEP 0 STARTED - Environment Validation
2026-06-08 16:45:09 | STEP 0 COMPLETED - Environment Validation
2026-06-08 16:45:09 | STEP 1 STARTED - Monitoring Engine
2026-06-08 16:45:09 | MONITORING WORKFLOW STARTED
2026-06-08 16:45:09 | MONITORING WORKFLOW COMPLETED
2026-06-08 16:45:09 | STEP 1 COMPLETED - Monitoring Engine
2026-06-08 16:45:09 | STEP 2 STARTED - Collect Monitoring Results
2026-06-08 16:45:09 | STEP 2 COMPLETED - Collect Monitoring Results
2026-06-08 16:45:09 | STEP 3 STARTED - AI Analysis
2026-06-08 16:45:12 | STEP 3 COMPLETED - AI Analysis
2026-06-08 16:45:12 | STEP 4 STARTED - Report Generation
2026-06-08 16:45:12 | STEP 4 COMPLETED - Report Generation
2026-06-08 16:45:12 | REPORT FILE CREATED: reports/incident_report_20260608_164512.txt
2026-06-08 16:45:12 | STEP 5 STARTED - Notifications
2026-06-08 16:45:12 | NOTIFICATION WORKFLOW STARTED
2026-06-08 16:45:12 | NOTIFICATION WORKFLOW COMPLETED
2026-06-08 16:45:12 | STEP 5 COMPLETED - Notifications
2026-06-08 16:45:12 | STEP 6 STARTED - Save Report
2026-06-08 16:45:12 | STEP 6 COMPLETED - Save Report
2026-06-08 16:45:12 | WORKFLOW COMPLETED
2026-06-08 16:45:12 | SCHEDULED WORKFLOW EXECUTION COMPLETED
2026-06-08 16:50:12 | SCHEDULED WORKFLOW EXECUTION STARTED
2026-06-08 16:50:12 | WORKFLOW STARTED
2026-06-08 16:50:12 | STEP 0 STARTED - Environment Validation
2026-06-08 16:50:12 | STEP 0 COMPLETED - Environment Validation
2026-06-08 16:50:12 | STEP 1 STARTED - Monitoring Engine
2026-06-08 16:50:12 | MONITORING WORKFLOW STARTED
2026-06-08 16:50:12 | MONITORING WORKFLOW COMPLETED
2026-06-08 16:50:12 | STEP 1 COMPLETED - Monitoring Engine
2026-06-08 16:50:12 | STEP 2 STARTED - Collect Monitoring Results
2026-06-08 16:50:12 | STEP 2 COMPLETED - Collect Monitoring Results
2026-06-08 16:50:12 | STEP 3 STARTED - AI Analysis
2026-06-08 16:50:19 | STEP 3 COMPLETED - AI Analysis
2026-06-08 16:50:19 | STEP 4 STARTED - Report Generation
2026-06-08 16:50:19 | STEP 4 COMPLETED - Report Generation
2026-06-08 16:50:19 | REPORT FILE CREATED: reports/incident_report_20260608_165019.txt
2026-06-08 16:50:19 | STEP 5 STARTED - Notifications
2026-06-08 16:50:19 | NOTIFICATION WORKFLOW STARTED
2026-06-08 16:50:19 | NOTIFICATION WORKFLOW COMPLETED
2026-06-08 16:50:19 | STEP 5 COMPLETED - Notifications
2026-06-08 16:50:19 | STEP 6 STARTED - Save Report
2026-06-08 16:50:19 | STEP 6 COMPLETED - Save Report
2026-06-08 16:50:19 | WORKFLOW COMPLETED
2026-06-08 16:50:19 | SCHEDULED WORKFLOW EXECUTION COMPLETED
2026-06-08 16:55:19 | SCHEDULED WORKFLOW EXECUTION STARTED
2026-06-08 16:55:19 | WORKFLOW STARTED
2026-06-08 16:55:19 | STEP 0 STARTED - Environment Validation
2026-06-08 16:55:19 | STEP 0 COMPLETED - Environment Validation
2026-06-08 16:55:19 | STEP 1 STARTED - Monitoring Engine
2026-06-08 16:55:19 | MONITORING WORKFLOW STARTED
2026-06-08 16:55:19 | MONITORING WORKFLOW COMPLETED
2026-06-08 16:55:19 | STEP 1 COMPLETED - Monitoring Engine
2026-06-08 16:55:19 | STEP 2 STARTED - Collect Monitoring Results
2026-06-08 16:55:19 | STEP 2 COMPLETED - Collect Monitoring Results
2026-06-08 16:55:19 | STEP 3 STARTED - AI Analysis
2026-06-08 16:55:22 | STEP 3 COMPLETED - AI Analysis
2026-06-08 16:55:22 | STEP 4 STARTED - Report Generation
2026-06-08 16:55:22 | STEP 4 COMPLETED - Report Generation
2026-06-08 16:55:22 | REPORT FILE CREATED: reports/incident_report_20260608_165522.txt
2026-06-08 16:55:22 | STEP 5 STARTED - Notifications
2026-06-08 16:55:22 | NOTIFICATION WORKFLOW STARTED
2026-06-08 16:55:22 | NOTIFICATION WORKFLOW COMPLETED
2026-06-08 16:55:22 | STEP 5 COMPLETED - Notifications
2026-06-08 16:55:22 | STEP 6 STARTED - Save Report
2026-06-08 16:55:22 | STEP 6 COMPLETED - Save Report
2026-06-08 16:55:22 | WORKFLOW COMPLETED
2026-06-08 16:55:22 | SCHEDULED WORKFLOW EXECUTION COMPLETED
2026-06-08 17:00:22 | SCHEDULED WORKFLOW EXECUTION STARTED
2026-06-08 17:00:22 | WORKFLOW STARTED
2026-06-08 17:00:22 | STEP 0 STARTED - Environment Validation
2026-06-08 17:00:22 | STEP 0 COMPLETED - Environment Validation
2026-06-08 17:00:22 | STEP 1 STARTED - Monitoring Engine
2026-06-08 17:00:22 | MONITORING WORKFLOW STARTED
2026-06-08 17:00:22 | MONITORING WORKFLOW COMPLETED
2026-06-08 17:00:22 | STEP 1 COMPLETED - Monitoring Engine
2026-06-08 17:00:22 | STEP 2 STARTED - Collect Monitoring Results
2026-06-08 17:00:22 | STEP 2 COMPLETED - Collect Monitoring Results
2026-06-08 17:00:22 | STEP 3 STARTED - AI Analysis
2026-06-08 17:00:27 | STEP 3 COMPLETED - AI Analysis
2026-06-08 17:00:27 | STEP 4 STARTED - Report Generation
2026-06-08 17:00:27 | STEP 4 COMPLETED - Report Generation
2026-06-08 17:00:27 | REPORT FILE CREATED: reports/incident_report_20260608_170027.txt
2026-06-08 17:00:27 | STEP 5 STARTED - Notifications
2026-06-08 17:00:27 | NOTIFICATION WORKFLOW STARTED
2026-06-08 17:00:27 | NOTIFICATION WORKFLOW COMPLETED
2026-06-08 17:00:27 | STEP 5 COMPLETED - Notifications
2026-06-08 17:00:27 | STEP 6 STARTED - Save Report
2026-06-08 17:00:27 | STEP 6 COMPLETED - Save Report
2026-06-08 17:00:27 | WORKFLOW COMPLETED
2026-06-08 17:00:27 | SCHEDULED WORKFLOW EXECUTION COMPLETED
2026-06-08 17:05:27 | SCHEDULED WORKFLOW EXECUTION STARTED
2026-06-08 17:05:27 | WORKFLOW STARTED
2026-06-08 17:05:27 | STEP 0 STARTED - Environment Validation
2026-06-08 17:05:27 | STEP 0 COMPLETED - Environment Validation
2026-06-08 17:05:27 | STEP 1 STARTED - Monitoring Engine
2026-06-08 17:05:27 | MONITORING WORKFLOW STARTED
2026-06-08 17:05:27 | MONITORING WORKFLOW COMPLETED
2026-06-08 17:05:27 | STEP 1 COMPLETED - Monitoring Engine
2026-06-08 17:05:27 | STEP 2 STARTED - Collect Monitoring Results
2026-06-08 17:05:27 | STEP 2 COMPLETED - Collect Monitoring Results
2026-06-08 17:05:27 | STEP 3 STARTED - AI Analysis
2026-06-08 17:05:32 | STEP 3 COMPLETED - AI Analysis
2026-06-08 17:05:32 | STEP 4 STARTED - Report Generation
2026-06-08 17:05:32 | STEP 4 COMPLETED - Report Generation
2026-06-08 17:05:32 | REPORT FILE CREATED: reports/incident_report_20260608_170532.txt
2026-06-08 17:05:32 | STEP 5 STARTED - Notifications
2026-06-08 17:05:32 | NOTIFICATION WORKFLOW STARTED
2026-06-08 17:05:32 | NOTIFICATION WORKFLOW COMPLETED
2026-06-08 17:05:32 | STEP 5 COMPLETED - Notifications
2026-06-08 17:05:32 | STEP 6 STARTED - Save Report
2026-06-08 17:05:32 | STEP 6 COMPLETED - Save Report
2026-06-08 17:05:32 | WORKFLOW COMPLETED
2026-06-08 17:05:32 | SCHEDULED WORKFLOW EXECUTION COMPLETED
2026-06-08 17:10:32 | SCHEDULED WORKFLOW EXECUTION STARTED
2026-06-08 17:10:32 | WORKFLOW STARTED
2026-06-08 17:10:32 | STEP 0 STARTED - Environment Validation
2026-06-08 17:10:32 | STEP 0 COMPLETED - Environment Validation
2026-06-08 17:10:32 | STEP 1 STARTED - Monitoring Engine
2026-06-08 17:10:32 | MONITORING WORKFLOW STARTED
2026-06-08 17:10:33 | MONITORING WORKFLOW COMPLETED
2026-06-08 17:10:33 | STEP 1 COMPLETED - Monitoring Engine
2026-06-08 17:10:33 | STEP 2 STARTED - Collect Monitoring Results
2026-06-08 17:10:33 | STEP 2 COMPLETED - Collect Monitoring Results
2026-06-08 17:10:33 | STEP 3 STARTED - AI Analysis
2026-06-08 17:10:36 | STEP 3 COMPLETED - AI Analysis
2026-06-08 17:10:36 | STEP 4 STARTED - Report Generation
2026-06-08 17:10:36 | STEP 4 COMPLETED - Report Generation
2026-06-08 17:10:36 | REPORT FILE CREATED: reports/incident_report_20260608_171036.txt
2026-06-08 17:10:36 | STEP 5 STARTED - Notifications
2026-06-08 17:10:36 | NOTIFICATION WORKFLOW STARTED
2026-06-08 17:10:36 | NOTIFICATION WORKFLOW COMPLETED
2026-06-08 17:10:36 | STEP 5 COMPLETED - Notifications
2026-06-08 17:10:36 | STEP 6 STARTED - Save Report
2026-06-08 17:10:36 | STEP 6 COMPLETED - Save Report
2026-06-08 17:10:36 | WORKFLOW COMPLETED
2026-06-08 17:10:36 | SCHEDULED WORKFLOW EXECUTION COMPLETED
2026-06-08 17:15:36 | SCHEDULED WORKFLOW EXECUTION STARTED
2026-06-08 17:15:36 | WORKFLOW STARTED
2026-06-08 17:15:36 | STEP 0 STARTED - Environment Validation
2026-06-08 17:15:36 | STEP 0 COMPLETED - Environment Validation
2026-06-08 17:15:36 | STEP 1 STARTED - Monitoring Engine
2026-06-08 17:15:36 | MONITORING WORKFLOW STARTED
2026-06-08 17:15:36 | MONITORING WORKFLOW COMPLETED
2026-06-08 17:15:36 | STEP 1 COMPLETED - Monitoring Engine
2026-06-08 17:15:36 | STEP 2 STARTED - Collect Monitoring Results
2026-06-08 17:15:36 | STEP 2 COMPLETED - Collect Monitoring Results
2026-06-08 17:15:36 | STEP 3 STARTED - AI Analysis
2026-06-08 17:15:42 | STEP 3 COMPLETED - AI Analysis
2026-06-08 17:15:42 | STEP 4 STARTED - Report Generation
2026-06-08 17:15:42 | STEP 4 COMPLETED - Report Generation
2026-06-08 17:15:42 | REPORT FILE CREATED: reports/incident_report_20260608_171542.txt
2026-06-08 17:15:42 | STEP 5 STARTED - Notifications
2026-06-08 17:15:42 | NOTIFICATION WORKFLOW STARTED
2026-06-08 17:15:42 | NOTIFICATION WORKFLOW COMPLETED
2026-06-08 17:15:42 | STEP 5 COMPLETED - Notifications
2026-06-08 17:15:42 | STEP 6 STARTED - Save Report
2026-06-08 17:15:42 | STEP 6 COMPLETED - Save Report
2026-06-08 17:15:42 | WORKFLOW COMPLETED
2026-06-08 17:15:42 | SCHEDULED WORKFLOW EXECUTION COMPLETED
2026-06-08 17:20:42 | SCHEDULED WORKFLOW EXECUTION STARTED
2026-06-08 17:20:42 | WORKFLOW STARTED
2026-06-08 17:20:42 | STEP 0 STARTED - Environment Validation
2026-06-08 17:20:42 | STEP 0 COMPLETED - Environment Validation
2026-06-08 17:20:42 | STEP 1 STARTED - Monitoring Engine
2026-06-08 17:20:42 | MONITORING WORKFLOW STARTED
2026-06-08 17:20:42 | MONITORING WORKFLOW COMPLETED
2026-06-08 17:20:42 | STEP 1 COMPLETED - Monitoring Engine
2026-06-08 17:20:42 | STEP 2 STARTED - Collect Monitoring Results
2026-06-08 17:20:42 | STEP 2 COMPLETED - Collect Monitoring Results
2026-06-08 17:20:42 | STEP 3 STARTED - AI Analysis
2026-06-08 17:20:46 | STEP 3 COMPLETED - AI Analysis
2026-06-08 17:20:46 | STEP 4 STARTED - Report Generation
2026-06-08 17:20:46 | STEP 4 COMPLETED - Report Generation
2026-06-08 17:20:46 | REPORT FILE CREATED: reports/incident_report_20260608_172046.txt
2026-06-08 17:20:46 | STEP 5 STARTED - Notifications
2026-06-08 17:20:46 | NOTIFICATION WORKFLOW STARTED
2026-06-08 17:20:46 | NOTIFICATION WORKFLOW COMPLETED
2026-06-08 17:20:46 | STEP 5 COMPLETED - Notifications
2026-06-08 17:20:46 | STEP 6 STARTED - Save Report
2026-06-08 17:20:46 | STEP 6 COMPLETED - Save Report
2026-06-08 17:20:46 | WORKFLOW COMPLETED
2026-06-08 17:20:46 | SCHEDULED WORKFLOW EXECUTION COMPLETED
2026-06-08 17:25:46 | SCHEDULED WORKFLOW EXECUTION STARTED
2026-06-08 17:25:46 | WORKFLOW STARTED
2026-06-08 17:25:46 | STEP 0 STARTED - Environment Validation
2026-06-08 17:25:46 | STEP 0 COMPLETED - Environment Validation
2026-06-08 17:25:46 | STEP 1 STARTED - Monitoring Engine
2026-06-08 17:25:46 | MONITORING WORKFLOW STARTED
2026-06-08 17:25:46 | MONITORING WORKFLOW COMPLETED
2026-06-08 17:25:46 | STEP 1 COMPLETED - Monitoring Engine
2026-06-08 17:25:46 | STEP 2 STARTED - Collect Monitoring Results
2026-06-08 17:25:46 | STEP 2 COMPLETED - Collect Monitoring Results
2026-06-08 17:25:46 | STEP 3 STARTED - AI Analysis
2026-06-08 17:25:52 | STEP 3 COMPLETED - AI Analysis
2026-06-08 17:25:52 | STEP 4 STARTED - Report Generation
2026-06-08 17:25:52 | STEP 4 COMPLETED - Report Generation
2026-06-08 17:25:52 | REPORT FILE CREATED: reports/incident_report_20260608_172552.txt
2026-06-08 17:25:52 | STEP 5 STARTED - Notifications
2026-06-08 17:25:52 | NOTIFICATION WORKFLOW STARTED
2026-06-08 17:25:52 | NOTIFICATION WORKFLOW COMPLETED
2026-06-08 17:25:52 | STEP 5 COMPLETED - Notifications
2026-06-08 17:25:52 | STEP 6 STARTED - Save Report
2026-06-08 17:25:52 | STEP 6 COMPLETED - Save Report
2026-06-08 17:25:52 | WORKFLOW COMPLETED
2026-06-08 17:25:52 | SCHEDULED WORKFLOW EXECUTION COMPLETED
2026-06-08 17:30:52 | SCHEDULED WORKFLOW EXECUTION STARTED
2026-06-08 17:30:52 | WORKFLOW STARTED
2026-06-08 17:30:52 | STEP 0 STARTED - Environment Validation
2026-06-08 17:30:52 | STEP 0 COMPLETED - Environment Validation
2026-06-08 17:30:52 | STEP 1 STARTED - Monitoring Engine
2026-06-08 17:30:52 | MONITORING WORKFLOW STARTED
2026-06-08 17:30:52 | MONITORING WORKFLOW COMPLETED
2026-06-08 17:30:52 | STEP 1 COMPLETED - Monitoring Engine
2026-06-08 17:30:52 | STEP 2 STARTED - Collect Monitoring Results
2026-06-08 17:30:52 | STEP 2 COMPLETED - Collect Monitoring Results
2026-06-08 17:30:52 | STEP 3 STARTED - AI Analysis
2026-06-08 17:31:00 | STEP 3 COMPLETED - AI Analysis
2026-06-08 17:31:00 | STEP 4 STARTED - Report Generation
2026-06-08 17:31:00 | STEP 4 COMPLETED - Report Generation
2026-06-08 17:31:00 | REPORT FILE CREATED: reports/incident_report_20260608_173100.txt
2026-06-08 17:31:00 | STEP 5 STARTED - Notifications
2026-06-08 17:31:00 | NOTIFICATION WORKFLOW STARTED
2026-06-08 17:31:00 | NOTIFICATION WORKFLOW COMPLETED
2026-06-08 17:31:00 | STEP 5 COMPLETED - Notifications
2026-06-08 17:31:00 | STEP 6 STARTED - Save Report
2026-06-08 17:31:00 | STEP 6 COMPLETED - Save Report
2026-06-08 17:31:00 | WORKFLOW COMPLETED
2026-06-08 17:31:00 | SCHEDULED WORKFLOW EXECUTION COMPLETED
2026-06-08 17:36:00 | SCHEDULED WORKFLOW EXECUTION STARTED
2026-06-08 17:36:00 | WORKFLOW STARTED
2026-06-08 17:36:00 | STEP 0 STARTED - Environment Validation
2026-06-08 17:36:00 | STEP 0 COMPLETED - Environment Validation
2026-06-08 17:36:00 | STEP 1 STARTED - Monitoring Engine
2026-06-08 17:36:00 | MONITORING WORKFLOW STARTED
2026-06-08 17:36:00 | MONITORING WORKFLOW COMPLETED
2026-06-08 17:36:00 | STEP 1 COMPLETED - Monitoring Engine
2026-06-08 17:36:00 | STEP 2 STARTED - Collect Monitoring Results
2026-06-08 17:36:00 | STEP 2 COMPLETED - Collect Monitoring Results
2026-06-08 17:36:00 | STEP 3 STARTED - AI Analysis
2026-06-08 17:36:05 | STEP 3 COMPLETED - AI Analysis
2026-06-08 17:36:05 | STEP 4 STARTED - Report Generation
2026-06-08 17:36:05 | STEP 4 COMPLETED - Report Generation
2026-06-08 17:36:05 | REPORT FILE CREATED: reports/incident_report_20260608_173605.txt
2026-06-08 17:36:05 | STEP 5 STARTED - Notifications
2026-06-08 17:36:05 | NOTIFICATION WORKFLOW STARTED
2026-06-08 17:36:05 | NOTIFICATION WORKFLOW COMPLETED
2026-06-08 17:36:05 | STEP 5 COMPLETED - Notifications
2026-06-08 17:36:05 | STEP 6 STARTED - Save Report
2026-06-08 17:36:05 | STEP 6 COMPLETED - Save Report
2026-06-08 17:36:05 | WORKFLOW COMPLETED
2026-06-08 17:36:05 | SCHEDULED WORKFLOW EXECUTION COMPLETED
2026-06-08 17:41:05 | SCHEDULED WORKFLOW EXECUTION STARTED
2026-06-08 17:41:05 | WORKFLOW STARTED
2026-06-08 17:41:05 | STEP 0 STARTED - Environment Validation
2026-06-08 17:41:05 | STEP 0 COMPLETED - Environment Validation
2026-06-08 17:41:05 | STEP 1 STARTED - Monitoring Engine
2026-06-08 17:41:05 | MONITORING WORKFLOW STARTED
2026-06-08 17:41:05 | MONITORING WORKFLOW COMPLETED
2026-06-08 17:41:05 | STEP 1 COMPLETED - Monitoring Engine
2026-06-08 17:41:05 | STEP 2 STARTED - Collect Monitoring Results
2026-06-08 17:41:05 | STEP 2 COMPLETED - Collect Monitoring Results
2026-06-08 17:41:05 | STEP 3 STARTED - AI Analysis
2026-06-08 17:41:09 | STEP 3 COMPLETED - AI Analysis
2026-06-08 17:41:09 | STEP 4 STARTED - Report Generation
2026-06-08 17:41:09 | STEP 4 COMPLETED - Report Generation
2026-06-08 17:41:09 | REPORT FILE CREATED: reports/incident_report_20260608_174109.txt
2026-06-08 17:41:09 | STEP 5 STARTED - Notifications
2026-06-08 17:41:09 | NOTIFICATION WORKFLOW STARTED
2026-06-08 17:41:09 | NOTIFICATION WORKFLOW COMPLETED
2026-06-08 17:41:09 | STEP 5 COMPLETED - Notifications
2026-06-08 17:41:09 | STEP 6 STARTED - Save Report
2026-06-08 17:41:09 | STEP 6 COMPLETED - Save Report
2026-06-08 17:41:09 | WORKFLOW COMPLETED
2026-06-08 17:41:09 | SCHEDULED WORKFLOW EXECUTION COMPLETED
2026-06-08 17:46:09 | SCHEDULED WORKFLOW EXECUTION STARTED
2026-06-08 17:46:09 | WORKFLOW STARTED
2026-06-08 17:46:09 | STEP 0 STARTED - Environment Validation
2026-06-08 17:46:09 | STEP 0 COMPLETED - Environment Validation
2026-06-08 17:46:09 | STEP 1 STARTED - Monitoring Engine
2026-06-08 17:46:09 | MONITORING WORKFLOW STARTED
2026-06-08 17:46:09 | MONITORING WORKFLOW COMPLETED
2026-06-08 17:46:09 | STEP 1 COMPLETED - Monitoring Engine
2026-06-08 17:46:09 | STEP 2 STARTED - Collect Monitoring Results
2026-06-08 17:46:09 | STEP 2 COMPLETED - Collect Monitoring Results
2026-06-08 17:46:09 | STEP 3 STARTED - AI Analysis
2026-06-08 17:46:13 | STEP 3 COMPLETED - AI Analysis
2026-06-08 17:46:13 | STEP 4 STARTED - Report Generation
2026-06-08 17:46:13 | STEP 4 COMPLETED - Report Generation
2026-06-08 17:46:13 | REPORT FILE CREATED: reports/incident_report_20260608_174613.txt
2026-06-08 17:46:13 | STEP 5 STARTED - Notifications
2026-06-08 17:46:13 | NOTIFICATION WORKFLOW STARTED
2026-06-08 17:46:13 | NOTIFICATION WORKFLOW COMPLETED
2026-06-08 17:46:13 | STEP 5 COMPLETED - Notifications
2026-06-08 17:46:13 | STEP 6 STARTED - Save Report
2026-06-08 17:46:13 | STEP 6 COMPLETED - Save Report
2026-06-08 17:46:13 | WORKFLOW COMPLETED
2026-06-08 17:46:13 | SCHEDULED WORKFLOW EXECUTION COMPLETED
2026-06-08 17:51:13 | SCHEDULED WORKFLOW EXECUTION STARTED
2026-06-08 17:51:13 | WORKFLOW STARTED
2026-06-08 17:51:13 | STEP 0 STARTED - Environment Validation
2026-06-08 17:51:13 | STEP 0 COMPLETED - Environment Validation
2026-06-08 17:51:13 | STEP 1 STARTED - Monitoring Engine
2026-06-08 17:51:13 | MONITORING WORKFLOW STARTED
2026-06-08 17:51:13 | MONITORING WORKFLOW COMPLETED
2026-06-08 17:51:13 | STEP 1 COMPLETED - Monitoring Engine
2026-06-08 17:51:13 | STEP 2 STARTED - Collect Monitoring Results
2026-06-08 17:51:13 | STEP 2 COMPLETED - Collect Monitoring Results
2026-06-08 17:51:13 | STEP 3 STARTED - AI Analysis
2026-06-08 17:51:17 | STEP 3 COMPLETED - AI Analysis
2026-06-08 17:51:17 | STEP 4 STARTED - Report Generation
2026-06-08 17:51:17 | STEP 4 COMPLETED - Report Generation
2026-06-08 17:51:17 | REPORT FILE CREATED: reports/incident_report_20260608_175117.txt
2026-06-08 17:51:17 | STEP 5 STARTED - Notifications
2026-06-08 17:51:17 | NOTIFICATION WORKFLOW STARTED
2026-06-08 17:51:17 | NOTIFICATION WORKFLOW COMPLETED
2026-06-08 17:51:17 | STEP 5 COMPLETED - Notifications
2026-06-08 17:51:17 | STEP 6 STARTED - Save Report
2026-06-08 17:51:17 | STEP 6 COMPLETED - Save Report
2026-06-08 17:51:17 | WORKFLOW COMPLETED
2026-06-08 17:51:17 | SCHEDULED WORKFLOW EXECUTION COMPLETED
2026-06-08 17:56:17 | SCHEDULED WORKFLOW EXECUTION STARTED
2026-06-08 17:56:17 | WORKFLOW STARTED
2026-06-08 17:56:17 | STEP 0 STARTED - Environment Validation
2026-06-08 17:56:17 | STEP 0 COMPLETED - Environment Validation
2026-06-08 17:56:17 | STEP 1 STARTED - Monitoring Engine
2026-06-08 17:56:17 | MONITORING WORKFLOW STARTED
2026-06-08 17:56:17 | MONITORING WORKFLOW COMPLETED
2026-06-08 17:56:17 | STEP 1 COMPLETED - Monitoring Engine
2026-06-08 17:56:17 | STEP 2 STARTED - Collect Monitoring Results
2026-06-08 17:56:17 | STEP 2 COMPLETED - Collect Monitoring Results
2026-06-08 17:56:17 | STEP 3 STARTED - AI Analysis
2026-06-08 17:56:24 | STEP 3 COMPLETED - AI Analysis
2026-06-08 17:56:24 | STEP 4 STARTED - Report Generation
2026-06-08 17:56:24 | STEP 4 COMPLETED - Report Generation
2026-06-08 17:56:24 | REPORT FILE CREATED: reports/incident_report_20260608_175624.txt
2026-06-08 17:56:24 | STEP 5 STARTED - Notifications
2026-06-08 17:56:24 | NOTIFICATION WORKFLOW STARTED
2026-06-08 17:56:24 | NOTIFICATION WORKFLOW COMPLETED
2026-06-08 17:56:24 | STEP 5 COMPLETED - Notifications
2026-06-08 17:56:24 | STEP 6 STARTED - Save Report
2026-06-08 17:56:24 | STEP 6 COMPLETED - Save Report
2026-06-08 17:56:24 | WORKFLOW COMPLETED
2026-06-08 17:56:24 | SCHEDULED WORKFLOW EXECUTION COMPLETED
2026-06-08 18:01:24 | SCHEDULED WORKFLOW EXECUTION STARTED
2026-06-08 18:01:24 | WORKFLOW STARTED
2026-06-08 18:01:24 | STEP 0 STARTED - Environment Validation
2026-06-08 18:01:24 | STEP 0 COMPLETED - Environment Validation
2026-06-08 18:01:24 | STEP 1 STARTED - Monitoring Engine
2026-06-08 18:01:24 | MONITORING WORKFLOW STARTED
2026-06-08 18:01:24 | MONITORING WORKFLOW COMPLETED
2026-06-08 18:01:24 | STEP 1 COMPLETED - Monitoring Engine
2026-06-08 18:01:24 | STEP 2 STARTED - Collect Monitoring Results
2026-06-08 18:01:24 | STEP 2 COMPLETED - Collect Monitoring Results
2026-06-08 18:01:24 | STEP 3 STARTED - AI Analysis
2026-06-08 18:01:29 | STEP 3 COMPLETED - AI Analysis
2026-06-08 18:01:29 | STEP 4 STARTED - Report Generation
2026-06-08 18:01:29 | STEP 4 COMPLETED - Report Generation
2026-06-08 18:01:29 | REPORT FILE CREATED: reports/incident_report_20260608_180129.txt
2026-06-08 18:01:29 | STEP 5 STARTED - Notifications
2026-06-08 18:01:29 | NOTIFICATION WORKFLOW STARTED
2026-06-08 18:01:29 | NOTIFICATION WORKFLOW COMPLETED
2026-06-08 18:01:29 | STEP 5 COMPLETED - Notifications
2026-06-08 18:01:29 | STEP 6 STARTED - Save Report
2026-06-08 18:01:29 | STEP 6 COMPLETED - Save Report
2026-06-08 18:01:29 | WORKFLOW COMPLETED
2026-06-08 18:01:29 | SCHEDULED WORKFLOW EXECUTION COMPLETED
2026-06-08 18:06:29 | SCHEDULED WORKFLOW EXECUTION STARTED
2026-06-08 18:06:29 | WORKFLOW STARTED
2026-06-08 18:06:29 | STEP 0 STARTED - Environment Validation
2026-06-08 18:06:29 | STEP 0 COMPLETED - Environment Validation
2026-06-08 18:06:29 | STEP 1 STARTED - Monitoring Engine
2026-06-08 18:06:29 | MONITORING WORKFLOW STARTED
2026-06-08 18:06:29 | MONITORING WORKFLOW COMPLETED
2026-06-08 18:06:29 | STEP 1 COMPLETED - Monitoring Engine
2026-06-08 18:06:29 | STEP 2 STARTED - Collect Monitoring Results
2026-06-08 18:06:29 | STEP 2 COMPLETED - Collect Monitoring Results
2026-06-08 18:06:29 | STEP 3 STARTED - AI Analysis
2026-06-08 18:06:34 | STEP 3 COMPLETED - AI Analysis
2026-06-08 18:06:34 | STEP 4 STARTED - Report Generation
2026-06-08 18:06:34 | STEP 4 COMPLETED - Report Generation
2026-06-08 18:06:34 | REPORT FILE CREATED: reports/incident_report_20260608_180634.txt
2026-06-08 18:06:34 | STEP 5 STARTED - Notifications
2026-06-08 18:06:34 | NOTIFICATION WORKFLOW STARTED
2026-06-08 18:06:34 | NOTIFICATION WORKFLOW COMPLETED
2026-06-08 18:06:34 | STEP 5 COMPLETED - Notifications
2026-06-08 18:06:34 | STEP 6 STARTED - Save Report
2026-06-08 18:06:34 | STEP 6 COMPLETED - Save Report
2026-06-08 18:06:34 | WORKFLOW COMPLETED
2026-06-08 18:06:34 | SCHEDULED WORKFLOW EXECUTION COMPLETED
