2026-06-09 10:36:39 | SCHEDULED WORKFLOW EXECUTION STARTED
2026-06-09 10:36:39 | WORKFLOW STARTED
2026-06-09 10:36:39 | STEP 0 STARTED - Environment Validation
2026-06-09 10:36:39 | STEP 0 COMPLETED - Environment Validation
2026-06-09 10:36:39 | STEP 1 STARTED - Monitoring Engine
2026-06-09 10:36:39 | MONITORING WORKFLOW STARTED
2026-06-09 10:36:39 | MONITORING WORKFLOW COMPLETED
2026-06-09 10:36:39 | STEP 1 COMPLETED - Monitoring Engine
2026-06-09 10:36:39 | STEP 2 STARTED - Collect Monitoring Results
2026-06-09 10:36:39 | STEP 2 COMPLETED - Collect Monitoring Results
2026-06-09 10:36:39 | STEP 3 STARTED - AI Analysis
2026-06-09 10:36:45 | STEP 3 COMPLETED - AI Analysis
2026-06-09 10:36:45 | STEP 4 STARTED - Report Generation
2026-06-09 10:36:45 | STEP 4 COMPLETED - Report Generation
2026-06-09 10:36:45 | REPORT FILE CREATED: reports/incident_report_20260609_103645.txt
2026-06-09 10:36:45 | STEP 5 STARTED - Notifications
2026-06-09 10:36:45 | NOTIFICATION WORKFLOW STARTED
2026-06-09 10:36:45 | NOTIFICATION WORKFLOW COMPLETED
2026-06-09 10:36:45 | STEP 5 COMPLETED - Notifications
2026-06-09 10:36:45 | STEP 6 STARTED - Save Report
2026-06-09 10:36:45 | STEP 6 COMPLETED - Save Report
2026-06-09 10:36:45 | WORKFLOW COMPLETED
2026-06-09 10:36:45 | SCHEDULED WORKFLOW EXECUTION COMPLETED
2026-06-09 10:41:45 | SCHEDULED WORKFLOW EXECUTION STARTED
2026-06-09 10:41:45 | WORKFLOW STARTED
2026-06-09 10:41:45 | STEP 0 STARTED - Environment Validation
2026-06-09 10:41:45 | STEP 0 COMPLETED - Environment Validation
2026-06-09 10:41:45 | STEP 1 STARTED - Monitoring Engine
2026-06-09 10:41:45 | MONITORING WORKFLOW STARTED
2026-06-09 10:41:45 | MONITORING WORKFLOW COMPLETED
2026-06-09 10:41:45 | STEP 1 COMPLETED - Monitoring Engine
2026-06-09 10:41:46 | STEP 2 STARTED - Collect Monitoring Results
2026-06-09 10:41:46 | STEP 2 COMPLETED - Collect Monitoring Results
2026-06-09 10:41:46 | STEP 3 STARTED - AI Analysis
2026-06-09 10:41:49 | STEP 3 COMPLETED - AI Analysis
2026-06-09 10:41:49 | STEP 4 STARTED - Report Generation
2026-06-09 10:41:49 | STEP 4 COMPLETED - Report Generation
2026-06-09 10:41:49 | REPORT FILE CREATED: reports/incident_report_20260609_104149.txt
2026-06-09 10:41:49 | STEP 5 STARTED - Notifications
2026-06-09 10:41:49 | NOTIFICATION WORKFLOW STARTED
2026-06-09 10:41:49 | NOTIFICATION WORKFLOW COMPLETED
2026-06-09 10:41:49 | STEP 5 COMPLETED - Notifications
2026-06-09 10:41:49 | STEP 6 STARTED - Save Report
2026-06-09 10:41:49 | STEP 6 COMPLETED - Save Report
2026-06-09 10:41:49 | WORKFLOW COMPLETED
2026-06-09 10:41:49 | SCHEDULED WORKFLOW EXECUTION COMPLETED
2026-06-09 10:46:49 | SCHEDULED WORKFLOW EXECUTION STARTED
2026-06-09 10:46:49 | WORKFLOW STARTED
2026-06-09 10:46:49 | STEP 0 STARTED - Environment Validation
2026-06-09 10:46:49 | STEP 0 COMPLETED - Environment Validation
2026-06-09 10:46:49 | STEP 1 STARTED - Monitoring Engine
2026-06-09 10:46:49 | MONITORING WORKFLOW STARTED
2026-06-09 10:46:49 | MONITORING WORKFLOW COMPLETED
2026-06-09 10:46:49 | STEP 1 COMPLETED - Monitoring Engine
2026-06-09 10:46:49 | STEP 2 STARTED - Collect Monitoring Results
2026-06-09 10:46:49 | STEP 2 COMPLETED - Collect Monitoring Results
2026-06-09 10:46:49 | STEP 3 STARTED - AI Analysis
2026-06-09 10:46:54 | STEP 3 COMPLETED - AI Analysis
2026-06-09 10:46:54 | STEP 4 STARTED - Report Generation
2026-06-09 10:46:54 | STEP 4 COMPLETED - Report Generation
2026-06-09 10:46:54 | REPORT FILE CREATED: reports/incident_report_20260609_104654.txt
2026-06-09 10:46:54 | STEP 5 STARTED - Notifications
2026-06-09 10:46:54 | NOTIFICATION WORKFLOW STARTED
2026-06-09 10:46:54 | NOTIFICATION WORKFLOW COMPLETED
2026-06-09 10:46:54 | STEP 5 COMPLETED - Notifications
2026-06-09 10:46:54 | STEP 6 STARTED - Save Report
2026-06-09 10:46:54 | STEP 6 COMPLETED - Save Report
2026-06-09 10:46:54 | WORKFLOW COMPLETED
2026-06-09 10:46:54 | SCHEDULED WORKFLOW EXECUTION COMPLETED
2026-06-09 10:51:54 | SCHEDULED WORKFLOW EXECUTION STARTED
2026-06-09 10:51:54 | WORKFLOW STARTED
2026-06-09 10:51:54 | STEP 0 STARTED - Environment Validation
2026-06-09 10:51:54 | STEP 0 COMPLETED - Environment Validation
2026-06-09 10:51:54 | STEP 1 STARTED - Monitoring Engine
2026-06-09 10:51:54 | MONITORING WORKFLOW STARTED
2026-06-09 10:51:54 | MONITORING WORKFLOW COMPLETED
2026-06-09 10:51:54 | STEP 1 COMPLETED - Monitoring Engine
2026-06-09 10:51:54 | STEP 2 STARTED - Collect Monitoring Results
2026-06-09 10:51:54 | STEP 2 COMPLETED - Collect Monitoring Results
2026-06-09 10:51:54 | STEP 3 STARTED - AI Analysis
2026-06-09 10:52:00 | STEP 3 COMPLETED - AI Analysis
2026-06-09 10:52:00 | STEP 4 STARTED - Report Generation
2026-06-09 10:52:00 | STEP 4 COMPLETED - Report Generation
2026-06-09 10:52:00 | REPORT FILE CREATED: reports/incident_report_20260609_105200.txt
2026-06-09 10:52:00 | STEP 5 STARTED - Notifications
2026-06-09 10:52:00 | NOTIFICATION WORKFLOW STARTED
2026-06-09 10:52:00 | NOTIFICATION WORKFLOW COMPLETED
2026-06-09 10:52:00 | STEP 5 COMPLETED - Notifications
2026-06-09 10:52:00 | STEP 6 STARTED - Save Report
2026-06-09 10:52:00 | STEP 6 COMPLETED - Save Report
2026-06-09 10:52:00 | WORKFLOW COMPLETED
2026-06-09 10:52:00 | SCHEDULED WORKFLOW EXECUTION COMPLETED
2026-06-09 10:57:00 | SCHEDULED WORKFLOW EXECUTION STARTED
2026-06-09 10:57:00 | WORKFLOW STARTED
2026-06-09 10:57:00 | STEP 0 STARTED - Environment Validation
2026-06-09 10:57:00 | STEP 0 COMPLETED - Environment Validation
2026-06-09 10:57:00 | STEP 1 STARTED - Monitoring Engine
2026-06-09 10:57:00 | MONITORING WORKFLOW STARTED
2026-06-09 10:57:00 | MONITORING WORKFLOW COMPLETED
2026-06-09 10:57:00 | STEP 1 COMPLETED - Monitoring Engine
2026-06-09 10:57:00 | STEP 2 STARTED - Collect Monitoring Results
2026-06-09 10:57:00 | STEP 2 COMPLETED - Collect Monitoring Results
2026-06-09 10:57:00 | STEP 3 STARTED - AI Analysis
2026-06-09 10:57:09 | STEP 3 COMPLETED - AI Analysis
2026-06-09 10:57:09 | STEP 4 STARTED - Report Generation
2026-06-09 10:57:09 | STEP 4 COMPLETED - Report Generation
2026-06-09 10:57:09 | REPORT FILE CREATED: reports/incident_report_20260609_105709.txt
2026-06-09 10:57:09 | STEP 5 STARTED - Notifications
2026-06-09 10:57:09 | NOTIFICATION WORKFLOW STARTED
2026-06-09 10:57:09 | NOTIFICATION WORKFLOW COMPLETED
2026-06-09 10:57:09 | STEP 5 COMPLETED - Notifications
2026-06-09 10:57:09 | STEP 6 STARTED - Save Report
2026-06-09 10:57:09 | STEP 6 COMPLETED - Save Report
2026-06-09 10:57:09 | WORKFLOW COMPLETED
2026-06-09 10:57:09 | SCHEDULED WORKFLOW EXECUTION COMPLETED
2026-06-09 11:02:09 | SCHEDULED WORKFLOW EXECUTION STARTED
2026-06-09 11:02:09 | WORKFLOW STARTED
2026-06-09 11:02:09 | STEP 0 STARTED - Environment Validation
2026-06-09 11:02:09 | STEP 0 COMPLETED - Environment Validation
2026-06-09 11:02:09 | STEP 1 STARTED - Monitoring Engine
2026-06-09 11:02:09 | MONITORING WORKFLOW STARTED
2026-06-09 11:02:09 | MONITORING WORKFLOW COMPLETED
2026-06-09 11:02:09 | STEP 1 COMPLETED - Monitoring Engine
2026-06-09 11:02:09 | STEP 2 STARTED - Collect Monitoring Results
2026-06-09 11:02:09 | STEP 2 COMPLETED - Collect Monitoring Results
2026-06-09 11:02:09 | STEP 3 STARTED - AI Analysis
2026-06-09 11:02:13 | STEP 3 COMPLETED - AI Analysis
2026-06-09 11:02:13 | STEP 4 STARTED - Report Generation
2026-06-09 11:02:13 | STEP 4 COMPLETED - Report Generation
2026-06-09 11:02:13 | REPORT FILE CREATED: reports/incident_report_20260609_110213.txt
2026-06-09 11:02:13 | STEP 5 STARTED - Notifications
2026-06-09 11:02:13 | NOTIFICATION WORKFLOW STARTED
2026-06-09 11:02:13 | NOTIFICATION WORKFLOW COMPLETED
2026-06-09 11:02:13 | STEP 5 COMPLETED - Notifications
2026-06-09 11:02:13 | STEP 6 STARTED - Save Report
2026-06-09 11:02:13 | STEP 6 COMPLETED - Save Report
2026-06-09 11:02:13 | WORKFLOW COMPLETED
2026-06-09 11:02:13 | SCHEDULED WORKFLOW EXECUTION COMPLETED
2026-06-09 11:07:13 | SCHEDULED WORKFLOW EXECUTION STARTED
2026-06-09 11:07:13 | WORKFLOW STARTED
2026-06-09 11:07:13 | STEP 0 STARTED - Environment Validation
2026-06-09 11:07:13 | STEP 0 COMPLETED - Environment Validation
2026-06-09 11:07:13 | STEP 1 STARTED - Monitoring Engine
2026-06-09 11:07:13 | MONITORING WORKFLOW STARTED
2026-06-09 11:07:13 | MONITORING WORKFLOW COMPLETED
2026-06-09 11:07:13 | STEP 1 COMPLETED - Monitoring Engine
2026-06-09 11:07:13 | STEP 2 STARTED - Collect Monitoring Results
2026-06-09 11:07:13 | STEP 2 COMPLETED - Collect Monitoring Results
2026-06-09 11:07:13 | STEP 3 STARTED - AI Analysis
2026-06-09 11:07:17 | STEP 3 COMPLETED - AI Analysis
2026-06-09 11:07:17 | STEP 4 STARTED - Report Generation
2026-06-09 11:07:17 | STEP 4 COMPLETED - Report Generation
2026-06-09 11:07:17 | REPORT FILE CREATED: reports/incident_report_20260609_110717.txt
2026-06-09 11:07:17 | STEP 5 STARTED - Notifications
2026-06-09 11:07:17 | NOTIFICATION WORKFLOW STARTED
2026-06-09 11:07:17 | NOTIFICATION WORKFLOW COMPLETED
2026-06-09 11:07:17 | STEP 5 COMPLETED - Notifications
2026-06-09 11:07:17 | STEP 6 STARTED - Save Report
2026-06-09 11:07:17 | STEP 6 COMPLETED - Save Report
2026-06-09 11:07:17 | WORKFLOW COMPLETED
2026-06-09 11:07:17 | SCHEDULED WORKFLOW EXECUTION COMPLETED
2026-06-09 11:12:17 | SCHEDULED WORKFLOW EXECUTION STARTED
2026-06-09 11:12:17 | WORKFLOW STARTED
2026-06-09 11:12:17 | STEP 0 STARTED - Environment Validation
2026-06-09 11:12:17 | STEP 0 COMPLETED - Environment Validation
2026-06-09 11:12:17 | STEP 1 STARTED - Monitoring Engine
2026-06-09 11:12:17 | MONITORING WORKFLOW STARTED
2026-06-09 11:12:17 | MONITORING WORKFLOW COMPLETED
2026-06-09 11:12:17 | STEP 1 COMPLETED - Monitoring Engine
2026-06-09 11:12:17 | STEP 2 STARTED - Collect Monitoring Results
2026-06-09 11:12:17 | STEP 2 COMPLETED - Collect Monitoring Results
2026-06-09 11:12:17 | STEP 3 STARTED - AI Analysis
2026-06-09 11:12:24 | STEP 3 COMPLETED - AI Analysis
2026-06-09 11:12:24 | STEP 4 STARTED - Report Generation
2026-06-09 11:12:24 | STEP 4 COMPLETED - Report Generation
2026-06-09 11:12:24 | REPORT FILE CREATED: reports/incident_report_20260609_111224.txt
2026-06-09 11:12:24 | STEP 5 STARTED - Notifications
2026-06-09 11:12:24 | NOTIFICATION WORKFLOW STARTED
2026-06-09 11:12:24 | NOTIFICATION WORKFLOW COMPLETED
2026-06-09 11:12:24 | STEP 5 COMPLETED - Notifications
2026-06-09 11:12:24 | STEP 6 STARTED - Save Report
2026-06-09 11:12:24 | STEP 6 COMPLETED - Save Report
2026-06-09 11:12:24 | WORKFLOW COMPLETED
2026-06-09 11:12:24 | SCHEDULED WORKFLOW EXECUTION COMPLETED
2026-06-09 11:17:24 | SCHEDULED WORKFLOW EXECUTION STARTED
2026-06-09 11:17:24 | WORKFLOW STARTED
2026-06-09 11:17:24 | STEP 0 STARTED - Environment Validation
2026-06-09 11:17:24 | STEP 0 COMPLETED - Environment Validation
2026-06-09 11:17:24 | STEP 1 STARTED - Monitoring Engine
2026-06-09 11:17:24 | MONITORING WORKFLOW STARTED
2026-06-09 11:17:24 | MONITORING WORKFLOW COMPLETED
2026-06-09 11:17:24 | STEP 1 COMPLETED - Monitoring Engine
2026-06-09 11:17:24 | STEP 2 STARTED - Collect Monitoring Results
2026-06-09 11:17:24 | STEP 2 COMPLETED - Collect Monitoring Results
2026-06-09 11:17:24 | STEP 3 STARTED - AI Analysis
2026-06-09 11:17:28 | STEP 3 COMPLETED - AI Analysis
2026-06-09 11:17:28 | STEP 4 STARTED - Report Generation
2026-06-09 11:17:28 | STEP 4 COMPLETED - Report Generation
2026-06-09 11:17:28 | REPORT FILE CREATED: reports/incident_report_20260609_111728.txt
2026-06-09 11:17:28 | STEP 5 STARTED - Notifications
2026-06-09 11:17:28 | NOTIFICATION WORKFLOW STARTED
2026-06-09 11:17:28 | NOTIFICATION WORKFLOW COMPLETED
2026-06-09 11:17:28 | STEP 5 COMPLETED - Notifications
2026-06-09 11:17:28 | STEP 6 STARTED - Save Report
2026-06-09 11:17:28 | STEP 6 COMPLETED - Save Report
2026-06-09 11:17:28 | WORKFLOW COMPLETED
2026-06-09 11:17:28 | SCHEDULED WORKFLOW EXECUTION COMPLETED
2026-06-09 11:22:28 | SCHEDULED WORKFLOW EXECUTION STARTED
2026-06-09 11:22:28 | WORKFLOW STARTED
2026-06-09 11:22:28 | STEP 0 STARTED - Environment Validation
2026-06-09 11:22:28 | STEP 0 COMPLETED - Environment Validation
2026-06-09 11:22:28 | STEP 1 STARTED - Monitoring Engine
2026-06-09 11:22:28 | MONITORING WORKFLOW STARTED
2026-06-09 11:22:29 | MONITORING WORKFLOW COMPLETED
2026-06-09 11:22:29 | STEP 1 COMPLETED - Monitoring Engine
2026-06-09 11:22:29 | STEP 2 STARTED - Collect Monitoring Results
2026-06-09 11:22:29 | STEP 2 COMPLETED - Collect Monitoring Results
2026-06-09 11:22:29 | STEP 3 STARTED - AI Analysis
2026-06-09 11:22:32 | STEP 3 COMPLETED - AI Analysis
2026-06-09 11:22:32 | STEP 4 STARTED - Report Generation
2026-06-09 11:22:32 | STEP 4 COMPLETED - Report Generation
2026-06-09 11:22:32 | REPORT FILE CREATED: reports/incident_report_20260609_112232.txt
2026-06-09 11:22:32 | STEP 5 STARTED - Notifications
2026-06-09 11:22:32 | NOTIFICATION WORKFLOW STARTED
2026-06-09 11:22:32 | NOTIFICATION WORKFLOW COMPLETED
2026-06-09 11:22:32 | STEP 5 COMPLETED - Notifications
2026-06-09 11:22:32 | STEP 6 STARTED - Save Report
2026-06-09 11:22:32 | STEP 6 COMPLETED - Save Report
2026-06-09 11:22:32 | WORKFLOW COMPLETED
2026-06-09 11:22:32 | SCHEDULED WORKFLOW EXECUTION COMPLETED
2026-06-09 11:27:09 | APPROVAL REQUEST 20260608162906 UPDATED TO APPROVED
2026-06-09 11:27:32 | SCHEDULED WORKFLOW EXECUTION STARTED
2026-06-09 11:27:32 | WORKFLOW STARTED
2026-06-09 11:27:32 | STEP 0 STARTED - Environment Validation
2026-06-09 11:27:32 | STEP 0 COMPLETED - Environment Validation
2026-06-09 11:27:32 | STEP 1 STARTED - Monitoring Engine
2026-06-09 11:27:32 | MONITORING WORKFLOW STARTED
2026-06-09 11:27:32 | MONITORING WORKFLOW COMPLETED
2026-06-09 11:27:32 | STEP 1 COMPLETED - Monitoring Engine
2026-06-09 11:27:32 | STEP 2 STARTED - Collect Monitoring Results
2026-06-09 11:27:32 | STEP 2 COMPLETED - Collect Monitoring Results
2026-06-09 11:27:32 | STEP 3 STARTED - AI Analysis
2026-06-09 11:27:39 | STEP 3 COMPLETED - AI Analysis
2026-06-09 11:27:39 | STEP 4 STARTED - Report Generation
2026-06-09 11:27:39 | STEP 4 COMPLETED - Report Generation
2026-06-09 11:27:39 | REPORT FILE CREATED: reports/incident_report_20260609_112739.txt
2026-06-09 11:27:39 | STEP 5 STARTED - Notifications
2026-06-09 11:27:39 | NOTIFICATION WORKFLOW STARTED
2026-06-09 11:27:39 | NOTIFICATION WORKFLOW COMPLETED
2026-06-09 11:27:39 | STEP 5 COMPLETED - Notifications
2026-06-09 11:27:39 | STEP 6 STARTED - Save Report
2026-06-09 11:27:39 | STEP 6 COMPLETED - Save Report
2026-06-09 11:27:39 | WORKFLOW COMPLETED
2026-06-09 11:27:39 | SCHEDULED WORKFLOW EXECUTION COMPLETED
2026-06-09 11:32:39 | SCHEDULED WORKFLOW EXECUTION STARTED
2026-06-09 11:32:39 | WORKFLOW STARTED
2026-06-09 11:32:39 | STEP 0 STARTED - Environment Validation
2026-06-09 11:32:39 | STEP 0 COMPLETED - Environment Validation
2026-06-09 11:32:39 | STEP 1 STARTED - Monitoring Engine
2026-06-09 11:32:39 | MONITORING WORKFLOW STARTED
2026-06-09 11:32:39 | MONITORING WORKFLOW COMPLETED
2026-06-09 11:32:39 | STEP 1 COMPLETED - Monitoring Engine
2026-06-09 11:32:39 | STEP 2 STARTED - Collect Monitoring Results
2026-06-09 11:32:39 | STEP 2 COMPLETED - Collect Monitoring Results
2026-06-09 11:32:39 | STEP 3 STARTED - AI Analysis
2026-06-09 11:32:41 | STEP 3 COMPLETED - AI Analysis
2026-06-09 11:32:41 | STEP 4 STARTED - Report Generation
2026-06-09 11:32:41 | STEP 4 COMPLETED - Report Generation
2026-06-09 11:32:41 | REPORT FILE CREATED: reports/incident_report_20260609_113241.txt
2026-06-09 11:32:41 | STEP 5 STARTED - Notifications
2026-06-09 11:32:41 | NOTIFICATION WORKFLOW STARTED
2026-06-09 11:32:41 | NOTIFICATION WORKFLOW COMPLETED
2026-06-09 11:32:41 | STEP 5 COMPLETED - Notifications
2026-06-09 11:32:41 | STEP 6 STARTED - Save Report
2026-06-09 11:32:41 | STEP 6 COMPLETED - Save Report
2026-06-09 11:32:41 | WORKFLOW COMPLETED
2026-06-09 11:32:41 | SCHEDULED WORKFLOW EXECUTION COMPLETED
2026-06-09 11:37:41 | SCHEDULED WORKFLOW EXECUTION STARTED
2026-06-09 11:37:41 | WORKFLOW STARTED
2026-06-09 11:37:41 | STEP 0 STARTED - Environment Validation
2026-06-09 11:37:41 | STEP 0 COMPLETED - Environment Validation
2026-06-09 11:37:41 | STEP 1 STARTED - Monitoring Engine
2026-06-09 11:37:41 | MONITORING WORKFLOW STARTED
2026-06-09 11:37:42 | MONITORING WORKFLOW COMPLETED
2026-06-09 11:37:42 | STEP 1 COMPLETED - Monitoring Engine
2026-06-09 11:37:42 | STEP 2 STARTED - Collect Monitoring Results
2026-06-09 11:37:42 | STEP 2 COMPLETED - Collect Monitoring Results
2026-06-09 11:37:42 | STEP 3 STARTED - AI Analysis
2026-06-09 11:37:45 | STEP 3 COMPLETED - AI Analysis
2026-06-09 11:37:45 | STEP 4 STARTED - Report Generation
2026-06-09 11:37:45 | STEP 4 COMPLETED - Report Generation
2026-06-09 11:37:45 | REPORT FILE CREATED: reports/incident_report_20260609_113745.txt
2026-06-09 11:37:45 | STEP 5 STARTED - Notifications
2026-06-09 11:37:45 | NOTIFICATION WORKFLOW STARTED
2026-06-09 11:37:45 | NOTIFICATION WORKFLOW COMPLETED
2026-06-09 11:37:45 | STEP 5 COMPLETED - Notifications
2026-06-09 11:37:45 | STEP 6 STARTED - Save Report
2026-06-09 11:37:45 | STEP 6 COMPLETED - Save Report
2026-06-09 11:37:45 | WORKFLOW COMPLETED
2026-06-09 11:37:45 | SCHEDULED WORKFLOW EXECUTION COMPLETED
2026-06-09 11:39:12 | WORKFLOW STARTED
2026-06-09 11:39:12 | STEP 0 STARTED - Environment Validation
2026-06-09 11:39:12 | STEP 0 COMPLETED - Environment Validation
2026-06-09 11:39:12 | STEP 1 STARTED - Monitoring Engine
2026-06-09 11:39:12 | MONITORING WORKFLOW STARTED
2026-06-09 11:39:12 | MONITORING WORKFLOW COMPLETED
2026-06-09 11:39:12 | STEP 1 COMPLETED - Monitoring Engine
2026-06-09 11:39:12 | STEP 2 STARTED - Collect Monitoring Results
2026-06-09 11:39:12 | STEP 2 COMPLETED - Collect Monitoring Results
2026-06-09 11:39:12 | STEP 3 STARTED - AI Analysis
2026-06-09 11:39:21 | STEP 3A STARTED - Agent Execution
2026-06-09 11:39:21 | [ERROR] WORKFLOW MANAGER: classify_risk() missing 1 required positional argument: 'ai_analysis'
2026-06-09 11:42:45 | SCHEDULED WORKFLOW EXECUTION STARTED
2026-06-09 11:42:45 | WORKFLOW STARTED
2026-06-09 11:42:45 | STEP 0 STARTED - Environment Validation
2026-06-09 11:42:45 | STEP 0 COMPLETED - Environment Validation
2026-06-09 11:42:45 | STEP 1 STARTED - Monitoring Engine
2026-06-09 11:42:45 | MONITORING WORKFLOW STARTED
2026-06-09 11:42:45 | MONITORING WORKFLOW COMPLETED
2026-06-09 11:42:45 | STEP 1 COMPLETED - Monitoring Engine
2026-06-09 11:42:45 | STEP 2 STARTED - Collect Monitoring Results
2026-06-09 11:42:45 | STEP 2 COMPLETED - Collect Monitoring Results
2026-06-09 11:42:45 | STEP 3 STARTED - AI Analysis
2026-06-09 11:42:49 | STEP 3 COMPLETED - AI Analysis
2026-06-09 11:42:49 | STEP 4 STARTED - Report Generation
2026-06-09 11:42:49 | STEP 4 COMPLETED - Report Generation
2026-06-09 11:42:49 | REPORT FILE CREATED: reports/incident_report_20260609_114249.txt
2026-06-09 11:42:49 | STEP 5 STARTED - Notifications
2026-06-09 11:42:49 | NOTIFICATION WORKFLOW STARTED
2026-06-09 11:42:49 | NOTIFICATION WORKFLOW COMPLETED
2026-06-09 11:42:49 | STEP 5 COMPLETED - Notifications
2026-06-09 11:42:49 | STEP 6 STARTED - Save Report
2026-06-09 11:42:49 | STEP 6 COMPLETED - Save Report
2026-06-09 11:42:49 | WORKFLOW COMPLETED
2026-06-09 11:42:49 | SCHEDULED WORKFLOW EXECUTION COMPLETED
2026-06-09 11:45:05 | WORKFLOW STARTED
2026-06-09 11:45:05 | STEP 0 STARTED - Environment Validation
2026-06-09 11:45:05 | STEP 0 COMPLETED - Environment Validation
2026-06-09 11:45:05 | STEP 1 STARTED - Monitoring Engine
2026-06-09 11:45:05 | MONITORING WORKFLOW STARTED
2026-06-09 11:45:05 | MONITORING WORKFLOW COMPLETED
2026-06-09 11:45:05 | STEP 1 COMPLETED - Monitoring Engine
2026-06-09 11:45:05 | STEP 2 STARTED - Collect Monitoring Results
2026-06-09 11:45:05 | STEP 2 COMPLETED - Collect Monitoring Results
2026-06-09 11:45:05 | STEP 3 STARTED - AI Analysis
2026-06-09 11:45:10 | STEP 3A STARTED - Agent Execution
2026-06-09 11:45:10 | AGENT RISK: LOW
2026-06-09 11:45:10 | AGENT RECOMMENDATION: System healthy. Continue monitoring.
2026-06-09 11:45:10 | STEP 3A COMPLETED - Agent Execution
2026-06-09 11:45:10 | STEP 3 COMPLETED - AI Analysis
2026-06-09 11:45:10 | STEP 4 STARTED - Governance Review
2026-06-09 11:45:10 | GOVERNANCE REVIEW SKIPPED - NO APPROVAL REQUIRED
2026-06-09 11:45:10 | STEP 4 COMPLETED - Governance Review
2026-06-09 11:45:10 | STEP 4A STARTED - Remediation Execution
2026-06-09 11:45:10 | REMEDIATION RESULT: {'status': 'NO_ACTION', 'action': 'No remediation available'}
2026-06-09 11:45:10 | STEP 4A COMPLETED - Remediation Execution
2026-06-09 11:45:10 | STEP 5 STARTED - Report Generation
2026-06-09 11:45:10 | STEP 5 COMPLETED - Report Generation
2026-06-09 11:45:10 | REPORT FILE CREATED: reports/incident_report_20260609_114510.txt
2026-06-09 11:45:10 | STEP 6 STARTED - Incident Repository
2026-06-09 11:45:10 | INCIDENT SAVED TO REPOSITORY
2026-06-09 11:45:10 | STEP 6 COMPLETED - Incident Repository
2026-06-09 11:45:10 | STEP 7 STARTED - Notifications
2026-06-09 11:45:10 | STEP 7 COMPLETED - Notifications
2026-06-09 11:45:10 | STEP 8 STARTED - Save Report
2026-06-09 11:45:10 | STEP 8 COMPLETED - Save Report
2026-06-09 11:45:10 | WORKFLOW COMPLETED
2026-06-09 11:47:49 | SCHEDULED WORKFLOW EXECUTION STARTED
2026-06-09 11:47:49 | WORKFLOW STARTED
2026-06-09 11:47:49 | STEP 0 STARTED - Environment Validation
2026-06-09 11:47:49 | STEP 0 COMPLETED - Environment Validation
2026-06-09 11:47:49 | STEP 1 STARTED - Monitoring Engine
2026-06-09 11:47:49 | MONITORING WORKFLOW STARTED
2026-06-09 11:47:49 | MONITORING WORKFLOW COMPLETED
2026-06-09 11:47:49 | STEP 1 COMPLETED - Monitoring Engine
2026-06-09 11:47:49 | STEP 2 STARTED - Collect Monitoring Results
2026-06-09 11:47:49 | STEP 2 COMPLETED - Collect Monitoring Results
2026-06-09 11:47:49 | STEP 3 STARTED - AI Analysis
2026-06-09 11:47:59 | STEP 3 COMPLETED - AI Analysis
2026-06-09 11:47:59 | STEP 4 STARTED - Report Generation
2026-06-09 11:47:59 | STEP 4 COMPLETED - Report Generation
2026-06-09 11:47:59 | REPORT FILE CREATED: reports/incident_report_20260609_114759.txt
2026-06-09 11:47:59 | STEP 5 STARTED - Notifications
2026-06-09 11:47:59 | NOTIFICATION WORKFLOW STARTED
2026-06-09 11:47:59 | NOTIFICATION WORKFLOW COMPLETED
2026-06-09 11:47:59 | STEP 5 COMPLETED - Notifications
2026-06-09 11:47:59 | STEP 6 STARTED - Save Report
2026-06-09 11:47:59 | STEP 6 COMPLETED - Save Report
2026-06-09 11:47:59 | WORKFLOW COMPLETED
2026-06-09 11:47:59 | SCHEDULED WORKFLOW EXECUTION COMPLETED
2026-06-09 11:49:59 | WORKFLOW STARTED
2026-06-09 11:49:59 | STEP 0 STARTED - Environment Validation
2026-06-09 11:49:59 | STEP 0 COMPLETED - Environment Validation
2026-06-09 11:49:59 | STEP 1 STARTED - Monitoring Engine
2026-06-09 11:49:59 | MONITORING WORKFLOW STARTED
2026-06-09 11:49:59 | MONITORING WORKFLOW COMPLETED
2026-06-09 11:49:59 | STEP 1 COMPLETED - Monitoring Engine
2026-06-09 11:49:59 | STEP 2 STARTED - Collect Monitoring Results
2026-06-09 11:49:59 | STEP 2 COMPLETED - Collect Monitoring Results
2026-06-09 11:49:59 | STEP 3 STARTED - AI Analysis
2026-06-09 11:50:07 | STEP 3A STARTED - Agent Execution
2026-06-09 11:50:07 | AGENT RISK: LOW
2026-06-09 11:50:07 | AGENT RECOMMENDATION: System healthy. Continue monitoring.
2026-06-09 11:50:07 | STEP 3A COMPLETED - Agent Execution
2026-06-09 11:50:07 | STEP 3 COMPLETED - AI Analysis
2026-06-09 11:50:07 | STEP 4 STARTED - Governance Review
2026-06-09 11:50:07 | GOVERNANCE REVIEW SKIPPED - NO APPROVAL REQUIRED
2026-06-09 11:50:07 | STEP 4 COMPLETED - Governance Review
2026-06-09 11:50:07 | STEP 4A STARTED - Remediation Execution
2026-06-09 11:50:07 | REMEDIATION RESULT: {'status': 'SKIPPED', 'reason': 'System Healthy'}
2026-06-09 11:50:07 | STEP 4A COMPLETED - Remediation Execution
2026-06-09 11:50:07 | STEP 5 STARTED - Report Generation
2026-06-09 11:50:07 | STEP 5 COMPLETED - Report Generation
2026-06-09 11:50:07 | REPORT FILE CREATED: reports/incident_report_20260609_115007.txt
2026-06-09 11:50:07 | STEP 6 STARTED - Incident Repository
2026-06-09 11:50:07 | INCIDENT SAVED TO REPOSITORY
2026-06-09 11:50:07 | STEP 6 COMPLETED - Incident Repository
2026-06-09 11:50:07 | STEP 7 STARTED - Notifications
2026-06-09 11:50:07 | STEP 7 COMPLETED - Notifications
2026-06-09 11:50:07 | STEP 8 STARTED - Save Report
2026-06-09 11:50:07 | STEP 8 COMPLETED - Save Report
2026-06-09 11:50:07 | WORKFLOW COMPLETED
2026-06-09 11:52:59 | SCHEDULED WORKFLOW EXECUTION STARTED
2026-06-09 11:52:59 | WORKFLOW STARTED
2026-06-09 11:52:59 | STEP 0 STARTED - Environment Validation
2026-06-09 11:52:59 | STEP 0 COMPLETED - Environment Validation
2026-06-09 11:52:59 | STEP 1 STARTED - Monitoring Engine
2026-06-09 11:52:59 | MONITORING WORKFLOW STARTED
2026-06-09 11:52:59 | MONITORING WORKFLOW COMPLETED
2026-06-09 11:52:59 | STEP 1 COMPLETED - Monitoring Engine
2026-06-09 11:52:59 | STEP 2 STARTED - Collect Monitoring Results
2026-06-09 11:52:59 | STEP 2 COMPLETED - Collect Monitoring Results
2026-06-09 11:52:59 | STEP 3 STARTED - AI Analysis
2026-06-09 11:53:04 | STEP 3 COMPLETED - AI Analysis
2026-06-09 11:53:04 | STEP 4 STARTED - Report Generation
2026-06-09 11:53:04 | STEP 4 COMPLETED - Report Generation
2026-06-09 11:53:04 | REPORT FILE CREATED: reports/incident_report_20260609_115304.txt
2026-06-09 11:53:04 | STEP 5 STARTED - Notifications
2026-06-09 11:53:04 | NOTIFICATION WORKFLOW STARTED
2026-06-09 11:53:04 | NOTIFICATION WORKFLOW COMPLETED
2026-06-09 11:53:04 | STEP 5 COMPLETED - Notifications
2026-06-09 11:53:04 | STEP 6 STARTED - Save Report
2026-06-09 11:53:04 | STEP 6 COMPLETED - Save Report
2026-06-09 11:53:04 | WORKFLOW COMPLETED
2026-06-09 11:53:04 | SCHEDULED WORKFLOW EXECUTION COMPLETED
2026-06-09 11:58:04 | SCHEDULED WORKFLOW EXECUTION STARTED
2026-06-09 11:58:04 | WORKFLOW STARTED
2026-06-09 11:58:04 | STEP 0 STARTED - Environment Validation
2026-06-09 11:58:04 | STEP 0 COMPLETED - Environment Validation
2026-06-09 11:58:04 | STEP 1 STARTED - Monitoring Engine
2026-06-09 11:58:04 | MONITORING WORKFLOW STARTED
2026-06-09 11:58:04 | MONITORING WORKFLOW COMPLETED
2026-06-09 11:58:04 | STEP 1 COMPLETED - Monitoring Engine
2026-06-09 11:58:04 | STEP 2 STARTED - Collect Monitoring Results
2026-06-09 11:58:04 | STEP 2 COMPLETED - Collect Monitoring Results
2026-06-09 11:58:04 | STEP 3 STARTED - AI Analysis
2026-06-09 11:58:08 | STEP 3 COMPLETED - AI Analysis
2026-06-09 11:58:08 | STEP 4 STARTED - Report Generation
2026-06-09 11:58:08 | STEP 4 COMPLETED - Report Generation
2026-06-09 11:58:08 | REPORT FILE CREATED: reports/incident_report_20260609_115808.txt
2026-06-09 11:58:08 | STEP 5 STARTED - Notifications
2026-06-09 11:58:08 | NOTIFICATION WORKFLOW STARTED
2026-06-09 11:58:08 | NOTIFICATION WORKFLOW COMPLETED
2026-06-09 11:58:08 | STEP 5 COMPLETED - Notifications
2026-06-09 11:58:08 | STEP 6 STARTED - Save Report
2026-06-09 11:58:08 | STEP 6 COMPLETED - Save Report
2026-06-09 11:58:08 | WORKFLOW COMPLETED
2026-06-09 11:58:08 | SCHEDULED WORKFLOW EXECUTION COMPLETED
2026-06-09 12:03:08 | SCHEDULED WORKFLOW EXECUTION STARTED
2026-06-09 12:03:08 | WORKFLOW STARTED
2026-06-09 12:03:08 | STEP 0 STARTED - Environment Validation
2026-06-09 12:03:08 | STEP 0 COMPLETED - Environment Validation
2026-06-09 12:03:08 | STEP 1 STARTED - Monitoring Engine
2026-06-09 12:03:08 | MONITORING WORKFLOW STARTED
2026-06-09 12:03:08 | MONITORING WORKFLOW COMPLETED
2026-06-09 12:03:08 | STEP 1 COMPLETED - Monitoring Engine
2026-06-09 12:03:08 | STEP 2 STARTED - Collect Monitoring Results
2026-06-09 12:03:08 | STEP 2 COMPLETED - Collect Monitoring Results
2026-06-09 12:03:08 | STEP 3 STARTED - AI Analysis
2026-06-09 12:03:11 | STEP 3 COMPLETED - AI Analysis
2026-06-09 12:03:11 | STEP 4 STARTED - Report Generation
2026-06-09 12:03:11 | STEP 4 COMPLETED - Report Generation
2026-06-09 12:03:11 | REPORT FILE CREATED: reports/incident_report_20260609_120311.txt
2026-06-09 12:03:11 | STEP 5 STARTED - Notifications
2026-06-09 12:03:11 | NOTIFICATION WORKFLOW STARTED
2026-06-09 12:03:11 | NOTIFICATION WORKFLOW COMPLETED
2026-06-09 12:03:11 | STEP 5 COMPLETED - Notifications
2026-06-09 12:03:11 | STEP 6 STARTED - Save Report
2026-06-09 12:03:11 | STEP 6 COMPLETED - Save Report
2026-06-09 12:03:11 | WORKFLOW COMPLETED
2026-06-09 12:03:11 | SCHEDULED WORKFLOW EXECUTION COMPLETED
2026-06-09 12:08:11 | SCHEDULED WORKFLOW EXECUTION STARTED
2026-06-09 12:08:11 | WORKFLOW STARTED
2026-06-09 12:08:11 | STEP 0 STARTED - Environment Validation
2026-06-09 12:08:11 | STEP 0 COMPLETED - Environment Validation
2026-06-09 12:08:11 | STEP 1 STARTED - Monitoring Engine
2026-06-09 12:08:11 | MONITORING WORKFLOW STARTED
2026-06-09 12:08:11 | MONITORING WORKFLOW COMPLETED
2026-06-09 12:08:11 | STEP 1 COMPLETED - Monitoring Engine
2026-06-09 12:08:11 | STEP 2 STARTED - Collect Monitoring Results
2026-06-09 12:08:11 | STEP 2 COMPLETED - Collect Monitoring Results
2026-06-09 12:08:11 | STEP 3 STARTED - AI Analysis
2026-06-09 12:08:18 | STEP 3 COMPLETED - AI Analysis
2026-06-09 12:08:18 | STEP 4 STARTED - Report Generation
2026-06-09 12:08:18 | STEP 4 COMPLETED - Report Generation
2026-06-09 12:08:18 | REPORT FILE CREATED: reports/incident_report_20260609_120818.txt
2026-06-09 12:08:18 | STEP 5 STARTED - Notifications
2026-06-09 12:08:18 | NOTIFICATION WORKFLOW STARTED
2026-06-09 12:08:18 | NOTIFICATION WORKFLOW COMPLETED
2026-06-09 12:08:18 | STEP 5 COMPLETED - Notifications
2026-06-09 12:08:18 | STEP 6 STARTED - Save Report
2026-06-09 12:08:18 | STEP 6 COMPLETED - Save Report
2026-06-09 12:08:18 | WORKFLOW COMPLETED
2026-06-09 12:08:18 | SCHEDULED WORKFLOW EXECUTION COMPLETED
2026-06-09 12:13:18 | SCHEDULED WORKFLOW EXECUTION STARTED
2026-06-09 12:13:18 | WORKFLOW STARTED
2026-06-09 12:13:18 | STEP 0 STARTED - Environment Validation
2026-06-09 12:13:18 | STEP 0 COMPLETED - Environment Validation
2026-06-09 12:13:18 | STEP 1 STARTED - Monitoring Engine
2026-06-09 12:13:18 | MONITORING WORKFLOW STARTED
2026-06-09 12:13:18 | MONITORING WORKFLOW COMPLETED
2026-06-09 12:13:18 | STEP 1 COMPLETED - Monitoring Engine
2026-06-09 12:13:18 | STEP 2 STARTED - Collect Monitoring Results
2026-06-09 12:13:18 | STEP 2 COMPLETED - Collect Monitoring Results
2026-06-09 12:13:18 | STEP 3 STARTED - AI Analysis
2026-06-09 12:13:27 | STEP 3 COMPLETED - AI Analysis
2026-06-09 12:13:27 | STEP 4 STARTED - Report Generation
2026-06-09 12:13:27 | STEP 4 COMPLETED - Report Generation
2026-06-09 12:13:27 | REPORT FILE CREATED: reports/incident_report_20260609_121327.txt
2026-06-09 12:13:27 | STEP 5 STARTED - Notifications
2026-06-09 12:13:27 | NOTIFICATION WORKFLOW STARTED
2026-06-09 12:13:27 | NOTIFICATION WORKFLOW COMPLETED
2026-06-09 12:13:27 | STEP 5 COMPLETED - Notifications
2026-06-09 12:13:27 | STEP 6 STARTED - Save Report
2026-06-09 12:13:27 | STEP 6 COMPLETED - Save Report
2026-06-09 12:13:27 | WORKFLOW COMPLETED
2026-06-09 12:13:27 | SCHEDULED WORKFLOW EXECUTION COMPLETED
2026-06-09 12:14:21 | WORKFLOW STARTED
2026-06-09 12:14:21 | STEP 0 STARTED - Environment Validation
2026-06-09 12:14:21 | STEP 0 COMPLETED - Environment Validation
2026-06-09 12:14:21 | STEP 1 STARTED - Monitoring Engine
2026-06-09 12:14:21 | MONITORING WORKFLOW STARTED
2026-06-09 12:14:21 | MONITORING WORKFLOW COMPLETED
2026-06-09 12:14:21 | STEP 1 COMPLETED - Monitoring Engine
2026-06-09 12:14:21 | STEP 2 STARTED - Collect Monitoring Results
2026-06-09 12:14:21 | STEP 2 COMPLETED - Collect Monitoring Results
2026-06-09 12:14:21 | STEP 3 STARTED - AI Analysis
2026-06-09 12:14:29 | STEP 3A STARTED - Agent Execution
2026-06-09 12:14:29 | AGENT RISK: LOW
2026-06-09 12:14:29 | AGENT RECOMMENDATION: System healthy. Continue monitoring.
2026-06-09 12:14:29 | STEP 3A COMPLETED - Agent Execution
2026-06-09 12:14:29 | STEP 3 COMPLETED - AI Analysis
2026-06-09 12:14:29 | STEP 3B STARTED - SQL Action Generation
2026-06-09 12:14:29 | SQL ACTION: NO_ACTION
2026-06-09 12:14:29 | STEP 3B COMPLETED - SQL Action Generation
2026-06-09 12:14:29 | STEP 4 STARTED - Governance Review
2026-06-09 12:14:29 | GOVERNANCE REVIEW SKIPPED - NO APPROVAL REQUIRED
2026-06-09 12:14:29 | STEP 4 COMPLETED - Governance Review
2026-06-09 12:14:29 | STEP 4A STARTED - Remediation Execution
2026-06-09 12:14:29 | REMEDIATION RESULT: {'status': 'SKIPPED', 'reason': 'System Healthy'}
2026-06-09 12:14:29 | STEP 4A COMPLETED - Remediation Execution
2026-06-09 12:14:29 | STEP 5 STARTED - Report Generation
2026-06-09 12:14:29 | STEP 5 COMPLETED - Report Generation
2026-06-09 12:14:29 | REPORT FILE CREATED: reports/incident_report_20260609_121429.txt
2026-06-09 12:14:29 | STEP 6 STARTED - Incident Repository
2026-06-09 12:14:29 | INCIDENT SAVED TO REPOSITORY
2026-06-09 12:14:29 | STEP 6 COMPLETED - Incident Repository
2026-06-09 12:14:29 | STEP 7 STARTED - Notifications
2026-06-09 12:14:29 | STEP 7 COMPLETED - Notifications
2026-06-09 12:14:29 | STEP 8 STARTED - Save Report
2026-06-09 12:14:29 | STEP 8 COMPLETED - Save Report
2026-06-09 12:14:29 | WORKFLOW COMPLETED
2026-06-09 12:18:27 | SCHEDULED WORKFLOW EXECUTION STARTED
2026-06-09 12:18:27 | WORKFLOW STARTED
2026-06-09 12:18:27 | STEP 0 STARTED - Environment Validation
2026-06-09 12:18:27 | STEP 0 COMPLETED - Environment Validation
2026-06-09 12:18:27 | STEP 1 STARTED - Monitoring Engine
2026-06-09 12:18:27 | MONITORING WORKFLOW STARTED
2026-06-09 12:18:27 | MONITORING WORKFLOW COMPLETED
2026-06-09 12:18:27 | STEP 1 COMPLETED - Monitoring Engine
2026-06-09 12:18:27 | STEP 2 STARTED - Collect Monitoring Results
2026-06-09 12:18:27 | STEP 2 COMPLETED - Collect Monitoring Results
2026-06-09 12:18:27 | STEP 3 STARTED - AI Analysis
2026-06-09 12:18:33 | STEP 3 COMPLETED - AI Analysis
2026-06-09 12:18:33 | STEP 4 STARTED - Report Generation
2026-06-09 12:18:33 | STEP 4 COMPLETED - Report Generation
2026-06-09 12:18:33 | REPORT FILE CREATED: reports/incident_report_20260609_121833.txt
2026-06-09 12:18:33 | STEP 5 STARTED - Notifications
2026-06-09 12:18:33 | NOTIFICATION WORKFLOW STARTED
2026-06-09 12:18:33 | NOTIFICATION WORKFLOW COMPLETED
2026-06-09 12:18:33 | STEP 5 COMPLETED - Notifications
2026-06-09 12:18:33 | STEP 6 STARTED - Save Report
2026-06-09 12:18:33 | STEP 6 COMPLETED - Save Report
2026-06-09 12:18:33 | WORKFLOW COMPLETED
2026-06-09 12:18:33 | SCHEDULED WORKFLOW EXECUTION COMPLETED
2026-06-09 12:23:33 | SCHEDULED WORKFLOW EXECUTION STARTED
2026-06-09 12:23:33 | WORKFLOW STARTED
2026-06-09 12:23:33 | STEP 0 STARTED - Environment Validation
2026-06-09 12:23:33 | STEP 0 COMPLETED - Environment Validation
2026-06-09 12:23:33 | STEP 1 STARTED - Monitoring Engine
2026-06-09 12:23:33 | MONITORING WORKFLOW STARTED
2026-06-09 12:23:33 | MONITORING WORKFLOW COMPLETED
2026-06-09 12:23:33 | STEP 1 COMPLETED - Monitoring Engine
2026-06-09 12:23:33 | STEP 2 STARTED - Collect Monitoring Results
2026-06-09 12:23:33 | STEP 2 COMPLETED - Collect Monitoring Results
2026-06-09 12:23:33 | STEP 3 STARTED - AI Analysis
2026-06-09 12:23:42 | STEP 3 COMPLETED - AI Analysis
2026-06-09 12:23:42 | STEP 4 STARTED - Report Generation
2026-06-09 12:23:42 | STEP 4 COMPLETED - Report Generation
2026-06-09 12:23:42 | REPORT FILE CREATED: reports/incident_report_20260609_122342.txt
2026-06-09 12:23:42 | STEP 5 STARTED - Notifications
2026-06-09 12:23:42 | NOTIFICATION WORKFLOW STARTED
2026-06-09 12:23:42 | NOTIFICATION WORKFLOW COMPLETED
2026-06-09 12:23:42 | STEP 5 COMPLETED - Notifications
2026-06-09 12:23:42 | STEP 6 STARTED - Save Report
2026-06-09 12:23:42 | STEP 6 COMPLETED - Save Report
2026-06-09 12:23:42 | WORKFLOW COMPLETED
2026-06-09 12:23:42 | SCHEDULED WORKFLOW EXECUTION COMPLETED
2026-06-09 12:28:42 | SCHEDULED WORKFLOW EXECUTION STARTED
2026-06-09 12:28:42 | WORKFLOW STARTED
2026-06-09 12:28:42 | STEP 0 STARTED - Environment Validation
2026-06-09 12:28:42 | STEP 0 COMPLETED - Environment Validation
2026-06-09 12:28:42 | STEP 1 STARTED - Monitoring Engine
2026-06-09 12:28:42 | MONITORING WORKFLOW STARTED
2026-06-09 12:28:42 | MONITORING WORKFLOW COMPLETED
2026-06-09 12:28:42 | STEP 1 COMPLETED - Monitoring Engine
2026-06-09 12:28:42 | STEP 2 STARTED - Collect Monitoring Results
2026-06-09 12:28:42 | STEP 2 COMPLETED - Collect Monitoring Results
2026-06-09 12:28:42 | STEP 3 STARTED - AI Analysis
2026-06-09 12:28:46 | STEP 3 COMPLETED - AI Analysis
2026-06-09 12:28:46 | STEP 4 STARTED - Report Generation
2026-06-09 12:28:46 | STEP 4 COMPLETED - Report Generation
2026-06-09 12:28:46 | REPORT FILE CREATED: reports/incident_report_20260609_122846.txt
2026-06-09 12:28:46 | STEP 5 STARTED - Notifications
2026-06-09 12:28:46 | NOTIFICATION WORKFLOW STARTED
2026-06-09 12:28:46 | NOTIFICATION WORKFLOW COMPLETED
2026-06-09 12:28:46 | STEP 5 COMPLETED - Notifications
2026-06-09 12:28:46 | STEP 6 STARTED - Save Report
2026-06-09 12:28:46 | STEP 6 COMPLETED - Save Report
2026-06-09 12:28:46 | WORKFLOW COMPLETED
2026-06-09 12:28:46 | SCHEDULED WORKFLOW EXECUTION COMPLETED
2026-06-09 12:33:46 | SCHEDULED WORKFLOW EXECUTION STARTED
2026-06-09 12:33:46 | WORKFLOW STARTED
2026-06-09 12:33:46 | STEP 0 STARTED - Environment Validation
2026-06-09 12:33:46 | STEP 0 COMPLETED - Environment Validation
2026-06-09 12:33:46 | STEP 1 STARTED - Monitoring Engine
2026-06-09 12:33:46 | MONITORING WORKFLOW STARTED
2026-06-09 12:33:46 | MONITORING WORKFLOW COMPLETED
2026-06-09 12:33:46 | STEP 1 COMPLETED - Monitoring Engine
2026-06-09 12:33:46 | STEP 2 STARTED - Collect Monitoring Results
2026-06-09 12:33:46 | STEP 2 COMPLETED - Collect Monitoring Results
2026-06-09 12:33:46 | STEP 3 STARTED - AI Analysis
2026-06-09 12:33:50 | STEP 3 COMPLETED - AI Analysis
2026-06-09 12:33:50 | STEP 4 STARTED - Report Generation
2026-06-09 12:33:50 | STEP 4 COMPLETED - Report Generation
2026-06-09 12:33:50 | REPORT FILE CREATED: reports/incident_report_20260609_123350.txt
2026-06-09 12:33:50 | STEP 5 STARTED - Notifications
2026-06-09 12:33:50 | NOTIFICATION WORKFLOW STARTED
2026-06-09 12:33:50 | NOTIFICATION WORKFLOW COMPLETED
2026-06-09 12:33:51 | STEP 5 COMPLETED - Notifications
2026-06-09 12:33:51 | STEP 6 STARTED - Save Report
2026-06-09 12:33:51 | STEP 6 COMPLETED - Save Report
2026-06-09 12:33:51 | WORKFLOW COMPLETED
2026-06-09 12:33:51 | SCHEDULED WORKFLOW EXECUTION COMPLETED
2026-06-09 12:38:51 | SCHEDULED WORKFLOW EXECUTION STARTED
2026-06-09 12:38:51 | WORKFLOW STARTED
2026-06-09 12:38:51 | STEP 0 STARTED - Environment Validation
2026-06-09 12:38:51 | STEP 0 COMPLETED - Environment Validation
2026-06-09 12:38:51 | STEP 1 STARTED - Monitoring Engine
2026-06-09 12:38:51 | MONITORING WORKFLOW STARTED
2026-06-09 12:38:51 | MONITORING WORKFLOW COMPLETED
2026-06-09 12:38:51 | STEP 1 COMPLETED - Monitoring Engine
2026-06-09 12:38:51 | STEP 2 STARTED - Collect Monitoring Results
2026-06-09 12:38:51 | STEP 2 COMPLETED - Collect Monitoring Results
2026-06-09 12:38:51 | STEP 3 STARTED - AI Analysis
2026-06-09 12:38:57 | STEP 3 COMPLETED - AI Analysis
2026-06-09 12:38:57 | STEP 4 STARTED - Report Generation
2026-06-09 12:38:57 | STEP 4 COMPLETED - Report Generation
2026-06-09 12:38:57 | REPORT FILE CREATED: reports/incident_report_20260609_123857.txt
2026-06-09 12:38:57 | STEP 5 STARTED - Notifications
2026-06-09 12:38:57 | NOTIFICATION WORKFLOW STARTED
2026-06-09 12:38:57 | NOTIFICATION WORKFLOW COMPLETED
2026-06-09 12:38:57 | STEP 5 COMPLETED - Notifications
2026-06-09 12:38:57 | STEP 6 STARTED - Save Report
2026-06-09 12:38:57 | STEP 6 COMPLETED - Save Report
2026-06-09 12:38:57 | WORKFLOW COMPLETED
2026-06-09 12:38:57 | SCHEDULED WORKFLOW EXECUTION COMPLETED
2026-06-09 12:43:00 | WORKFLOW STARTED
2026-06-09 12:43:00 | STEP 0 STARTED - Environment Validation
2026-06-09 12:43:00 | STEP 0 COMPLETED - Environment Validation
2026-06-09 12:43:00 | STEP 1 STARTED - Monitoring Engine
2026-06-09 12:43:00 | MONITORING WORKFLOW STARTED
2026-06-09 12:43:01 | MONITORING WORKFLOW COMPLETED
2026-06-09 12:43:01 | STEP 1 COMPLETED - Monitoring Engine
2026-06-09 12:43:01 | STEP 2 STARTED - Collect Monitoring Results
2026-06-09 12:43:01 | STEP 2 COMPLETED - Collect Monitoring Results
2026-06-09 12:43:01 | STEP 3 STARTED - AI Analysis
2026-06-09 12:43:08 | STEP 3A STARTED - Agent Execution
2026-06-09 12:43:08 | AGENT RISK: LOW
2026-06-09 12:43:08 | AGENT RECOMMENDATION: System healthy. Continue monitoring.
2026-06-09 12:43:08 | STEP 3A COMPLETED - Agent Execution
2026-06-09 12:43:08 | STEP 3 COMPLETED - AI Analysis
2026-06-09 12:43:08 | STEP 3B STARTED - SQL Action Generation
2026-06-09 12:43:08 | SQL ACTION: NO_ACTION
2026-06-09 12:43:08 | STEP 3B COMPLETED - SQL Action Generation
2026-06-09 12:43:08 | STEP 3C STARTED - SQL Validation
2026-06-09 12:43:08 | [ERROR] WORKFLOW MANAGER: 'NoneType' object has no attribute 'upper'
2026-06-09 12:43:57 | SCHEDULED WORKFLOW EXECUTION STARTED
2026-06-09 12:43:57 | WORKFLOW STARTED
2026-06-09 12:43:57 | STEP 0 STARTED - Environment Validation
2026-06-09 12:43:57 | STEP 0 COMPLETED - Environment Validation
2026-06-09 12:43:57 | STEP 1 STARTED - Monitoring Engine
2026-06-09 12:43:57 | MONITORING WORKFLOW STARTED
2026-06-09 12:43:57 | MONITORING WORKFLOW COMPLETED
2026-06-09 12:43:57 | STEP 1 COMPLETED - Monitoring Engine
2026-06-09 12:43:57 | STEP 2 STARTED - Collect Monitoring Results
2026-06-09 12:43:57 | STEP 2 COMPLETED - Collect Monitoring Results
2026-06-09 12:43:57 | STEP 3 STARTED - AI Analysis
2026-06-09 12:44:03 | STEP 3 COMPLETED - AI Analysis
2026-06-09 12:44:03 | STEP 4 STARTED - Report Generation
2026-06-09 12:44:03 | STEP 4 COMPLETED - Report Generation
2026-06-09 12:44:03 | REPORT FILE CREATED: reports/incident_report_20260609_124403.txt
2026-06-09 12:44:03 | STEP 5 STARTED - Notifications
2026-06-09 12:44:03 | NOTIFICATION WORKFLOW STARTED
2026-06-09 12:44:03 | NOTIFICATION WORKFLOW COMPLETED
2026-06-09 12:44:03 | STEP 5 COMPLETED - Notifications
2026-06-09 12:44:03 | STEP 6 STARTED - Save Report
2026-06-09 12:44:03 | STEP 6 COMPLETED - Save Report
2026-06-09 12:44:03 | WORKFLOW COMPLETED
2026-06-09 12:44:03 | SCHEDULED WORKFLOW EXECUTION COMPLETED
2026-06-09 12:49:03 | SCHEDULED WORKFLOW EXECUTION STARTED
2026-06-09 12:49:03 | WORKFLOW STARTED
2026-06-09 12:49:03 | STEP 0 STARTED - Environment Validation
2026-06-09 12:49:03 | STEP 0 COMPLETED - Environment Validation
2026-06-09 12:49:03 | STEP 1 STARTED - Monitoring Engine
2026-06-09 12:49:03 | MONITORING WORKFLOW STARTED
2026-06-09 12:49:03 | MONITORING WORKFLOW COMPLETED
2026-06-09 12:49:03 | STEP 1 COMPLETED - Monitoring Engine
2026-06-09 12:49:03 | STEP 2 STARTED - Collect Monitoring Results
2026-06-09 12:49:03 | STEP 2 COMPLETED - Collect Monitoring Results
2026-06-09 12:49:03 | STEP 3 STARTED - AI Analysis
2026-06-09 12:49:07 | STEP 3 COMPLETED - AI Analysis
2026-06-09 12:49:07 | STEP 4 STARTED - Report Generation
2026-06-09 12:49:07 | STEP 4 COMPLETED - Report Generation
2026-06-09 12:49:07 | REPORT FILE CREATED: reports/incident_report_20260609_124907.txt
2026-06-09 12:49:07 | STEP 5 STARTED - Notifications
2026-06-09 12:49:07 | NOTIFICATION WORKFLOW STARTED
2026-06-09 12:49:07 | NOTIFICATION WORKFLOW COMPLETED
2026-06-09 12:49:07 | STEP 5 COMPLETED - Notifications
2026-06-09 12:49:07 | STEP 6 STARTED - Save Report
2026-06-09 12:49:07 | STEP 6 COMPLETED - Save Report
2026-06-09 12:49:07 | WORKFLOW COMPLETED
2026-06-09 12:49:07 | SCHEDULED WORKFLOW EXECUTION COMPLETED
2026-06-09 12:54:07 | SCHEDULED WORKFLOW EXECUTION STARTED
2026-06-09 12:54:07 | WORKFLOW STARTED
2026-06-09 12:54:07 | STEP 0 STARTED - Environment Validation
2026-06-09 12:54:07 | STEP 0 COMPLETED - Environment Validation
2026-06-09 12:54:07 | STEP 1 STARTED - Monitoring Engine
2026-06-09 12:54:07 | MONITORING WORKFLOW STARTED
2026-06-09 12:54:07 | MONITORING WORKFLOW COMPLETED
2026-06-09 12:54:07 | STEP 1 COMPLETED - Monitoring Engine
2026-06-09 12:54:07 | STEP 2 STARTED - Collect Monitoring Results
2026-06-09 12:54:07 | STEP 2 COMPLETED - Collect Monitoring Results
2026-06-09 12:54:07 | STEP 3 STARTED - AI Analysis
2026-06-09 12:54:16 | STEP 3 COMPLETED - AI Analysis
2026-06-09 12:54:16 | STEP 4 STARTED - Report Generation
2026-06-09 12:54:16 | STEP 4 COMPLETED - Report Generation
2026-06-09 12:54:16 | REPORT FILE CREATED: reports/incident_report_20260609_125416.txt
2026-06-09 12:54:16 | STEP 5 STARTED - Notifications
2026-06-09 12:54:16 | NOTIFICATION WORKFLOW STARTED
2026-06-09 12:54:16 | NOTIFICATION WORKFLOW COMPLETED
2026-06-09 12:54:16 | STEP 5 COMPLETED - Notifications
2026-06-09 12:54:16 | STEP 6 STARTED - Save Report
2026-06-09 12:54:16 | STEP 6 COMPLETED - Save Report
2026-06-09 12:54:16 | WORKFLOW COMPLETED
2026-06-09 12:54:16 | SCHEDULED WORKFLOW EXECUTION COMPLETED
2026-06-09 12:58:16 | WORKFLOW STARTED
2026-06-09 12:58:16 | STEP 0 STARTED - Environment Validation
2026-06-09 12:58:16 | STEP 0 COMPLETED - Environment Validation
2026-06-09 12:58:16 | STEP 1 STARTED - Monitoring Engine
2026-06-09 12:58:16 | MONITORING WORKFLOW STARTED
2026-06-09 12:58:16 | MONITORING WORKFLOW COMPLETED
2026-06-09 12:58:16 | STEP 1 COMPLETED - Monitoring Engine
2026-06-09 12:58:16 | STEP 2 STARTED - Collect Monitoring Results
2026-06-09 12:58:16 | STEP 2 COMPLETED - Collect Monitoring Results
2026-06-09 12:58:16 | STEP 3 STARTED - AI Analysis
2026-06-09 12:58:24 | STEP 3A STARTED - Agent Execution
2026-06-09 12:58:24 | AGENT RISK: LOW
2026-06-09 12:58:24 | AGENT RECOMMENDATION: System healthy. Continue monitoring.
2026-06-09 12:58:24 | STEP 3A COMPLETED - Agent Execution
2026-06-09 12:58:24 | STEP 3 COMPLETED - AI Analysis
2026-06-09 12:58:24 | STEP 3B STARTED - SQL Action Generation
2026-06-09 12:58:24 | SQL ACTION: NO_ACTION
2026-06-09 12:58:24 | STEP 3B COMPLETED - SQL Action Generation
2026-06-09 12:58:24 | STEP 3C STARTED - SQL Validation
2026-06-09 12:58:24 | SQL VALIDATION: {'approved': False, 'reason': 'No SQL Action Required'}
2026-06-09 12:58:24 | STEP 3C COMPLETED - SQL Validation
2026-06-09 12:58:24 | STEP 4 STARTED - Governance Review
2026-06-09 12:58:24 | GOVERNANCE REVIEW SKIPPED - NO APPROVAL REQUIRED
2026-06-09 12:58:24 | STEP 4 COMPLETED - Governance Review
2026-06-09 12:58:24 | STEP 4B STARTED - SQL Execution
2026-06-09 12:58:24 | SQL EXECUTION: {'status': 'BLOCKED', 'reason': 'No SQL Action Required'}
2026-06-09 12:58:24 | STEP 4B COMPLETED - SQL Execution
2026-06-09 12:58:24 | STEP 4A STARTED - Remediation Execution
2026-06-09 12:58:24 | REMEDIATION RESULT: {'status': 'SKIPPED', 'reason': 'System Healthy'}
2026-06-09 12:58:24 | STEP 4A COMPLETED - Remediation Execution
2026-06-09 12:58:24 | STEP 5 STARTED - Report Generation
2026-06-09 12:58:24 | STEP 5 COMPLETED - Report Generation
2026-06-09 12:58:24 | REPORT FILE CREATED: reports/incident_report_20260609_125824.txt
2026-06-09 12:58:24 | STEP 6 STARTED - Incident Repository
2026-06-09 12:58:24 | INCIDENT SAVED TO REPOSITORY
2026-06-09 12:58:24 | STEP 6 COMPLETED - Incident Repository
2026-06-09 12:58:24 | STEP 7 STARTED - Notifications
2026-06-09 12:58:24 | STEP 7 COMPLETED - Notifications
2026-06-09 12:58:24 | STEP 8 STARTED - Save Report
2026-06-09 12:58:24 | STEP 8 COMPLETED - Save Report
2026-06-09 12:58:24 | WORKFLOW COMPLETED
2026-06-09 12:59:16 | SCHEDULED WORKFLOW EXECUTION STARTED
2026-06-09 12:59:16 | WORKFLOW STARTED
2026-06-09 12:59:16 | STEP 0 STARTED - Environment Validation
2026-06-09 12:59:16 | STEP 0 COMPLETED - Environment Validation
2026-06-09 12:59:16 | STEP 1 STARTED - Monitoring Engine
2026-06-09 12:59:16 | MONITORING WORKFLOW STARTED
2026-06-09 12:59:16 | MONITORING WORKFLOW COMPLETED
2026-06-09 12:59:16 | STEP 1 COMPLETED - Monitoring Engine
2026-06-09 12:59:16 | STEP 2 STARTED - Collect Monitoring Results
2026-06-09 12:59:16 | STEP 2 COMPLETED - Collect Monitoring Results
2026-06-09 12:59:16 | STEP 3 STARTED - AI Analysis
2026-06-09 12:59:20 | STEP 3 COMPLETED - AI Analysis
2026-06-09 12:59:20 | STEP 4 STARTED - Report Generation
2026-06-09 12:59:20 | STEP 4 COMPLETED - Report Generation
2026-06-09 12:59:20 | REPORT FILE CREATED: reports/incident_report_20260609_125920.txt
2026-06-09 12:59:20 | STEP 5 STARTED - Notifications
2026-06-09 12:59:20 | NOTIFICATION WORKFLOW STARTED
2026-06-09 12:59:20 | NOTIFICATION WORKFLOW COMPLETED
2026-06-09 12:59:20 | STEP 5 COMPLETED - Notifications
2026-06-09 12:59:20 | STEP 6 STARTED - Save Report
2026-06-09 12:59:20 | STEP 6 COMPLETED - Save Report
2026-06-09 12:59:20 | WORKFLOW COMPLETED
2026-06-09 12:59:20 | SCHEDULED WORKFLOW EXECUTION COMPLETED
2026-06-09 13:04:20 | SCHEDULED WORKFLOW EXECUTION STARTED
2026-06-09 13:04:20 | WORKFLOW STARTED
2026-06-09 13:04:20 | STEP 0 STARTED - Environment Validation
2026-06-09 13:04:20 | STEP 0 COMPLETED - Environment Validation
2026-06-09 13:04:20 | STEP 1 STARTED - Monitoring Engine
2026-06-09 13:04:20 | MONITORING WORKFLOW STARTED
2026-06-09 13:04:20 | MONITORING WORKFLOW COMPLETED
2026-06-09 13:04:20 | STEP 1 COMPLETED - Monitoring Engine
2026-06-09 13:04:20 | STEP 2 STARTED - Collect Monitoring Results
2026-06-09 13:04:20 | STEP 2 COMPLETED - Collect Monitoring Results
2026-06-09 13:04:20 | STEP 3 STARTED - AI Analysis
2026-06-09 13:04:25 | STEP 3 COMPLETED - AI Analysis
2026-06-09 13:04:25 | STEP 4 STARTED - Report Generation
2026-06-09 13:04:25 | STEP 4 COMPLETED - Report Generation
2026-06-09 13:04:25 | REPORT FILE CREATED: reports/incident_report_20260609_130425.txt
2026-06-09 13:04:25 | STEP 5 STARTED - Notifications
2026-06-09 13:04:25 | NOTIFICATION WORKFLOW STARTED
2026-06-09 13:04:25 | NOTIFICATION WORKFLOW COMPLETED
2026-06-09 13:04:25 | STEP 5 COMPLETED - Notifications
2026-06-09 13:04:25 | STEP 6 STARTED - Save Report
2026-06-09 13:04:25 | STEP 6 COMPLETED - Save Report
2026-06-09 13:04:25 | WORKFLOW COMPLETED
2026-06-09 13:04:25 | SCHEDULED WORKFLOW EXECUTION COMPLETED
2026-06-09 13:09:25 | SCHEDULED WORKFLOW EXECUTION STARTED
2026-06-09 13:09:25 | WORKFLOW STARTED
2026-06-09 13:09:25 | STEP 0 STARTED - Environment Validation
2026-06-09 13:09:25 | STEP 0 COMPLETED - Environment Validation
2026-06-09 13:09:25 | STEP 1 STARTED - Monitoring Engine
2026-06-09 13:09:25 | MONITORING WORKFLOW STARTED
2026-06-09 13:09:25 | MONITORING WORKFLOW COMPLETED
2026-06-09 13:09:25 | STEP 1 COMPLETED - Monitoring Engine
2026-06-09 13:09:25 | STEP 2 STARTED - Collect Monitoring Results
2026-06-09 13:09:25 | STEP 2 COMPLETED - Collect Monitoring Results
2026-06-09 13:09:25 | STEP 3 STARTED - AI Analysis
2026-06-09 13:09:30 | STEP 3 COMPLETED - AI Analysis
2026-06-09 13:09:30 | STEP 4 STARTED - Report Generation
2026-06-09 13:09:30 | STEP 4 COMPLETED - Report Generation
2026-06-09 13:09:30 | REPORT FILE CREATED: reports/incident_report_20260609_130930.txt
2026-06-09 13:09:30 | STEP 5 STARTED - Notifications
2026-06-09 13:09:30 | NOTIFICATION WORKFLOW STARTED
2026-06-09 13:09:30 | NOTIFICATION WORKFLOW COMPLETED
2026-06-09 13:09:30 | STEP 5 COMPLETED - Notifications
2026-06-09 13:09:30 | STEP 6 STARTED - Save Report
2026-06-09 13:09:30 | STEP 6 COMPLETED - Save Report
2026-06-09 13:09:30 | WORKFLOW COMPLETED
2026-06-09 13:09:30 | SCHEDULED WORKFLOW EXECUTION COMPLETED
2026-06-09 13:14:30 | SCHEDULED WORKFLOW EXECUTION STARTED
2026-06-09 13:14:30 | WORKFLOW STARTED
2026-06-09 13:14:30 | STEP 0 STARTED - Environment Validation
2026-06-09 13:14:30 | STEP 0 COMPLETED - Environment Validation
2026-06-09 13:14:30 | STEP 1 STARTED - Monitoring Engine
2026-06-09 13:14:30 | MONITORING WORKFLOW STARTED
2026-06-09 13:14:30 | MONITORING WORKFLOW COMPLETED
2026-06-09 13:14:30 | STEP 1 COMPLETED - Monitoring Engine
2026-06-09 13:14:30 | STEP 2 STARTED - Collect Monitoring Results
2026-06-09 13:14:30 | STEP 2 COMPLETED - Collect Monitoring Results
2026-06-09 13:14:30 | STEP 3 STARTED - AI Analysis
2026-06-09 13:14:36 | STEP 3 COMPLETED - AI Analysis
2026-06-09 13:14:36 | STEP 4 STARTED - Report Generation
2026-06-09 13:14:36 | STEP 4 COMPLETED - Report Generation
2026-06-09 13:14:36 | REPORT FILE CREATED: reports/incident_report_20260609_131436.txt
2026-06-09 13:14:36 | STEP 5 STARTED - Notifications
2026-06-09 13:14:36 | NOTIFICATION WORKFLOW STARTED
2026-06-09 13:14:36 | NOTIFICATION WORKFLOW COMPLETED
2026-06-09 13:14:36 | STEP 5 COMPLETED - Notifications
2026-06-09 13:14:36 | STEP 6 STARTED - Save Report
2026-06-09 13:14:36 | STEP 6 COMPLETED - Save Report
2026-06-09 13:14:36 | WORKFLOW COMPLETED
2026-06-09 13:14:36 | SCHEDULED WORKFLOW EXECUTION COMPLETED
2026-06-09 13:19:36 | SCHEDULED WORKFLOW EXECUTION STARTED
2026-06-09 13:19:36 | WORKFLOW STARTED
2026-06-09 13:19:36 | STEP 0 STARTED - Environment Validation
2026-06-09 13:19:36 | STEP 0 COMPLETED - Environment Validation
2026-06-09 13:19:36 | STEP 1 STARTED - Monitoring Engine
2026-06-09 13:19:36 | MONITORING WORKFLOW STARTED
2026-06-09 13:19:36 | MONITORING WORKFLOW COMPLETED
2026-06-09 13:19:36 | STEP 1 COMPLETED - Monitoring Engine
2026-06-09 13:19:36 | STEP 2 STARTED - Collect Monitoring Results
2026-06-09 13:19:36 | STEP 2 COMPLETED - Collect Monitoring Results
2026-06-09 13:19:36 | STEP 3 STARTED - AI Analysis
2026-06-09 13:19:42 | STEP 3 COMPLETED - AI Analysis
2026-06-09 13:19:42 | STEP 4 STARTED - Report Generation
2026-06-09 13:19:42 | STEP 4 COMPLETED - Report Generation
2026-06-09 13:19:42 | REPORT FILE CREATED: reports/incident_report_20260609_131942.txt
2026-06-09 13:19:42 | STEP 5 STARTED - Notifications
2026-06-09 13:19:42 | NOTIFICATION WORKFLOW STARTED
2026-06-09 13:19:42 | NOTIFICATION WORKFLOW COMPLETED
2026-06-09 13:19:42 | STEP 5 COMPLETED - Notifications
2026-06-09 13:19:42 | STEP 6 STARTED - Save Report
2026-06-09 13:19:42 | STEP 6 COMPLETED - Save Report
2026-06-09 13:19:42 | WORKFLOW COMPLETED
2026-06-09 13:19:42 | SCHEDULED WORKFLOW EXECUTION COMPLETED
2026-06-09 13:20:06 | WORKFLOW STARTED
2026-06-09 13:20:06 | STEP 0 STARTED - Environment Validation
2026-06-09 13:20:06 | STEP 0 COMPLETED - Environment Validation
2026-06-09 13:20:06 | STEP 1 STARTED - Monitoring Engine
2026-06-09 13:20:06 | MONITORING WORKFLOW STARTED
2026-06-09 13:20:06 | MONITORING WORKFLOW COMPLETED
2026-06-09 13:20:06 | STEP 1 COMPLETED - Monitoring Engine
2026-06-09 13:20:06 | STEP 2 STARTED - Collect Monitoring Results
2026-06-09 13:20:06 | STEP 2 COMPLETED - Collect Monitoring Results
2026-06-09 13:20:06 | STEP 3 STARTED - AI Analysis
2026-06-09 13:20:12 | STEP 3A STARTED - Agent Execution
2026-06-09 13:20:12 | AGENT RISK: LOW
2026-06-09 13:20:12 | AGENT RECOMMENDATION: System healthy. Continue monitoring.
2026-06-09 13:20:12 | STEP 3A COMPLETED - Agent Execution
2026-06-09 13:20:12 | STEP 3 COMPLETED - AI Analysis
2026-06-09 13:20:12 | STEP 3B STARTED - SQL Action Generation
2026-06-09 13:20:12 | SQL ACTION: NO_ACTION
2026-06-09 13:20:12 | STEP 3B COMPLETED - SQL Action Generation
2026-06-09 13:20:12 | STEP 3C STARTED - SQL Risk Analysis
2026-06-09 13:20:12 | SQL RISK: {'risk': 'NONE', 'approval_required': False, 'destructive': False, 'rollback_required': False}
2026-06-09 13:20:12 | STEP 3C COMPLETED - SQL Risk Analysis
2026-06-09 13:20:12 | STEP 3D STARTED - SQL Validation
2026-06-09 13:20:12 | SQL VALIDATION: {'approved': False, 'reason': 'No SQL Action Required'}
2026-06-09 13:20:12 | STEP 3D COMPLETED - SQL Validation
2026-06-09 13:20:12 | STEP 4 STARTED - Governance Review
2026-06-09 13:20:12 | GOVERNANCE REVIEW SKIPPED - NO APPROVAL REQUIRED
2026-06-09 13:20:12 | STEP 4 COMPLETED - Governance Review
2026-06-09 13:20:12 | STEP 4B STARTED - SQL Execution
2026-06-09 13:20:12 | SQL EXECUTION: {'status': 'BLOCKED', 'reason': 'No SQL Action Required'}
2026-06-09 13:20:12 | STEP 4B COMPLETED - SQL Execution
2026-06-09 13:20:12 | STEP 4A STARTED - Remediation Execution
2026-06-09 13:20:12 | REMEDIATION RESULT: {'status': 'SKIPPED', 'reason': 'System Healthy'}
2026-06-09 13:20:12 | STEP 4A COMPLETED - Remediation Execution
2026-06-09 13:20:12 | STEP 5 STARTED - Report Generation
2026-06-09 13:20:12 | STEP 5 COMPLETED - Report Generation
2026-06-09 13:20:12 | REPORT FILE CREATED: reports/incident_report_20260609_132012.txt
2026-06-09 13:20:12 | STEP 6 STARTED - Incident Repository
2026-06-09 13:20:12 | INCIDENT SAVED TO REPOSITORY
2026-06-09 13:20:12 | STEP 6 COMPLETED - Incident Repository
2026-06-09 13:20:12 | STEP 7 STARTED - Notifications
2026-06-09 13:20:12 | STEP 7 COMPLETED - Notifications
2026-06-09 13:20:12 | STEP 8 STARTED - Save Report
2026-06-09 13:20:12 | STEP 8 COMPLETED - Save Report
2026-06-09 13:20:12 | WORKFLOW COMPLETED
2026-06-09 13:24:42 | SCHEDULED WORKFLOW EXECUTION STARTED
2026-06-09 13:24:42 | WORKFLOW STARTED
2026-06-09 13:24:42 | STEP 0 STARTED - Environment Validation
2026-06-09 13:24:42 | STEP 0 COMPLETED - Environment Validation
2026-06-09 13:24:42 | STEP 1 STARTED - Monitoring Engine
2026-06-09 13:24:42 | MONITORING WORKFLOW STARTED
2026-06-09 13:24:42 | MONITORING WORKFLOW COMPLETED
2026-06-09 13:24:42 | STEP 1 COMPLETED - Monitoring Engine
2026-06-09 13:24:42 | STEP 2 STARTED - Collect Monitoring Results
2026-06-09 13:24:42 | STEP 2 COMPLETED - Collect Monitoring Results
2026-06-09 13:24:42 | STEP 3 STARTED - AI Analysis
2026-06-09 13:24:49 | STEP 3 COMPLETED - AI Analysis
2026-06-09 13:24:49 | STEP 4 STARTED - Report Generation
2026-06-09 13:24:49 | STEP 4 COMPLETED - Report Generation
2026-06-09 13:24:49 | REPORT FILE CREATED: reports/incident_report_20260609_132449.txt
2026-06-09 13:24:49 | STEP 5 STARTED - Notifications
2026-06-09 13:24:49 | NOTIFICATION WORKFLOW STARTED
2026-06-09 13:24:49 | NOTIFICATION WORKFLOW COMPLETED
2026-06-09 13:24:49 | STEP 5 COMPLETED - Notifications
2026-06-09 13:24:49 | STEP 6 STARTED - Save Report
2026-06-09 13:24:49 | STEP 6 COMPLETED - Save Report
2026-06-09 13:24:49 | WORKFLOW COMPLETED
2026-06-09 13:24:49 | SCHEDULED WORKFLOW EXECUTION COMPLETED
2026-06-09 13:25:46 | WORKFLOW STARTED
2026-06-09 13:25:46 | STEP 0 STARTED - Environment Validation
2026-06-09 13:25:46 | STEP 0 COMPLETED - Environment Validation
2026-06-09 13:25:46 | STEP 1 STARTED - Monitoring Engine
2026-06-09 13:25:46 | MONITORING WORKFLOW STARTED
2026-06-09 13:25:46 | MONITORING WORKFLOW COMPLETED
2026-06-09 13:25:46 | STEP 1 COMPLETED - Monitoring Engine
2026-06-09 13:25:46 | STEP 2 STARTED - Collect Monitoring Results
2026-06-09 13:25:46 | STEP 2 COMPLETED - Collect Monitoring Results
2026-06-09 13:25:46 | STEP 3 STARTED - AI Analysis
2026-06-09 13:25:52 | STEP 3A STARTED - Agent Execution
2026-06-09 13:25:52 | AGENT RISK: LOW
2026-06-09 13:25:52 | AGENT RECOMMENDATION: System healthy. Continue monitoring.
2026-06-09 13:25:52 | STEP 3A COMPLETED - Agent Execution
2026-06-09 13:25:52 | STEP 3 COMPLETED - AI Analysis
2026-06-09 13:25:52 | STEP 3B STARTED - SQL Action Generation
2026-06-09 13:25:52 | SQL ACTION: NO_ACTION
2026-06-09 13:25:52 | STEP 3B COMPLETED - SQL Action Generation
2026-06-09 13:25:52 | STEP 3C STARTED - SQL Risk Analysis
2026-06-09 13:25:52 | SQL RISK: {'risk': 'NONE', 'approval_required': False, 'destructive': False, 'rollback_required': False}
2026-06-09 13:25:52 | STEP 3C COMPLETED - SQL Risk Analysis
2026-06-09 13:25:52 | STEP 3D STARTED - SQL Validation
2026-06-09 13:25:52 | SQL VALIDATION: {'approved': False, 'reason': 'No SQL Action Required'}
2026-06-09 13:25:52 | STEP 3D COMPLETED - SQL Validation
2026-06-09 13:25:52 | STEP 4 STARTED - Governance Review
2026-06-09 13:25:52 | GOVERNANCE REVIEW SKIPPED - NO APPROVAL REQUIRED
2026-06-09 13:25:52 | STEP 4 COMPLETED - Governance Review
2026-06-09 13:25:52 | STEP 4B STARTED - SQL Execution
2026-06-09 13:25:52 | SQL EXECUTION: {'status': 'SKIPPED', 'reason': 'No SQL Action Required'}
2026-06-09 13:25:52 | STEP 4B COMPLETED - SQL Execution
2026-06-09 13:25:52 | STEP 4A STARTED - Remediation Execution
2026-06-09 13:25:52 | REMEDIATION RESULT: {'status': 'SKIPPED', 'reason': 'System Healthy'}
2026-06-09 13:25:52 | STEP 4A COMPLETED - Remediation Execution
2026-06-09 13:25:52 | STEP 5 STARTED - Report Generation
2026-06-09 13:25:52 | STEP 5 COMPLETED - Report Generation
2026-06-09 13:25:52 | REPORT FILE CREATED: reports/incident_report_20260609_132552.txt
2026-06-09 13:25:52 | STEP 6 STARTED - Incident Repository
2026-06-09 13:25:52 | INCIDENT SAVED TO REPOSITORY
2026-06-09 13:25:52 | STEP 6 COMPLETED - Incident Repository
2026-06-09 13:25:52 | STEP 7 STARTED - Notifications
2026-06-09 13:25:52 | STEP 7 COMPLETED - Notifications
2026-06-09 13:25:52 | STEP 8 STARTED - Save Report
2026-06-09 13:25:52 | STEP 8 COMPLETED - Save Report
2026-06-09 13:25:52 | WORKFLOW COMPLETED
2026-06-09 13:29:49 | SCHEDULED WORKFLOW EXECUTION STARTED
2026-06-09 13:29:49 | WORKFLOW STARTED
2026-06-09 13:29:49 | STEP 0 STARTED - Environment Validation
2026-06-09 13:29:49 | STEP 0 COMPLETED - Environment Validation
2026-06-09 13:29:49 | STEP 1 STARTED - Monitoring Engine
2026-06-09 13:29:49 | MONITORING WORKFLOW STARTED
2026-06-09 13:29:49 | MONITORING WORKFLOW COMPLETED
2026-06-09 13:29:49 | STEP 1 COMPLETED - Monitoring Engine
2026-06-09 13:29:49 | STEP 2 STARTED - Collect Monitoring Results
2026-06-09 13:29:49 | STEP 2 COMPLETED - Collect Monitoring Results
2026-06-09 13:29:49 | STEP 3 STARTED - AI Analysis
2026-06-09 13:29:53 | STEP 3 COMPLETED - AI Analysis
2026-06-09 13:29:53 | STEP 4 STARTED - Report Generation
2026-06-09 13:29:53 | STEP 4 COMPLETED - Report Generation
2026-06-09 13:29:53 | REPORT FILE CREATED: reports/incident_report_20260609_132953.txt
2026-06-09 13:29:53 | STEP 5 STARTED - Notifications
2026-06-09 13:29:53 | NOTIFICATION WORKFLOW STARTED
2026-06-09 13:29:53 | NOTIFICATION WORKFLOW COMPLETED
2026-06-09 13:29:53 | STEP 5 COMPLETED - Notifications
2026-06-09 13:29:53 | STEP 6 STARTED - Save Report
2026-06-09 13:29:53 | STEP 6 COMPLETED - Save Report
2026-06-09 13:29:53 | WORKFLOW COMPLETED
2026-06-09 13:29:53 | SCHEDULED WORKFLOW EXECUTION COMPLETED
2026-06-09 13:34:53 | SCHEDULED WORKFLOW EXECUTION STARTED
2026-06-09 13:34:53 | WORKFLOW STARTED
2026-06-09 13:34:53 | STEP 0 STARTED - Environment Validation
2026-06-09 13:34:53 | STEP 0 COMPLETED - Environment Validation
2026-06-09 13:34:53 | STEP 1 STARTED - Monitoring Engine
2026-06-09 13:34:53 | MONITORING WORKFLOW STARTED
2026-06-09 13:34:53 | MONITORING WORKFLOW COMPLETED
2026-06-09 13:34:53 | STEP 1 COMPLETED - Monitoring Engine
2026-06-09 13:34:53 | STEP 2 STARTED - Collect Monitoring Results
2026-06-09 13:34:53 | STEP 2 COMPLETED - Collect Monitoring Results
2026-06-09 13:34:53 | STEP 3 STARTED - AI Analysis
2026-06-09 13:34:59 | STEP 3 COMPLETED - AI Analysis
2026-06-09 13:34:59 | STEP 4 STARTED - Report Generation
2026-06-09 13:34:59 | STEP 4 COMPLETED - Report Generation
2026-06-09 13:34:59 | REPORT FILE CREATED: reports/incident_report_20260609_133459.txt
2026-06-09 13:34:59 | STEP 5 STARTED - Notifications
2026-06-09 13:34:59 | NOTIFICATION WORKFLOW STARTED
2026-06-09 13:34:59 | NOTIFICATION WORKFLOW COMPLETED
2026-06-09 13:34:59 | STEP 5 COMPLETED - Notifications
2026-06-09 13:34:59 | STEP 6 STARTED - Save Report
2026-06-09 13:34:59 | STEP 6 COMPLETED - Save Report
2026-06-09 13:34:59 | WORKFLOW COMPLETED
2026-06-09 13:34:59 | SCHEDULED WORKFLOW EXECUTION COMPLETED
2026-06-09 13:39:59 | SCHEDULED WORKFLOW EXECUTION STARTED
2026-06-09 13:39:59 | WORKFLOW STARTED
2026-06-09 13:39:59 | STEP 0 STARTED - Environment Validation
2026-06-09 13:39:59 | STEP 0 COMPLETED - Environment Validation
2026-06-09 13:39:59 | STEP 1 STARTED - Monitoring Engine
2026-06-09 13:39:59 | MONITORING WORKFLOW STARTED
2026-06-09 13:39:59 | MONITORING WORKFLOW COMPLETED
2026-06-09 13:39:59 | STEP 1 COMPLETED - Monitoring Engine
2026-06-09 13:39:59 | STEP 2 STARTED - Collect Monitoring Results
2026-06-09 13:39:59 | STEP 2 COMPLETED - Collect Monitoring Results
2026-06-09 13:39:59 | STEP 3 STARTED - AI Analysis
2026-06-09 13:40:04 | STEP 3 COMPLETED - AI Analysis
2026-06-09 13:40:04 | STEP 4 STARTED - Report Generation
2026-06-09 13:40:04 | STEP 4 COMPLETED - Report Generation
2026-06-09 13:40:04 | REPORT FILE CREATED: reports/incident_report_20260609_134004.txt
2026-06-09 13:40:04 | STEP 5 STARTED - Notifications
2026-06-09 13:40:04 | NOTIFICATION WORKFLOW STARTED
2026-06-09 13:40:04 | NOTIFICATION WORKFLOW COMPLETED
2026-06-09 13:40:04 | STEP 5 COMPLETED - Notifications
2026-06-09 13:40:04 | STEP 6 STARTED - Save Report
2026-06-09 13:40:04 | STEP 6 COMPLETED - Save Report
2026-06-09 13:40:04 | WORKFLOW COMPLETED
2026-06-09 13:40:04 | SCHEDULED WORKFLOW EXECUTION COMPLETED
2026-06-09 13:44:06 | WORKFLOW STARTED
2026-06-09 13:44:06 | STEP 0 STARTED - Environment Validation
2026-06-09 13:44:06 | STEP 0 COMPLETED - Environment Validation
2026-06-09 13:44:06 | STEP 1 STARTED - Monitoring Engine
2026-06-09 13:44:06 | MONITORING WORKFLOW STARTED
2026-06-09 13:44:06 | MONITORING WORKFLOW COMPLETED
2026-06-09 13:44:06 | STEP 1 COMPLETED - Monitoring Engine
2026-06-09 13:44:06 | STEP 2 STARTED - Collect Monitoring Results
2026-06-09 13:44:06 | STEP 2 COMPLETED - Collect Monitoring Results
2026-06-09 13:44:06 | STEP 3 STARTED - AI Analysis
2026-06-09 13:44:15 | STEP 3A STARTED - Agent Execution
2026-06-09 13:44:15 | AGENT RISK: LOW
2026-06-09 13:44:15 | AGENT RECOMMENDATION: System healthy. Continue monitoring.
2026-06-09 13:44:15 | STEP 3A COMPLETED - Agent Execution
2026-06-09 13:44:15 | STEP 3 COMPLETED - AI Analysis
2026-06-09 13:44:15 | STEP 3B STARTED - SQL Action Generation
2026-06-09 13:44:15 | SQL ACTION: NO_ACTION
2026-06-09 13:44:15 | STEP 3B COMPLETED - SQL Action Generation
2026-06-09 13:44:15 | STEP 3C STARTED - SQL Risk Analysis
2026-06-09 13:44:15 | SQL RISK: {'risk': 'NONE', 'approval_required': False, 'destructive': False, 'rollback_required': False}
2026-06-09 13:44:15 | STEP 3C COMPLETED - SQL Risk Analysis
2026-06-09 13:44:15 | STEP 3D STARTED - SQL Validation
2026-06-09 13:44:15 | SQL VALIDATION: {'approved': False, 'reason': 'No SQL Action Required'}
2026-06-09 13:44:15 | STEP 3D COMPLETED - SQL Validation
2026-06-09 13:44:15 | STEP 4 STARTED - Governance Review
2026-06-09 13:44:15 | GOVERNANCE REVIEW SKIPPED - NO APPROVAL REQUIRED
2026-06-09 13:44:15 | STEP 4 COMPLETED - Governance Review
2026-06-09 13:44:15 | STEP 4A STARTED - SQL Execution
2026-06-09 13:44:15 | SQL EXECUTION: {'status': 'SKIPPED', 'reason': 'No SQL Action Required'}
2026-06-09 13:44:15 | STEP 4A COMPLETED - SQL Execution
2026-06-09 13:44:15 | STEP 4B STARTED - Remediation Execution
2026-06-09 13:44:15 | REMEDIATION RESULT: {'status': 'SKIPPED', 'reason': 'System Healthy'}
2026-06-09 13:44:15 | STEP 4B COMPLETED - Remediation Execution
2026-06-09 13:44:15 | STEP 4C STARTED - Execution Verification
2026-06-09 13:44:15 | VERIFICATION RESULT: {'verification_status': 'NOT_VERIFIED', 'issue_resolved': False, 'confidence': 0}
2026-06-09 13:44:15 | STEP 4C COMPLETED - Execution Verification
2026-06-09 13:44:15 | STEP 5 STARTED - Report Generation
2026-06-09 13:44:15 | STEP 5 COMPLETED - Report Generation
2026-06-09 13:44:15 | REPORT FILE CREATED: reports/incident_report_20260609_134415.txt
2026-06-09 13:44:15 | STEP 6 STARTED - Incident Repository
2026-06-09 13:44:15 | INCIDENT SAVED TO REPOSITORY
2026-06-09 13:44:15 | STEP 6 COMPLETED - Incident Repository
2026-06-09 13:44:15 | STEP 7 STARTED - Notifications
2026-06-09 13:44:15 | STEP 7 COMPLETED - Notifications
2026-06-09 13:44:15 | STEP 8 STARTED - Save Report
2026-06-09 13:44:15 | STEP 8 COMPLETED - Save Report
2026-06-09 13:44:15 | WORKFLOW COMPLETED
2026-06-09 13:45:04 | SCHEDULED WORKFLOW EXECUTION STARTED
2026-06-09 13:45:04 | WORKFLOW STARTED
2026-06-09 13:45:04 | STEP 0 STARTED - Environment Validation
2026-06-09 13:45:04 | STEP 0 COMPLETED - Environment Validation
2026-06-09 13:45:04 | STEP 1 STARTED - Monitoring Engine
2026-06-09 13:45:04 | MONITORING WORKFLOW STARTED
2026-06-09 13:45:04 | MONITORING WORKFLOW COMPLETED
2026-06-09 13:45:04 | STEP 1 COMPLETED - Monitoring Engine
2026-06-09 13:45:04 | STEP 2 STARTED - Collect Monitoring Results
2026-06-09 13:45:04 | STEP 2 COMPLETED - Collect Monitoring Results
2026-06-09 13:45:04 | STEP 3 STARTED - AI Analysis
2026-06-09 13:45:13 | STEP 3 COMPLETED - AI Analysis
2026-06-09 13:45:13 | STEP 4 STARTED - Report Generation
2026-06-09 13:45:13 | STEP 4 COMPLETED - Report Generation
2026-06-09 13:45:13 | REPORT FILE CREATED: reports/incident_report_20260609_134513.txt
2026-06-09 13:45:13 | STEP 5 STARTED - Notifications
2026-06-09 13:45:13 | NOTIFICATION WORKFLOW STARTED
2026-06-09 13:45:13 | NOTIFICATION WORKFLOW COMPLETED
2026-06-09 13:45:13 | STEP 5 COMPLETED - Notifications
2026-06-09 13:45:13 | STEP 6 STARTED - Save Report
2026-06-09 13:45:13 | STEP 6 COMPLETED - Save Report
2026-06-09 13:45:13 | WORKFLOW COMPLETED
2026-06-09 13:45:13 | SCHEDULED WORKFLOW EXECUTION COMPLETED
2026-06-09 13:48:11 | WORKFLOW STARTED
2026-06-09 13:48:11 | STEP 0 STARTED - Environment Validation
2026-06-09 13:48:11 | STEP 0 COMPLETED - Environment Validation
2026-06-09 13:48:11 | STEP 1 STARTED - Monitoring Engine
2026-06-09 13:48:11 | MONITORING WORKFLOW STARTED
2026-06-09 13:48:11 | MONITORING WORKFLOW COMPLETED
2026-06-09 13:48:11 | STEP 1 COMPLETED - Monitoring Engine
2026-06-09 13:48:11 | STEP 2 STARTED - Collect Monitoring Results
2026-06-09 13:48:11 | STEP 2 COMPLETED - Collect Monitoring Results
2026-06-09 13:48:11 | STEP 3 STARTED - AI Analysis
2026-06-09 13:48:15 | STEP 3A STARTED - Agent Execution
2026-06-09 13:48:15 | AGENT RISK: LOW
2026-06-09 13:48:15 | AGENT RECOMMENDATION: System healthy. Continue monitoring.
2026-06-09 13:48:15 | STEP 3A COMPLETED - Agent Execution
2026-06-09 13:48:15 | STEP 3 COMPLETED - AI Analysis
2026-06-09 13:48:15 | STEP 3B STARTED - SQL Action Generation
2026-06-09 13:48:15 | SQL ACTION: NO_ACTION
2026-06-09 13:48:15 | STEP 3B COMPLETED - SQL Action Generation
2026-06-09 13:48:15 | STEP 3C STARTED - SQL Risk Analysis
2026-06-09 13:48:15 | SQL RISK: {'risk': 'NONE', 'approval_required': False, 'destructive': False, 'rollback_required': False}
2026-06-09 13:48:15 | STEP 3C COMPLETED - SQL Risk Analysis
2026-06-09 13:48:15 | STEP 3D STARTED - SQL Validation
2026-06-09 13:48:15 | SQL VALIDATION: {'approved': False, 'reason': 'No SQL Action Required'}
2026-06-09 13:48:15 | STEP 3D COMPLETED - SQL Validation
2026-06-09 13:48:15 | STEP 4 STARTED - Governance Review
2026-06-09 13:48:15 | GOVERNANCE REVIEW SKIPPED - NO APPROVAL REQUIRED
2026-06-09 13:48:15 | STEP 4 COMPLETED - Governance Review
2026-06-09 13:48:15 | STEP 4A STARTED - SQL Execution
2026-06-09 13:48:15 | SQL EXECUTION: {'status': 'SKIPPED', 'reason': 'No SQL Action Required'}
2026-06-09 13:48:15 | STEP 4A COMPLETED - SQL Execution
2026-06-09 13:48:15 | STEP 4B STARTED - Remediation Execution
2026-06-09 13:48:15 | REMEDIATION RESULT: {'status': 'SKIPPED', 'reason': 'System Healthy'}
2026-06-09 13:48:15 | STEP 4B COMPLETED - Remediation Execution
2026-06-09 13:48:15 | STEP 4C STARTED - Execution Verification
2026-06-09 13:48:15 | VERIFICATION RESULT: {'verification_status': 'NOT_REQUIRED', 'issue_resolved': True, 'confidence': 100}
2026-06-09 13:48:15 | STEP 4C COMPLETED - Execution Verification
2026-06-09 13:48:15 | STEP 5 STARTED - Report Generation
2026-06-09 13:48:15 | STEP 5 COMPLETED - Report Generation
2026-06-09 13:48:15 | REPORT FILE CREATED: reports/incident_report_20260609_134815.txt
2026-06-09 13:48:15 | STEP 6 STARTED - Incident Repository
2026-06-09 13:48:15 | INCIDENT SAVED TO REPOSITORY
2026-06-09 13:48:15 | STEP 6 COMPLETED - Incident Repository
2026-06-09 13:48:15 | STEP 7 STARTED - Notifications
2026-06-09 13:48:15 | STEP 7 COMPLETED - Notifications
2026-06-09 13:48:15 | STEP 8 STARTED - Save Report
2026-06-09 13:48:15 | STEP 8 COMPLETED - Save Report
2026-06-09 13:48:15 | WORKFLOW COMPLETED
2026-06-09 13:50:13 | SCHEDULED WORKFLOW EXECUTION STARTED
2026-06-09 13:50:13 | WORKFLOW STARTED
2026-06-09 13:50:13 | STEP 0 STARTED - Environment Validation
2026-06-09 13:50:13 | STEP 0 COMPLETED - Environment Validation
2026-06-09 13:50:13 | STEP 1 STARTED - Monitoring Engine
2026-06-09 13:50:13 | MONITORING WORKFLOW STARTED
2026-06-09 13:50:13 | MONITORING WORKFLOW COMPLETED
2026-06-09 13:50:13 | STEP 1 COMPLETED - Monitoring Engine
2026-06-09 13:50:13 | STEP 2 STARTED - Collect Monitoring Results
2026-06-09 13:50:13 | STEP 2 COMPLETED - Collect Monitoring Results
2026-06-09 13:50:13 | STEP 3 STARTED - AI Analysis
2026-06-09 13:50:20 | STEP 3 COMPLETED - AI Analysis
2026-06-09 13:50:20 | STEP 4 STARTED - Report Generation
2026-06-09 13:50:20 | STEP 4 COMPLETED - Report Generation
2026-06-09 13:50:20 | REPORT FILE CREATED: reports/incident_report_20260609_135020.txt
2026-06-09 13:50:20 | STEP 5 STARTED - Notifications
2026-06-09 13:50:20 | NOTIFICATION WORKFLOW STARTED
2026-06-09 13:50:20 | NOTIFICATION WORKFLOW COMPLETED
2026-06-09 13:50:20 | STEP 5 COMPLETED - Notifications
2026-06-09 13:50:20 | STEP 6 STARTED - Save Report
2026-06-09 13:50:20 | STEP 6 COMPLETED - Save Report
2026-06-09 13:50:20 | WORKFLOW COMPLETED
2026-06-09 13:50:20 | SCHEDULED WORKFLOW EXECUTION COMPLETED
2026-06-09 13:55:20 | SCHEDULED WORKFLOW EXECUTION STARTED
2026-06-09 13:55:20 | WORKFLOW STARTED
2026-06-09 13:55:20 | STEP 0 STARTED - Environment Validation
2026-06-09 13:55:20 | STEP 0 COMPLETED - Environment Validation
2026-06-09 13:55:20 | STEP 1 STARTED - Monitoring Engine
2026-06-09 13:55:20 | MONITORING WORKFLOW STARTED
2026-06-09 13:55:20 | MONITORING WORKFLOW COMPLETED
2026-06-09 13:55:20 | STEP 1 COMPLETED - Monitoring Engine
2026-06-09 13:55:20 | STEP 2 STARTED - Collect Monitoring Results
2026-06-09 13:55:20 | STEP 2 COMPLETED - Collect Monitoring Results
2026-06-09 13:55:20 | STEP 3 STARTED - AI Analysis
2026-06-09 13:55:24 | STEP 3 COMPLETED - AI Analysis
2026-06-09 13:55:24 | STEP 4 STARTED - Report Generation
2026-06-09 13:55:24 | STEP 4 COMPLETED - Report Generation
2026-06-09 13:55:24 | REPORT FILE CREATED: reports/incident_report_20260609_135524.txt
2026-06-09 13:55:24 | STEP 5 STARTED - Notifications
2026-06-09 13:55:24 | NOTIFICATION WORKFLOW STARTED
2026-06-09 13:55:24 | NOTIFICATION WORKFLOW COMPLETED
2026-06-09 13:55:24 | STEP 5 COMPLETED - Notifications
2026-06-09 13:55:24 | STEP 6 STARTED - Save Report
2026-06-09 13:55:24 | STEP 6 COMPLETED - Save Report
2026-06-09 13:55:24 | WORKFLOW COMPLETED
2026-06-09 13:55:24 | SCHEDULED WORKFLOW EXECUTION COMPLETED
2026-06-09 14:00:24 | SCHEDULED WORKFLOW EXECUTION STARTED
2026-06-09 14:00:24 | WORKFLOW STARTED
2026-06-09 14:00:24 | STEP 0 STARTED - Environment Validation
2026-06-09 14:00:24 | STEP 0 COMPLETED - Environment Validation
2026-06-09 14:00:24 | STEP 1 STARTED - Monitoring Engine
2026-06-09 14:00:24 | MONITORING WORKFLOW STARTED
2026-06-09 14:00:24 | MONITORING WORKFLOW COMPLETED
2026-06-09 14:00:24 | STEP 1 COMPLETED - Monitoring Engine
2026-06-09 14:00:24 | STEP 2 STARTED - Collect Monitoring Results
2026-06-09 14:00:24 | STEP 2 COMPLETED - Collect Monitoring Results
2026-06-09 14:00:24 | STEP 3 STARTED - AI Analysis
2026-06-09 14:00:30 | STEP 3 COMPLETED - AI Analysis
2026-06-09 14:00:30 | STEP 4 STARTED - Report Generation
2026-06-09 14:00:30 | STEP 4 COMPLETED - Report Generation
2026-06-09 14:00:30 | REPORT FILE CREATED: reports/incident_report_20260609_140030.txt
2026-06-09 14:00:30 | STEP 5 STARTED - Notifications
2026-06-09 14:00:30 | NOTIFICATION WORKFLOW STARTED
2026-06-09 14:00:30 | NOTIFICATION WORKFLOW COMPLETED
2026-06-09 14:00:30 | STEP 5 COMPLETED - Notifications
2026-06-09 14:00:30 | STEP 6 STARTED - Save Report
2026-06-09 14:00:30 | STEP 6 COMPLETED - Save Report
2026-06-09 14:00:30 | WORKFLOW COMPLETED
2026-06-09 14:00:30 | SCHEDULED WORKFLOW EXECUTION COMPLETED
2026-06-09 14:05:30 | SCHEDULED WORKFLOW EXECUTION STARTED
2026-06-09 14:05:30 | WORKFLOW STARTED
2026-06-09 14:05:30 | STEP 0 STARTED - Environment Validation
2026-06-09 14:05:30 | STEP 0 COMPLETED - Environment Validation
2026-06-09 14:05:30 | STEP 1 STARTED - Monitoring Engine
2026-06-09 14:05:30 | MONITORING WORKFLOW STARTED
2026-06-09 14:05:30 | MONITORING WORKFLOW COMPLETED
2026-06-09 14:05:30 | STEP 1 COMPLETED - Monitoring Engine
2026-06-09 14:05:30 | STEP 2 STARTED - Collect Monitoring Results
2026-06-09 14:05:30 | STEP 2 COMPLETED - Collect Monitoring Results
2026-06-09 14:05:30 | STEP 3 STARTED - AI Analysis
2026-06-09 14:05:34 | STEP 3 COMPLETED - AI Analysis
2026-06-09 14:05:34 | STEP 4 STARTED - Report Generation
2026-06-09 14:05:34 | STEP 4 COMPLETED - Report Generation
2026-06-09 14:05:34 | REPORT FILE CREATED: reports/incident_report_20260609_140534.txt
2026-06-09 14:05:34 | STEP 5 STARTED - Notifications
2026-06-09 14:05:34 | NOTIFICATION WORKFLOW STARTED
2026-06-09 14:05:34 | NOTIFICATION WORKFLOW COMPLETED
2026-06-09 14:05:34 | STEP 5 COMPLETED - Notifications
2026-06-09 14:05:34 | STEP 6 STARTED - Save Report
2026-06-09 14:05:34 | STEP 6 COMPLETED - Save Report
2026-06-09 14:05:34 | WORKFLOW COMPLETED
2026-06-09 14:05:34 | SCHEDULED WORKFLOW EXECUTION COMPLETED
2026-06-09 14:10:34 | SCHEDULED WORKFLOW EXECUTION STARTED
2026-06-09 14:10:34 | WORKFLOW STARTED
2026-06-09 14:10:34 | STEP 0 STARTED - Environment Validation
2026-06-09 14:10:34 | STEP 0 COMPLETED - Environment Validation
2026-06-09 14:10:34 | STEP 1 STARTED - Monitoring Engine
2026-06-09 14:10:34 | MONITORING WORKFLOW STARTED
2026-06-09 14:10:34 | MONITORING WORKFLOW COMPLETED
2026-06-09 14:10:34 | STEP 1 COMPLETED - Monitoring Engine
2026-06-09 14:10:34 | STEP 2 STARTED - Collect Monitoring Results
2026-06-09 14:10:34 | STEP 2 COMPLETED - Collect Monitoring Results
2026-06-09 14:10:34 | STEP 3 STARTED - AI Analysis
2026-06-09 14:10:40 | STEP 3 COMPLETED - AI Analysis
2026-06-09 14:10:40 | STEP 4 STARTED - Report Generation
2026-06-09 14:10:40 | STEP 4 COMPLETED - Report Generation
2026-06-09 14:10:40 | REPORT FILE CREATED: reports/incident_report_20260609_141040.txt
2026-06-09 14:10:40 | STEP 5 STARTED - Notifications
2026-06-09 14:10:40 | NOTIFICATION WORKFLOW STARTED
2026-06-09 14:10:40 | NOTIFICATION WORKFLOW COMPLETED
2026-06-09 14:10:40 | STEP 5 COMPLETED - Notifications
2026-06-09 14:10:40 | STEP 6 STARTED - Save Report
2026-06-09 14:10:40 | STEP 6 COMPLETED - Save Report
2026-06-09 14:10:40 | WORKFLOW COMPLETED
2026-06-09 14:10:40 | SCHEDULED WORKFLOW EXECUTION COMPLETED
2026-06-09 14:15:40 | SCHEDULED WORKFLOW EXECUTION STARTED
2026-06-09 14:15:40 | WORKFLOW STARTED
2026-06-09 14:15:40 | STEP 0 STARTED - Environment Validation
2026-06-09 14:15:40 | STEP 0 COMPLETED - Environment Validation
2026-06-09 14:15:40 | STEP 1 STARTED - Monitoring Engine
2026-06-09 14:15:40 | MONITORING WORKFLOW STARTED
2026-06-09 14:15:41 | MONITORING WORKFLOW COMPLETED
2026-06-09 14:15:41 | STEP 1 COMPLETED - Monitoring Engine
2026-06-09 14:15:41 | STEP 2 STARTED - Collect Monitoring Results
2026-06-09 14:15:41 | STEP 2 COMPLETED - Collect Monitoring Results
2026-06-09 14:15:41 | STEP 3 STARTED - AI Analysis
2026-06-09 14:15:46 | STEP 3 COMPLETED - AI Analysis
2026-06-09 14:15:46 | STEP 4 STARTED - Report Generation
2026-06-09 14:15:46 | STEP 4 COMPLETED - Report Generation
2026-06-09 14:15:46 | REPORT FILE CREATED: reports/incident_report_20260609_141546.txt
2026-06-09 14:15:46 | STEP 5 STARTED - Notifications
2026-06-09 14:15:46 | NOTIFICATION WORKFLOW STARTED
2026-06-09 14:15:46 | NOTIFICATION WORKFLOW COMPLETED
2026-06-09 14:15:46 | STEP 5 COMPLETED - Notifications
2026-06-09 14:15:46 | STEP 6 STARTED - Save Report
2026-06-09 14:15:46 | STEP 6 COMPLETED - Save Report
2026-06-09 14:15:46 | WORKFLOW COMPLETED
2026-06-09 14:15:46 | SCHEDULED WORKFLOW EXECUTION COMPLETED
2026-06-09 14:20:46 | SCHEDULED WORKFLOW EXECUTION STARTED
2026-06-09 14:20:46 | WORKFLOW STARTED
2026-06-09 14:20:46 | STEP 0 STARTED - Environment Validation
2026-06-09 14:20:46 | STEP 0 COMPLETED - Environment Validation
2026-06-09 14:20:46 | STEP 1 STARTED - Monitoring Engine
2026-06-09 14:20:46 | MONITORING WORKFLOW STARTED
2026-06-09 14:20:47 | MONITORING WORKFLOW COMPLETED
2026-06-09 14:20:47 | STEP 1 COMPLETED - Monitoring Engine
2026-06-09 14:20:47 | STEP 2 STARTED - Collect Monitoring Results
2026-06-09 14:20:47 | STEP 2 COMPLETED - Collect Monitoring Results
2026-06-09 14:20:47 | STEP 3 STARTED - AI Analysis
2026-06-09 14:20:52 | STEP 3 COMPLETED - AI Analysis
2026-06-09 14:20:52 | STEP 4 STARTED - Report Generation
2026-06-09 14:20:52 | STEP 4 COMPLETED - Report Generation
2026-06-09 14:20:52 | REPORT FILE CREATED: reports/incident_report_20260609_142052.txt
2026-06-09 14:20:52 | STEP 5 STARTED - Notifications
2026-06-09 14:20:52 | NOTIFICATION WORKFLOW STARTED
2026-06-09 14:20:52 | NOTIFICATION WORKFLOW COMPLETED
2026-06-09 14:20:52 | STEP 5 COMPLETED - Notifications
2026-06-09 14:20:52 | STEP 6 STARTED - Save Report
2026-06-09 14:20:52 | STEP 6 COMPLETED - Save Report
2026-06-09 14:20:52 | WORKFLOW COMPLETED
2026-06-09 14:20:52 | SCHEDULED WORKFLOW EXECUTION COMPLETED
2026-06-09 14:25:52 | SCHEDULED WORKFLOW EXECUTION STARTED
2026-06-09 14:25:52 | WORKFLOW STARTED
2026-06-09 14:25:52 | STEP 0 STARTED - Environment Validation
2026-06-09 14:25:52 | STEP 0 COMPLETED - Environment Validation
2026-06-09 14:25:52 | STEP 1 STARTED - Monitoring Engine
2026-06-09 14:25:52 | MONITORING WORKFLOW STARTED
2026-06-09 14:25:52 | MONITORING WORKFLOW COMPLETED
2026-06-09 14:25:52 | STEP 1 COMPLETED - Monitoring Engine
2026-06-09 14:25:52 | STEP 2 STARTED - Collect Monitoring Results
2026-06-09 14:25:52 | STEP 2 COMPLETED - Collect Monitoring Results
2026-06-09 14:25:52 | STEP 3 STARTED - AI Analysis
2026-06-09 14:25:57 | STEP 3 COMPLETED - AI Analysis
2026-06-09 14:25:57 | STEP 4 STARTED - Report Generation
2026-06-09 14:25:57 | STEP 4 COMPLETED - Report Generation
2026-06-09 14:25:57 | REPORT FILE CREATED: reports/incident_report_20260609_142557.txt
2026-06-09 14:25:57 | STEP 5 STARTED - Notifications
2026-06-09 14:25:57 | NOTIFICATION WORKFLOW STARTED
2026-06-09 14:25:57 | NOTIFICATION WORKFLOW COMPLETED
2026-06-09 14:25:57 | STEP 5 COMPLETED - Notifications
2026-06-09 14:25:57 | STEP 6 STARTED - Save Report
2026-06-09 14:25:57 | STEP 6 COMPLETED - Save Report
2026-06-09 14:25:57 | WORKFLOW COMPLETED
2026-06-09 14:25:57 | SCHEDULED WORKFLOW EXECUTION COMPLETED
2026-06-09 14:30:57 | SCHEDULED WORKFLOW EXECUTION STARTED
2026-06-09 14:30:57 | WORKFLOW STARTED
2026-06-09 14:30:58 | STEP 0 STARTED - Environment Validation
2026-06-09 14:30:58 | STEP 0 COMPLETED - Environment Validation
2026-06-09 14:30:58 | STEP 1 STARTED - Monitoring Engine
2026-06-09 14:30:58 | MONITORING WORKFLOW STARTED
2026-06-09 14:30:58 | MONITORING WORKFLOW COMPLETED
2026-06-09 14:30:58 | STEP 1 COMPLETED - Monitoring Engine
2026-06-09 14:30:58 | STEP 2 STARTED - Collect Monitoring Results
2026-06-09 14:30:58 | STEP 2 COMPLETED - Collect Monitoring Results
2026-06-09 14:30:58 | STEP 3 STARTED - AI Analysis
2026-06-09 14:31:02 | STEP 3 COMPLETED - AI Analysis
2026-06-09 14:31:02 | STEP 4 STARTED - Report Generation
2026-06-09 14:31:02 | STEP 4 COMPLETED - Report Generation
2026-06-09 14:31:02 | REPORT FILE CREATED: reports/incident_report_20260609_143102.txt
2026-06-09 14:31:02 | STEP 5 STARTED - Notifications
2026-06-09 14:31:02 | NOTIFICATION WORKFLOW STARTED
2026-06-09 14:31:02 | NOTIFICATION WORKFLOW COMPLETED
2026-06-09 14:31:02 | STEP 5 COMPLETED - Notifications
2026-06-09 14:31:02 | STEP 6 STARTED - Save Report
2026-06-09 14:31:02 | STEP 6 COMPLETED - Save Report
2026-06-09 14:31:02 | WORKFLOW COMPLETED
2026-06-09 14:31:02 | SCHEDULED WORKFLOW EXECUTION COMPLETED
2026-06-09 14:36:02 | SCHEDULED WORKFLOW EXECUTION STARTED
2026-06-09 14:36:02 | WORKFLOW STARTED
2026-06-09 14:36:02 | STEP 0 STARTED - Environment Validation
2026-06-09 14:36:02 | STEP 0 COMPLETED - Environment Validation
2026-06-09 14:36:02 | STEP 1 STARTED - Monitoring Engine
2026-06-09 14:36:02 | MONITORING WORKFLOW STARTED
2026-06-09 14:36:02 | MONITORING WORKFLOW COMPLETED
2026-06-09 14:36:02 | STEP 1 COMPLETED - Monitoring Engine
2026-06-09 14:36:02 | STEP 2 STARTED - Collect Monitoring Results
2026-06-09 14:36:03 | STEP 2 COMPLETED - Collect Monitoring Results
2026-06-09 14:36:03 | STEP 3 STARTED - AI Analysis
2026-06-09 14:36:07 | STEP 3 COMPLETED - AI Analysis
2026-06-09 14:36:07 | STEP 4 STARTED - Report Generation
2026-06-09 14:36:07 | STEP 4 COMPLETED - Report Generation
2026-06-09 14:36:07 | REPORT FILE CREATED: reports/incident_report_20260609_143607.txt
2026-06-09 14:36:07 | STEP 5 STARTED - Notifications
2026-06-09 14:36:07 | NOTIFICATION WORKFLOW STARTED
2026-06-09 14:36:07 | NOTIFICATION WORKFLOW COMPLETED
2026-06-09 14:36:07 | STEP 5 COMPLETED - Notifications
2026-06-09 14:36:07 | STEP 6 STARTED - Save Report
2026-06-09 14:36:07 | STEP 6 COMPLETED - Save Report
2026-06-09 14:36:07 | WORKFLOW COMPLETED
2026-06-09 14:36:07 | SCHEDULED WORKFLOW EXECUTION COMPLETED
2026-06-09 15:01:44 | SCHEDULED WORKFLOW EXECUTION STARTED
2026-06-09 15:01:44 | WORKFLOW STARTED
2026-06-09 15:01:44 | STEP 0 STARTED - Environment Validation
2026-06-09 15:01:44 | STEP 0 COMPLETED - Environment Validation
2026-06-09 15:01:44 | STEP 1 STARTED - Monitoring Engine
2026-06-09 15:01:44 | MONITORING WORKFLOW STARTED
2026-06-09 15:01:44 | MONITORING WORKFLOW COMPLETED
2026-06-09 15:01:44 | STEP 1 COMPLETED - Monitoring Engine
2026-06-09 15:01:44 | STEP 2 STARTED - Collect Monitoring Results
2026-06-09 15:01:44 | STEP 2 COMPLETED - Collect Monitoring Results
2026-06-09 15:01:44 | STEP 3 STARTED - AI Analysis
2026-06-09 15:01:49 | STEP 3 COMPLETED - AI Analysis
2026-06-09 15:01:49 | STEP 4 STARTED - Report Generation
2026-06-09 15:01:49 | STEP 4 COMPLETED - Report Generation
2026-06-09 15:01:49 | REPORT FILE CREATED: reports/incident_report_20260609_150149.txt
2026-06-09 15:01:49 | STEP 5 STARTED - Notifications
2026-06-09 15:01:49 | NOTIFICATION WORKFLOW STARTED
2026-06-09 15:01:49 | NOTIFICATION WORKFLOW COMPLETED
2026-06-09 15:01:49 | STEP 5 COMPLETED - Notifications
2026-06-09 15:01:49 | STEP 6 STARTED - Save Report
2026-06-09 15:01:49 | STEP 6 COMPLETED - Save Report
2026-06-09 15:01:49 | WORKFLOW COMPLETED
2026-06-09 15:01:49 | SCHEDULED WORKFLOW EXECUTION COMPLETED
2026-06-09 15:06:49 | SCHEDULED WORKFLOW EXECUTION STARTED
2026-06-09 15:06:49 | WORKFLOW STARTED
2026-06-09 15:06:49 | STEP 0 STARTED - Environment Validation
2026-06-09 15:06:49 | STEP 0 COMPLETED - Environment Validation
2026-06-09 15:06:49 | STEP 1 STARTED - Monitoring Engine
2026-06-09 15:06:49 | MONITORING WORKFLOW STARTED
2026-06-09 15:06:49 | MONITORING WORKFLOW COMPLETED
2026-06-09 15:06:49 | STEP 1 COMPLETED - Monitoring Engine
2026-06-09 15:06:49 | STEP 2 STARTED - Collect Monitoring Results
2026-06-09 15:06:49 | STEP 2 COMPLETED - Collect Monitoring Results
2026-06-09 15:06:49 | STEP 3 STARTED - AI Analysis
2026-06-09 15:06:55 | STEP 3 COMPLETED - AI Analysis
2026-06-09 15:06:55 | STEP 4 STARTED - Report Generation
2026-06-09 15:06:55 | STEP 4 COMPLETED - Report Generation
2026-06-09 15:06:55 | REPORT FILE CREATED: reports/incident_report_20260609_150655.txt
2026-06-09 15:06:55 | STEP 5 STARTED - Notifications
2026-06-09 15:06:55 | NOTIFICATION WORKFLOW STARTED
2026-06-09 15:06:55 | NOTIFICATION WORKFLOW COMPLETED
2026-06-09 15:06:55 | STEP 5 COMPLETED - Notifications
2026-06-09 15:06:55 | STEP 6 STARTED - Save Report
2026-06-09 15:06:55 | STEP 6 COMPLETED - Save Report
2026-06-09 15:06:55 | WORKFLOW COMPLETED
2026-06-09 15:06:55 | SCHEDULED WORKFLOW EXECUTION COMPLETED
2026-06-09 15:11:55 | SCHEDULED WORKFLOW EXECUTION STARTED
2026-06-09 15:11:55 | WORKFLOW STARTED
2026-06-09 15:11:55 | STEP 0 STARTED - Environment Validation
2026-06-09 15:11:55 | STEP 0 COMPLETED - Environment Validation
2026-06-09 15:11:55 | STEP 1 STARTED - Monitoring Engine
2026-06-09 15:11:55 | MONITORING WORKFLOW STARTED
2026-06-09 15:11:55 | MONITORING WORKFLOW COMPLETED
2026-06-09 15:11:55 | STEP 1 COMPLETED - Monitoring Engine
2026-06-09 15:11:55 | STEP 2 STARTED - Collect Monitoring Results
2026-06-09 15:11:55 | STEP 2 COMPLETED - Collect Monitoring Results
2026-06-09 15:11:55 | STEP 3 STARTED - AI Analysis
2026-06-09 15:12:00 | STEP 3 COMPLETED - AI Analysis
2026-06-09 15:12:00 | STEP 4 STARTED - Report Generation
2026-06-09 15:12:00 | STEP 4 COMPLETED - Report Generation
2026-06-09 15:12:00 | REPORT FILE CREATED: reports/incident_report_20260609_151200.txt
2026-06-09 15:12:00 | STEP 5 STARTED - Notifications
2026-06-09 15:12:00 | NOTIFICATION WORKFLOW STARTED
2026-06-09 15:12:00 | NOTIFICATION WORKFLOW COMPLETED
2026-06-09 15:12:00 | STEP 5 COMPLETED - Notifications
2026-06-09 15:12:00 | STEP 6 STARTED - Save Report
2026-06-09 15:12:00 | STEP 6 COMPLETED - Save Report
2026-06-09 15:12:00 | WORKFLOW COMPLETED
2026-06-09 15:12:00 | SCHEDULED WORKFLOW EXECUTION COMPLETED
2026-06-09 15:17:00 | SCHEDULED WORKFLOW EXECUTION STARTED
2026-06-09 15:17:00 | WORKFLOW STARTED
2026-06-09 15:17:00 | STEP 0 STARTED - Environment Validation
2026-06-09 15:17:00 | STEP 0 COMPLETED - Environment Validation
2026-06-09 15:17:00 | STEP 1 STARTED - Monitoring Engine
2026-06-09 15:17:00 | MONITORING WORKFLOW STARTED
2026-06-09 15:17:00 | MONITORING WORKFLOW COMPLETED
2026-06-09 15:17:00 | STEP 1 COMPLETED - Monitoring Engine
2026-06-09 15:17:00 | STEP 2 STARTED - Collect Monitoring Results
2026-06-09 15:17:00 | STEP 2 COMPLETED - Collect Monitoring Results
2026-06-09 15:17:00 | STEP 3 STARTED - AI Analysis
2026-06-09 15:17:05 | STEP 3 COMPLETED - AI Analysis
2026-06-09 15:17:05 | STEP 4 STARTED - Report Generation
2026-06-09 15:17:05 | STEP 4 COMPLETED - Report Generation
2026-06-09 15:17:05 | REPORT FILE CREATED: reports/incident_report_20260609_151705.txt
2026-06-09 15:17:05 | STEP 5 STARTED - Notifications
2026-06-09 15:17:05 | NOTIFICATION WORKFLOW STARTED
2026-06-09 15:17:05 | NOTIFICATION WORKFLOW COMPLETED
2026-06-09 15:17:05 | STEP 5 COMPLETED - Notifications
2026-06-09 15:17:05 | STEP 6 STARTED - Save Report
2026-06-09 15:17:05 | STEP 6 COMPLETED - Save Report
2026-06-09 15:17:05 | WORKFLOW COMPLETED
2026-06-09 15:17:05 | SCHEDULED WORKFLOW EXECUTION COMPLETED
2026-06-09 15:22:05 | SCHEDULED WORKFLOW EXECUTION STARTED
2026-06-09 15:22:05 | WORKFLOW STARTED
2026-06-09 15:22:05 | STEP 0 STARTED - Environment Validation
2026-06-09 15:22:05 | STEP 0 COMPLETED - Environment Validation
2026-06-09 15:22:05 | STEP 1 STARTED - Monitoring Engine
2026-06-09 15:22:05 | MONITORING WORKFLOW STARTED
2026-06-09 15:22:05 | MONITORING WORKFLOW COMPLETED
2026-06-09 15:22:05 | STEP 1 COMPLETED - Monitoring Engine
2026-06-09 15:22:05 | STEP 2 STARTED - Collect Monitoring Results
2026-06-09 15:22:05 | STEP 2 COMPLETED - Collect Monitoring Results
2026-06-09 15:22:05 | STEP 3 STARTED - AI Analysis
2026-06-09 15:22:07 | STEP 3 COMPLETED - AI Analysis
2026-06-09 15:22:07 | STEP 4 STARTED - Report Generation
2026-06-09 15:22:07 | STEP 4 COMPLETED - Report Generation
2026-06-09 15:22:07 | REPORT FILE CREATED: reports/incident_report_20260609_152207.txt
2026-06-09 15:22:07 | STEP 5 STARTED - Notifications
2026-06-09 15:22:07 | NOTIFICATION WORKFLOW STARTED
2026-06-09 15:22:07 | NOTIFICATION WORKFLOW COMPLETED
2026-06-09 15:22:07 | STEP 5 COMPLETED - Notifications
2026-06-09 15:22:07 | STEP 6 STARTED - Save Report
2026-06-09 15:22:07 | STEP 6 COMPLETED - Save Report
2026-06-09 15:22:07 | WORKFLOW COMPLETED
2026-06-09 15:22:07 | SCHEDULED WORKFLOW EXECUTION COMPLETED
2026-06-09 15:27:07 | SCHEDULED WORKFLOW EXECUTION STARTED
2026-06-09 15:27:07 | WORKFLOW STARTED
2026-06-09 15:27:07 | STEP 0 STARTED - Environment Validation
2026-06-09 15:27:07 | STEP 0 COMPLETED - Environment Validation
2026-06-09 15:27:07 | STEP 1 STARTED - Monitoring Engine
2026-06-09 15:27:07 | MONITORING WORKFLOW STARTED
2026-06-09 15:27:07 | MONITORING WORKFLOW COMPLETED
2026-06-09 15:27:07 | STEP 1 COMPLETED - Monitoring Engine
2026-06-09 15:27:07 | STEP 2 STARTED - Collect Monitoring Results
2026-06-09 15:27:07 | STEP 2 COMPLETED - Collect Monitoring Results
2026-06-09 15:27:07 | STEP 3 STARTED - AI Analysis
2026-06-09 15:27:11 | STEP 3 COMPLETED - AI Analysis
2026-06-09 15:27:11 | STEP 4 STARTED - Report Generation
2026-06-09 15:27:11 | STEP 4 COMPLETED - Report Generation
2026-06-09 15:27:11 | REPORT FILE CREATED: reports/incident_report_20260609_152711.txt
2026-06-09 15:27:11 | STEP 5 STARTED - Notifications
2026-06-09 15:27:11 | NOTIFICATION WORKFLOW STARTED
2026-06-09 15:27:11 | NOTIFICATION WORKFLOW COMPLETED
2026-06-09 15:27:11 | STEP 5 COMPLETED - Notifications
2026-06-09 15:27:11 | STEP 6 STARTED - Save Report
2026-06-09 15:27:11 | STEP 6 COMPLETED - Save Report
2026-06-09 15:27:11 | WORKFLOW COMPLETED
2026-06-09 15:27:11 | SCHEDULED WORKFLOW EXECUTION COMPLETED
2026-06-09 15:32:11 | SCHEDULED WORKFLOW EXECUTION STARTED
2026-06-09 15:32:11 | WORKFLOW STARTED
2026-06-09 15:32:11 | STEP 0 STARTED - Environment Validation
2026-06-09 15:32:11 | STEP 0 COMPLETED - Environment Validation
2026-06-09 15:32:11 | STEP 1 STARTED - Monitoring Engine
2026-06-09 15:32:11 | MONITORING WORKFLOW STARTED
2026-06-09 15:32:11 | MONITORING WORKFLOW COMPLETED
2026-06-09 15:32:11 | STEP 1 COMPLETED - Monitoring Engine
2026-06-09 15:32:11 | STEP 2 STARTED - Collect Monitoring Results
2026-06-09 15:32:11 | STEP 2 COMPLETED - Collect Monitoring Results
2026-06-09 15:32:11 | STEP 3 STARTED - AI Analysis
2026-06-09 15:32:17 | STEP 3 COMPLETED - AI Analysis
2026-06-09 15:32:17 | STEP 4 STARTED - Report Generation
2026-06-09 15:32:17 | STEP 4 COMPLETED - Report Generation
2026-06-09 15:32:17 | REPORT FILE CREATED: reports/incident_report_20260609_153217.txt
2026-06-09 15:32:17 | STEP 5 STARTED - Notifications
2026-06-09 15:32:17 | NOTIFICATION WORKFLOW STARTED
2026-06-09 15:32:17 | NOTIFICATION WORKFLOW COMPLETED
2026-06-09 15:32:17 | STEP 5 COMPLETED - Notifications
2026-06-09 15:32:17 | STEP 6 STARTED - Save Report
2026-06-09 15:32:17 | STEP 6 COMPLETED - Save Report
2026-06-09 15:32:17 | WORKFLOW COMPLETED
2026-06-09 15:32:17 | SCHEDULED WORKFLOW EXECUTION COMPLETED
2026-06-09 15:37:17 | SCHEDULED WORKFLOW EXECUTION STARTED
2026-06-09 15:37:17 | WORKFLOW STARTED
2026-06-09 15:37:17 | STEP 0 STARTED - Environment Validation
2026-06-09 15:37:17 | STEP 0 COMPLETED - Environment Validation
2026-06-09 15:37:17 | STEP 1 STARTED - Monitoring Engine
2026-06-09 15:37:17 | MONITORING WORKFLOW STARTED
2026-06-09 15:37:17 | MONITORING WORKFLOW COMPLETED
2026-06-09 15:37:17 | STEP 1 COMPLETED - Monitoring Engine
2026-06-09 15:37:17 | STEP 2 STARTED - Collect Monitoring Results
2026-06-09 15:37:17 | STEP 2 COMPLETED - Collect Monitoring Results
2026-06-09 15:37:17 | STEP 3 STARTED - AI Analysis
2026-06-09 15:37:22 | STEP 3 COMPLETED - AI Analysis
2026-06-09 15:37:22 | STEP 4 STARTED - Report Generation
2026-06-09 15:37:22 | STEP 4 COMPLETED - Report Generation
2026-06-09 15:37:22 | REPORT FILE CREATED: reports/incident_report_20260609_153722.txt
2026-06-09 15:37:22 | STEP 5 STARTED - Notifications
2026-06-09 15:37:22 | NOTIFICATION WORKFLOW STARTED
2026-06-09 15:37:22 | NOTIFICATION WORKFLOW COMPLETED
2026-06-09 15:37:22 | STEP 5 COMPLETED - Notifications
2026-06-09 15:37:22 | STEP 6 STARTED - Save Report
2026-06-09 15:37:22 | STEP 6 COMPLETED - Save Report
2026-06-09 15:37:22 | WORKFLOW COMPLETED
2026-06-09 15:37:22 | SCHEDULED WORKFLOW EXECUTION COMPLETED
2026-06-09 15:42:22 | SCHEDULED WORKFLOW EXECUTION STARTED
2026-06-09 15:42:22 | WORKFLOW STARTED
2026-06-09 15:42:22 | STEP 0 STARTED - Environment Validation
2026-06-09 15:42:22 | STEP 0 COMPLETED - Environment Validation
2026-06-09 15:42:22 | STEP 1 STARTED - Monitoring Engine
2026-06-09 15:42:22 | MONITORING WORKFLOW STARTED
2026-06-09 15:42:22 | MONITORING WORKFLOW COMPLETED
2026-06-09 15:42:22 | STEP 1 COMPLETED - Monitoring Engine
2026-06-09 15:42:22 | STEP 2 STARTED - Collect Monitoring Results
2026-06-09 15:42:22 | STEP 2 COMPLETED - Collect Monitoring Results
2026-06-09 15:42:22 | STEP 3 STARTED - AI Analysis
2026-06-09 15:42:29 | STEP 3 COMPLETED - AI Analysis
2026-06-09 15:42:29 | STEP 4 STARTED - Report Generation
2026-06-09 15:42:29 | STEP 4 COMPLETED - Report Generation
2026-06-09 15:42:29 | REPORT FILE CREATED: reports/incident_report_20260609_154229.txt
2026-06-09 15:42:29 | STEP 5 STARTED - Notifications
2026-06-09 15:42:29 | NOTIFICATION WORKFLOW STARTED
2026-06-09 15:42:29 | NOTIFICATION WORKFLOW COMPLETED
2026-06-09 15:42:29 | STEP 5 COMPLETED - Notifications
2026-06-09 15:42:29 | STEP 6 STARTED - Save Report
2026-06-09 15:42:29 | STEP 6 COMPLETED - Save Report
2026-06-09 15:42:29 | WORKFLOW COMPLETED
2026-06-09 15:42:29 | SCHEDULED WORKFLOW EXECUTION COMPLETED
2026-06-09 15:47:29 | SCHEDULED WORKFLOW EXECUTION STARTED
2026-06-09 15:47:29 | WORKFLOW STARTED
2026-06-09 15:47:29 | STEP 0 STARTED - Environment Validation
2026-06-09 15:47:29 | STEP 0 COMPLETED - Environment Validation
2026-06-09 15:47:29 | STEP 1 STARTED - Monitoring Engine
2026-06-09 15:47:29 | MONITORING WORKFLOW STARTED
2026-06-09 15:47:29 | MONITORING WORKFLOW COMPLETED
2026-06-09 15:47:29 | STEP 1 COMPLETED - Monitoring Engine
2026-06-09 15:47:29 | STEP 2 STARTED - Collect Monitoring Results
2026-06-09 15:47:29 | STEP 2 COMPLETED - Collect Monitoring Results
2026-06-09 15:47:29 | STEP 3 STARTED - AI Analysis
2026-06-09 15:47:36 | STEP 3 COMPLETED - AI Analysis
2026-06-09 15:47:36 | STEP 4 STARTED - Report Generation
2026-06-09 15:47:36 | STEP 4 COMPLETED - Report Generation
2026-06-09 15:47:36 | REPORT FILE CREATED: reports/incident_report_20260609_154736.txt
2026-06-09 15:47:36 | STEP 5 STARTED - Notifications
2026-06-09 15:47:36 | NOTIFICATION WORKFLOW STARTED
2026-06-09 15:47:36 | NOTIFICATION WORKFLOW COMPLETED
2026-06-09 15:47:36 | STEP 5 COMPLETED - Notifications
2026-06-09 15:47:36 | STEP 6 STARTED - Save Report
2026-06-09 15:47:36 | STEP 6 COMPLETED - Save Report
2026-06-09 15:47:36 | WORKFLOW COMPLETED
2026-06-09 15:47:36 | SCHEDULED WORKFLOW EXECUTION COMPLETED
2026-06-09 15:52:36 | SCHEDULED WORKFLOW EXECUTION STARTED
2026-06-09 15:52:36 | WORKFLOW STARTED
2026-06-09 15:52:36 | STEP 0 STARTED - Environment Validation
2026-06-09 15:52:36 | STEP 0 COMPLETED - Environment Validation
2026-06-09 15:52:36 | STEP 1 STARTED - Monitoring Engine
2026-06-09 15:52:36 | MONITORING WORKFLOW STARTED
2026-06-09 15:52:36 | MONITORING WORKFLOW COMPLETED
2026-06-09 15:52:36 | STEP 1 COMPLETED - Monitoring Engine
2026-06-09 15:52:36 | STEP 2 STARTED - Collect Monitoring Results
2026-06-09 15:52:36 | STEP 2 COMPLETED - Collect Monitoring Results
2026-06-09 15:52:36 | STEP 3 STARTED - AI Analysis
2026-06-09 15:52:41 | STEP 3 COMPLETED - AI Analysis
2026-06-09 15:52:41 | STEP 4 STARTED - Report Generation
2026-06-09 15:52:41 | STEP 4 COMPLETED - Report Generation
2026-06-09 15:52:41 | REPORT FILE CREATED: reports/incident_report_20260609_155241.txt
2026-06-09 15:52:41 | STEP 5 STARTED - Notifications
2026-06-09 15:52:41 | NOTIFICATION WORKFLOW STARTED
2026-06-09 15:52:41 | NOTIFICATION WORKFLOW COMPLETED
2026-06-09 15:52:42 | STEP 5 COMPLETED - Notifications
2026-06-09 15:52:42 | STEP 6 STARTED - Save Report
2026-06-09 15:52:42 | STEP 6 COMPLETED - Save Report
2026-06-09 15:52:42 | WORKFLOW COMPLETED
2026-06-09 15:52:42 | SCHEDULED WORKFLOW EXECUTION COMPLETED
2026-06-09 15:57:42 | SCHEDULED WORKFLOW EXECUTION STARTED
2026-06-09 15:57:42 | WORKFLOW STARTED
2026-06-09 15:57:42 | STEP 0 STARTED - Environment Validation
2026-06-09 15:57:42 | STEP 0 COMPLETED - Environment Validation
2026-06-09 15:57:42 | STEP 1 STARTED - Monitoring Engine
2026-06-09 15:57:42 | MONITORING WORKFLOW STARTED
2026-06-09 15:57:42 | MONITORING WORKFLOW COMPLETED
2026-06-09 15:57:42 | STEP 1 COMPLETED - Monitoring Engine
2026-06-09 15:57:42 | STEP 2 STARTED - Collect Monitoring Results
2026-06-09 15:57:42 | STEP 2 COMPLETED - Collect Monitoring Results
2026-06-09 15:57:42 | STEP 3 STARTED - AI Analysis
2026-06-09 15:57:49 | STEP 3 COMPLETED - AI Analysis
2026-06-09 15:57:49 | STEP 4 STARTED - Report Generation
2026-06-09 15:57:49 | STEP 4 COMPLETED - Report Generation
2026-06-09 15:57:49 | REPORT FILE CREATED: reports/incident_report_20260609_155749.txt
2026-06-09 15:57:49 | STEP 5 STARTED - Notifications
2026-06-09 15:57:49 | NOTIFICATION WORKFLOW STARTED
2026-06-09 15:57:49 | NOTIFICATION WORKFLOW COMPLETED
2026-06-09 15:57:49 | STEP 5 COMPLETED - Notifications
2026-06-09 15:57:49 | STEP 6 STARTED - Save Report
2026-06-09 15:57:49 | STEP 6 COMPLETED - Save Report
2026-06-09 15:57:49 | WORKFLOW COMPLETED
2026-06-09 15:57:49 | SCHEDULED WORKFLOW EXECUTION COMPLETED
2026-06-09 16:02:49 | SCHEDULED WORKFLOW EXECUTION STARTED
2026-06-09 16:02:49 | WORKFLOW STARTED
2026-06-09 16:02:49 | STEP 0 STARTED - Environment Validation
2026-06-09 16:02:49 | STEP 0 COMPLETED - Environment Validation
2026-06-09 16:02:49 | STEP 1 STARTED - Monitoring Engine
2026-06-09 16:02:49 | MONITORING WORKFLOW STARTED
2026-06-09 16:02:49 | MONITORING WORKFLOW COMPLETED
2026-06-09 16:02:49 | STEP 1 COMPLETED - Monitoring Engine
2026-06-09 16:02:49 | STEP 2 STARTED - Collect Monitoring Results
2026-06-09 16:02:49 | STEP 2 COMPLETED - Collect Monitoring Results
2026-06-09 16:02:49 | STEP 3 STARTED - AI Analysis
2026-06-09 16:02:55 | STEP 3 COMPLETED - AI Analysis
2026-06-09 16:02:55 | STEP 4 STARTED - Report Generation
2026-06-09 16:02:55 | STEP 4 COMPLETED - Report Generation
2026-06-09 16:02:55 | REPORT FILE CREATED: reports/incident_report_20260609_160255.txt
2026-06-09 16:02:55 | STEP 5 STARTED - Notifications
2026-06-09 16:02:55 | NOTIFICATION WORKFLOW STARTED
2026-06-09 16:02:55 | NOTIFICATION WORKFLOW COMPLETED
2026-06-09 16:02:55 | STEP 5 COMPLETED - Notifications
2026-06-09 16:02:55 | STEP 6 STARTED - Save Report
2026-06-09 16:02:55 | STEP 6 COMPLETED - Save Report
2026-06-09 16:02:55 | WORKFLOW COMPLETED
2026-06-09 16:02:55 | SCHEDULED WORKFLOW EXECUTION COMPLETED
2026-06-09 16:07:55 | SCHEDULED WORKFLOW EXECUTION STARTED
2026-06-09 16:07:55 | WORKFLOW STARTED
2026-06-09 16:07:55 | STEP 0 STARTED - Environment Validation
2026-06-09 16:07:55 | STEP 0 COMPLETED - Environment Validation
2026-06-09 16:07:55 | STEP 1 STARTED - Monitoring Engine
2026-06-09 16:07:55 | MONITORING WORKFLOW STARTED
2026-06-09 16:07:55 | MONITORING WORKFLOW COMPLETED
2026-06-09 16:07:55 | STEP 1 COMPLETED - Monitoring Engine
2026-06-09 16:07:55 | STEP 2 STARTED - Collect Monitoring Results
2026-06-09 16:07:55 | STEP 2 COMPLETED - Collect Monitoring Results
2026-06-09 16:07:55 | STEP 3 STARTED - AI Analysis
2026-06-09 16:08:01 | STEP 3 COMPLETED - AI Analysis
2026-06-09 16:08:01 | STEP 4 STARTED - Report Generation
2026-06-09 16:08:01 | STEP 4 COMPLETED - Report Generation
2026-06-09 16:08:01 | REPORT FILE CREATED: reports/incident_report_20260609_160801.txt
2026-06-09 16:08:01 | STEP 5 STARTED - Notifications
2026-06-09 16:08:01 | NOTIFICATION WORKFLOW STARTED
2026-06-09 16:08:01 | NOTIFICATION WORKFLOW COMPLETED
2026-06-09 16:08:01 | STEP 5 COMPLETED - Notifications
2026-06-09 16:08:01 | STEP 6 STARTED - Save Report
2026-06-09 16:08:01 | STEP 6 COMPLETED - Save Report
2026-06-09 16:08:01 | WORKFLOW COMPLETED
2026-06-09 16:08:01 | SCHEDULED WORKFLOW EXECUTION COMPLETED
2026-06-09 16:13:01 | SCHEDULED WORKFLOW EXECUTION STARTED
2026-06-09 16:13:01 | WORKFLOW STARTED
2026-06-09 16:13:01 | STEP 0 STARTED - Environment Validation
2026-06-09 16:13:01 | STEP 0 COMPLETED - Environment Validation
2026-06-09 16:13:01 | STEP 1 STARTED - Monitoring Engine
2026-06-09 16:13:01 | MONITORING WORKFLOW STARTED
2026-06-09 16:13:01 | MONITORING WORKFLOW COMPLETED
2026-06-09 16:13:01 | STEP 1 COMPLETED - Monitoring Engine
2026-06-09 16:13:01 | STEP 2 STARTED - Collect Monitoring Results
2026-06-09 16:13:01 | STEP 2 COMPLETED - Collect Monitoring Results
2026-06-09 16:13:01 | STEP 3 STARTED - AI Analysis
2026-06-09 16:13:08 | STEP 3 COMPLETED - AI Analysis
2026-06-09 16:13:08 | STEP 4 STARTED - Report Generation
2026-06-09 16:13:08 | STEP 4 COMPLETED - Report Generation
2026-06-09 16:13:08 | REPORT FILE CREATED: reports/incident_report_20260609_161308.txt
2026-06-09 16:13:08 | STEP 5 STARTED - Notifications
2026-06-09 16:13:08 | NOTIFICATION WORKFLOW STARTED
2026-06-09 16:13:08 | NOTIFICATION WORKFLOW COMPLETED
2026-06-09 16:13:08 | STEP 5 COMPLETED - Notifications
2026-06-09 16:13:08 | STEP 6 STARTED - Save Report
2026-06-09 16:13:08 | STEP 6 COMPLETED - Save Report
2026-06-09 16:13:08 | WORKFLOW COMPLETED
2026-06-09 16:13:08 | SCHEDULED WORKFLOW EXECUTION COMPLETED
2026-06-09 16:18:08 | SCHEDULED WORKFLOW EXECUTION STARTED
2026-06-09 16:18:08 | WORKFLOW STARTED
2026-06-09 16:18:08 | STEP 0 STARTED - Environment Validation
2026-06-09 16:18:08 | STEP 0 COMPLETED - Environment Validation
2026-06-09 16:18:08 | STEP 1 STARTED - Monitoring Engine
2026-06-09 16:18:08 | MONITORING WORKFLOW STARTED
2026-06-09 16:18:08 | MONITORING WORKFLOW COMPLETED
2026-06-09 16:18:08 | STEP 1 COMPLETED - Monitoring Engine
2026-06-09 16:18:08 | STEP 2 STARTED - Collect Monitoring Results
2026-06-09 16:18:08 | STEP 2 COMPLETED - Collect Monitoring Results
2026-06-09 16:18:08 | STEP 3 STARTED - AI Analysis
2026-06-09 16:18:14 | STEP 3 COMPLETED - AI Analysis
2026-06-09 16:18:14 | STEP 4 STARTED - Report Generation
2026-06-09 16:18:14 | STEP 4 COMPLETED - Report Generation
2026-06-09 16:18:14 | REPORT FILE CREATED: reports/incident_report_20260609_161814.txt
2026-06-09 16:18:14 | STEP 5 STARTED - Notifications
2026-06-09 16:18:14 | NOTIFICATION WORKFLOW STARTED
2026-06-09 16:18:14 | NOTIFICATION WORKFLOW COMPLETED
2026-06-09 16:18:14 | STEP 5 COMPLETED - Notifications
2026-06-09 16:18:14 | STEP 6 STARTED - Save Report
2026-06-09 16:18:14 | STEP 6 COMPLETED - Save Report
2026-06-09 16:18:14 | WORKFLOW COMPLETED
2026-06-09 16:18:14 | SCHEDULED WORKFLOW EXECUTION COMPLETED
2026-06-09 16:23:14 | SCHEDULED WORKFLOW EXECUTION STARTED
2026-06-09 16:23:14 | WORKFLOW STARTED
2026-06-09 16:23:14 | STEP 0 STARTED - Environment Validation
2026-06-09 16:23:14 | STEP 0 COMPLETED - Environment Validation
2026-06-09 16:23:14 | STEP 1 STARTED - Monitoring Engine
2026-06-09 16:23:14 | MONITORING WORKFLOW STARTED
2026-06-09 16:23:14 | MONITORING WORKFLOW COMPLETED
2026-06-09 16:23:14 | STEP 1 COMPLETED - Monitoring Engine
2026-06-09 16:23:14 | STEP 2 STARTED - Collect Monitoring Results
2026-06-09 16:23:14 | STEP 2 COMPLETED - Collect Monitoring Results
2026-06-09 16:23:14 | STEP 3 STARTED - AI Analysis
2026-06-09 16:23:25 | STEP 3 COMPLETED - AI Analysis
2026-06-09 16:23:25 | STEP 4 STARTED - Report Generation
2026-06-09 16:23:25 | STEP 4 COMPLETED - Report Generation
2026-06-09 16:23:25 | REPORT FILE CREATED: reports/incident_report_20260609_162325.txt
2026-06-09 16:23:25 | STEP 5 STARTED - Notifications
2026-06-09 16:23:25 | NOTIFICATION WORKFLOW STARTED
2026-06-09 16:23:25 | NOTIFICATION WORKFLOW COMPLETED
2026-06-09 16:23:25 | STEP 5 COMPLETED - Notifications
2026-06-09 16:23:25 | STEP 6 STARTED - Save Report
2026-06-09 16:23:25 | STEP 6 COMPLETED - Save Report
2026-06-09 16:23:25 | WORKFLOW COMPLETED
2026-06-09 16:23:25 | SCHEDULED WORKFLOW EXECUTION COMPLETED
2026-06-09 16:28:25 | SCHEDULED WORKFLOW EXECUTION STARTED
2026-06-09 16:28:25 | WORKFLOW STARTED
2026-06-09 16:28:25 | STEP 0 STARTED - Environment Validation
2026-06-09 16:28:25 | STEP 0 COMPLETED - Environment Validation
2026-06-09 16:28:25 | STEP 1 STARTED - Monitoring Engine
2026-06-09 16:28:25 | MONITORING WORKFLOW STARTED
2026-06-09 16:28:25 | MONITORING WORKFLOW COMPLETED
2026-06-09 16:28:25 | STEP 1 COMPLETED - Monitoring Engine
2026-06-09 16:28:25 | STEP 2 STARTED - Collect Monitoring Results
2026-06-09 16:28:25 | STEP 2 COMPLETED - Collect Monitoring Results
2026-06-09 16:28:25 | STEP 3 STARTED - AI Analysis
2026-06-09 16:28:37 | STEP 3 COMPLETED - AI Analysis
2026-06-09 16:28:37 | STEP 4 STARTED - Report Generation
2026-06-09 16:28:37 | STEP 4 COMPLETED - Report Generation
2026-06-09 16:28:37 | REPORT FILE CREATED: reports/incident_report_20260609_162837.txt
2026-06-09 16:28:37 | STEP 5 STARTED - Notifications
2026-06-09 16:28:37 | NOTIFICATION WORKFLOW STARTED
2026-06-09 16:28:37 | NOTIFICATION WORKFLOW COMPLETED
2026-06-09 16:28:37 | STEP 5 COMPLETED - Notifications
2026-06-09 16:28:37 | STEP 6 STARTED - Save Report
2026-06-09 16:28:37 | STEP 6 COMPLETED - Save Report
2026-06-09 16:28:37 | WORKFLOW COMPLETED
2026-06-09 16:28:37 | SCHEDULED WORKFLOW EXECUTION COMPLETED
2026-06-09 16:33:37 | SCHEDULED WORKFLOW EXECUTION STARTED
2026-06-09 16:33:37 | WORKFLOW STARTED
2026-06-09 16:33:37 | STEP 0 STARTED - Environment Validation
2026-06-09 16:33:37 | STEP 0 COMPLETED - Environment Validation
2026-06-09 16:33:37 | STEP 1 STARTED - Monitoring Engine
2026-06-09 16:33:37 | MONITORING WORKFLOW STARTED
2026-06-09 16:33:37 | MONITORING WORKFLOW COMPLETED
2026-06-09 16:33:37 | STEP 1 COMPLETED - Monitoring Engine
2026-06-09 16:33:37 | STEP 2 STARTED - Collect Monitoring Results
2026-06-09 16:33:37 | STEP 2 COMPLETED - Collect Monitoring Results
2026-06-09 16:33:37 | STEP 3 STARTED - AI Analysis
2026-06-09 16:33:44 | STEP 3 COMPLETED - AI Analysis
2026-06-09 16:33:44 | STEP 4 STARTED - Report Generation
2026-06-09 16:33:44 | STEP 4 COMPLETED - Report Generation
2026-06-09 16:33:44 | REPORT FILE CREATED: reports/incident_report_20260609_163344.txt
2026-06-09 16:33:44 | STEP 5 STARTED - Notifications
2026-06-09 16:33:44 | NOTIFICATION WORKFLOW STARTED
2026-06-09 16:33:44 | NOTIFICATION WORKFLOW COMPLETED
2026-06-09 16:33:44 | STEP 5 COMPLETED - Notifications
2026-06-09 16:33:44 | STEP 6 STARTED - Save Report
2026-06-09 16:33:44 | STEP 6 COMPLETED - Save Report
2026-06-09 16:33:44 | WORKFLOW COMPLETED
2026-06-09 16:33:44 | SCHEDULED WORKFLOW EXECUTION COMPLETED
2026-06-09 16:38:44 | SCHEDULED WORKFLOW EXECUTION STARTED
2026-06-09 16:38:44 | WORKFLOW STARTED
2026-06-09 16:38:44 | STEP 0 STARTED - Environment Validation
2026-06-09 16:38:44 | STEP 0 COMPLETED - Environment Validation
2026-06-09 16:38:44 | STEP 1 STARTED - Monitoring Engine
2026-06-09 16:38:44 | MONITORING WORKFLOW STARTED
2026-06-09 16:38:44 | MONITORING WORKFLOW COMPLETED
2026-06-09 16:38:44 | STEP 1 COMPLETED - Monitoring Engine
2026-06-09 16:38:44 | STEP 2 STARTED - Collect Monitoring Results
2026-06-09 16:38:44 | STEP 2 COMPLETED - Collect Monitoring Results
2026-06-09 16:38:44 | STEP 3 STARTED - AI Analysis
2026-06-09 16:38:58 | STEP 3 COMPLETED - AI Analysis
2026-06-09 16:38:58 | STEP 4 STARTED - Report Generation
2026-06-09 16:38:58 | STEP 4 COMPLETED - Report Generation
2026-06-09 16:38:58 | REPORT FILE CREATED: reports/incident_report_20260609_163858.txt
2026-06-09 16:38:58 | STEP 5 STARTED - Notifications
2026-06-09 16:38:58 | NOTIFICATION WORKFLOW STARTED
2026-06-09 16:38:58 | NOTIFICATION WORKFLOW COMPLETED
2026-06-09 16:38:58 | STEP 5 COMPLETED - Notifications
2026-06-09 16:38:58 | STEP 6 STARTED - Save Report
2026-06-09 16:38:58 | STEP 6 COMPLETED - Save Report
2026-06-09 16:38:58 | WORKFLOW COMPLETED
2026-06-09 16:38:58 | SCHEDULED WORKFLOW EXECUTION COMPLETED
2026-06-09 16:43:58 | SCHEDULED WORKFLOW EXECUTION STARTED
2026-06-09 16:43:58 | WORKFLOW STARTED
2026-06-09 16:43:58 | STEP 0 STARTED - Environment Validation
2026-06-09 16:43:58 | STEP 0 COMPLETED - Environment Validation
2026-06-09 16:43:58 | STEP 1 STARTED - Monitoring Engine
2026-06-09 16:43:58 | MONITORING WORKFLOW STARTED
2026-06-09 16:43:58 | MONITORING WORKFLOW COMPLETED
2026-06-09 16:43:58 | STEP 1 COMPLETED - Monitoring Engine
2026-06-09 16:43:58 | STEP 2 STARTED - Collect Monitoring Results
2026-06-09 16:43:58 | STEP 2 COMPLETED - Collect Monitoring Results
2026-06-09 16:43:58 | STEP 3 STARTED - AI Analysis
2026-06-09 16:44:08 | STEP 3 COMPLETED - AI Analysis
2026-06-09 16:44:08 | STEP 4 STARTED - Report Generation
2026-06-09 16:44:08 | STEP 4 COMPLETED - Report Generation
2026-06-09 16:44:08 | REPORT FILE CREATED: reports/incident_report_20260609_164408.txt
2026-06-09 16:44:08 | STEP 5 STARTED - Notifications
2026-06-09 16:44:08 | NOTIFICATION WORKFLOW STARTED
2026-06-09 16:44:08 | NOTIFICATION WORKFLOW COMPLETED
2026-06-09 16:44:08 | STEP 5 COMPLETED - Notifications
2026-06-09 16:44:08 | STEP 6 STARTED - Save Report
2026-06-09 16:44:08 | STEP 6 COMPLETED - Save Report
2026-06-09 16:44:08 | WORKFLOW COMPLETED
2026-06-09 16:44:08 | SCHEDULED WORKFLOW EXECUTION COMPLETED
2026-06-09 16:49:08 | SCHEDULED WORKFLOW EXECUTION STARTED
2026-06-09 16:49:08 | WORKFLOW STARTED
2026-06-09 16:49:08 | STEP 0 STARTED - Environment Validation
2026-06-09 16:49:08 | STEP 0 COMPLETED - Environment Validation
2026-06-09 16:49:08 | STEP 1 STARTED - Monitoring Engine
2026-06-09 16:49:08 | MONITORING WORKFLOW STARTED
2026-06-09 16:49:08 | MONITORING WORKFLOW COMPLETED
2026-06-09 16:49:08 | STEP 1 COMPLETED - Monitoring Engine
2026-06-09 16:49:08 | STEP 2 STARTED - Collect Monitoring Results
2026-06-09 16:49:08 | STEP 2 COMPLETED - Collect Monitoring Results
2026-06-09 16:49:08 | STEP 3 STARTED - AI Analysis
2026-06-09 16:49:17 | STEP 3 COMPLETED - AI Analysis
2026-06-09 16:49:17 | STEP 4 STARTED - Report Generation
2026-06-09 16:49:17 | STEP 4 COMPLETED - Report Generation
2026-06-09 16:49:17 | REPORT FILE CREATED: reports/incident_report_20260609_164917.txt
2026-06-09 16:49:17 | STEP 5 STARTED - Notifications
2026-06-09 16:49:17 | NOTIFICATION WORKFLOW STARTED
2026-06-09 16:49:17 | NOTIFICATION WORKFLOW COMPLETED
2026-06-09 16:49:17 | STEP 5 COMPLETED - Notifications
2026-06-09 16:49:17 | STEP 6 STARTED - Save Report
2026-06-09 16:49:17 | STEP 6 COMPLETED - Save Report
2026-06-09 16:49:17 | WORKFLOW COMPLETED
2026-06-09 16:49:17 | SCHEDULED WORKFLOW EXECUTION COMPLETED
